study_hours,attendance,sleep_hours,previous_score,assignment_score,internet_usage,parent_education,stress_level,part_time_job,health_score,lulus
6.993428306022466,75.76240317977297,5.982257904269167,83.53290936552304,85.44343231280297,5.341747057493964,4,4.526274266361503,0,76.83722218777369,1
5.72347139765763,75.46585891616147,6.541750805419521,78.29079795088505,77.17406431130246,5.024510861263083,2,7.9372940290781075,0,61.07932769868407,0
7.295377076201385,62.04356827369985,6.103928408432286,87.11983416688274,74.4070639991534,4.137689867165271,4,3.1894299558466983,1,77.16084895981396,0
9.046059712816051,76.69909808298563,7.16562707041918,100.0,100.0,4.994946678304426,4,1.0,1,43.6478523181446,1
5.531693250553328,87.32829081821745,8.79576779719287,70.18629316789921,58.289332747553786,5.9816832509858875,3,8.000513982025053,0,50.71914280895406,0
5.531726086101639,67.25767880923205,5.843436764288193,69.1951605153816,66.64851325900653,4.747675742042321,4,4.049290473351497,1,77.12968771765188,0
9.158425631014783,90.48482651050593,8.50123074665262,100.0,74.95967565711062,5.839535260460548,4,4.968523235662625,0,60.5499864150529,1
7.534869458305818,84.87774821084338,5.827491891479669,83.0478998727161,100.0,3.3266624431539054,3,6.576559938262155,0,65.15323591080745,1
5.061051228130096,72.65766678028962,5.728559181254674,62.67490260487982,68.05081242932762,3.7922126977085906,4,6.046345529978298,0,97.54427762241036,0
7.085120087171929,78.58470362662153,8.22789192751482,80.57430101486094,100.0,3.5313589934520495,4,6.501024839223738,0,72.06357203753282,1
5.0731646143750755,95.98321807641034,8.382904567011424,72.06529571943537,78.4684869514454,3.8697372564151875,3,6.800857979090848,0,83.52274771422451,1
5.068540492859486,87.33547813505866,8.277114905143982,90.89232974155509,74.89222509066715,7.574362093412182,2,1.507770734821091,0,58.61091775593262,1
6.483924543132068,80.08783654898147,5.026303887672788,91.66788483942771,73.04127031598242,6.452077586220721,3,2.1713045197199614,1,49.88194460646512,1
2.173439510684404,77.62316683039016,6.301073532891924,72.34240371974444,42.57713670723223,2.846153762631309,4,7.342339325257682,0,68.78897018437185,0
2.5501643349739345,80.7660907045166,8.234482888004981,70.95055809833754,60.53070174881306,5.87499659281691,1,3.436521713816626,1,47.6429589499802,0
4.875424941518054,74.88236442057696,7.062312760845842,83.83956142374342,68.5374095563785,4.21883537470286,2,3.6547083100728814,1,59.52115595137488,0
3.9743377593311524,58.95250494280985,5.389460730703804,62.99086753085258,50.4533234011339,3.635230829056869,3,2.474314955671364,0,73.56631327747097,0
6.628494665190548,100.0,7.687476908688162,81.1564517724179,64.6023838260601,2.028521068554986,2,4.190104221305036,0,68.33108654407374,1
4.183951848957578,81.55324999199401,5.927789111512794,61.0206061145524,55.51667380230963,6.943837387640489,2,4.301367872631058,1,75.01779078242683,0
3.175392597329417,83.98147265122537,9.691787272588318,63.77208268127675,77.26202783663881,2.272273700665723,1,3.125078624629685,1,79.00477594003122,0
8.931297537843108,79.42092250123092,9.317262193627387,100.0,100.0,4.896073643980251,1,2.893834510248511,0,52.06412926290841,1
5.548447399026928,72.64883199275413,7.906146139533351,79.0880698432571,75.34057586725066,3.1073775085502624,1,5.637326184351412,1,55.8709859285435,0
6.1350564093758475,78.1407551905123,9.04151005715466,93.7900902364822,78.29976641866796,6.5516878941398495,4,3.3846614662231413,1,37.32123706956717,1
3.1505036275730864,64.00605237805689,7.097187025185072,54.33836021559324,55.53981804714331,4.331296347372099,3,3.787375486043477,0,64.4421503853568,0
4.911234550949635,100.0,8.148156241562523,79.55855626173057,60.12255382260278,4.7310746889593105,4,1.0,0,81.05133936425847,1
6.2218451794197325,67.65488001577604,9.216580442953113,68.62619787840548,91.08286165259084,4.798531474139934,3,8.87640048506205,1,92.3691529540973,0
3.6980128451553944,69.6803371615282,7.3682480226914695,69.4318289175134,80.92384100990373,5.605140669871567,4,6.883648058949401,1,72.85722803624756,0
6.751396036691344,75.597407956136,6.6172192427285745,91.16031440902151,71.57418536175521,5.026009527966619,4,4.010387893346116,0,90.59843295314036,1
4.7987226201623905,92.88075724852378,4.443067062734326,71.84858743256976,67.96395193672834,4.913453622077768,1,3.2018381286845594,0,75.75740535663977,1
5.416612500413446,80.14508999262654,6.875299711417759,82.5943285429368,68.001011995379,3.963196049490444,4,5.02177759446625,0,71.61174130751527,1
4.796586775541206,67.63864203969538,8.235134776843466,64.38561052937669,64.57712990459747,1.8505412533158139,1,4.966932820804692,1,60.83063685122228,0
9.704556369017876,92.54338360757339,8.418450141351444,81.88588206312555,100.0,2.762898080916289,3,2.4480668609707057,1,34.22259935476199,1
5.973005550524132,87.31000626785482,7.756547598577614,85.43532397749868,62.71841784948357,6.436959477361291,1,1.0,0,88.34784230829393,1
3.8845781420881993,85.38434957216452,6.18805135755664,86.86299305119833,67.97216576189226,4.388361073347404,2,3.947848184966662,1,69.20162537437601,1
7.645089824206378,87.1573424117084,4.034767646578614,78.26499971933296,93.15292001829692,3.6719804445550404,2,1.8732509382009734,1,90.82444787200774,1
3.5583127000579555,100.0,6.257177352992898,80.01350530135772,59.92836446432955,2.18854371116391,4,5.3427598934470835,1,55.75550321716488,1
6.4177271900095105,100.0,6.543482693419072,82.52287003821166,87.43704140992479,1.5607057198192957,2,5.356163133321349,0,100.0,1
2.080659752240449,73.13284656996704,6.530606549214979,47.046383544271485,53.96047691881719,3.593586239743603,3,3.053574603316183,1,66.2681911800058,0
3.343627902203139,96.23884992811152,7.927834535466887,55.40308649749407,72.23306662477995,6.7761057080905145,4,3.930831464689094,0,59.61716509385744,0
6.393722471738247,83.83168189758901,9.97851461652226,82.12646009229773,63.14028178117094,3.885859612755363,1,8.526083383956166,1,66.78216930431522,0
7.476933159990821,84.99095816137749,7.18529380276164,83.34004292071307,81.37384634987623,5.800971050482895,4,6.550257052541925,0,72.55684633723382,1
6.342736562379941,63.07729168356671,6.674902316265308,68.58455304431732,77.33828794576931,3.7938803412040842,4,4.095494458582192,0,68.95146990885961,0
5.768703435223519,78.29614234611805,6.611167280493861,61.90312436386355,47.89014676662762,6.277733392057698,2,9.583918653871958,0,62.27004386310544,0
5.3977926088214225,71.87176409663435,7.186577150361571,68.52176976484205,61.527228317143184,4.2964983963826615,4,2.6061251760567106,1,42.94836165801077,0
3.0429560192651453,88.28058814893309,5.757559359477401,67.1528701796369,50.12174357200301,2.5362315088990073,3,3.3746105503668904,0,57.9350863131424,0
4.5603115832105825,90.71080500402805,7.180297838119083,72.73755039002154,76.84392944749699,4.462093864201113,4,4.778971658584146,1,86.11653504213805,1
5.078722458080425,59.255136489836886,7.6762185044977,70.38123271540135,63.403901285336545,8.668000836560815,1,1.937985869247369,1,56.80415949290692,0
8.11424445243783,79.7796513599573,7.314529095361732,92.59009420510398,80.5046768415672,8.57976863110171,1,8.580618329255692,1,44.245770443537694,1
6.687236579136923,91.21861504794252,7.686312901007172,93.83645009431149,88.29827728138346,5.97306660555873,2,5.366304077418561,1,54.16750378347544,1
2.473919689274532,78.13321037686555,7.650621414022803,66.31086355071413,38.66441167774665,4.725882369172595,4,3.420102286200411,1,68.67030568241296,0
6.64816793878959,87.29063645002364,4.342154976630335,82.02775298005214,59.17656695830182,5.607803604190167,1,5.895573902809523,0,58.6116824915238,0
5.229835439167367,83.51165467627084,7.955305237593105,85.42989726244372,67.76308963431075,5.6337046774665795,4,5.292111696595782,0,65.80244381936205,1
4.646155999388083,83.41660231952626,5.993477731506319,63.63227697477746,53.39986831554495,4.920226495265797,4,4.390697831748307,1,58.02320193031294,0
7.2233525776817356,77.28685021931703,5.356241255494063,83.86756749285516,69.24332251949392,5.881888039845234,1,2.5829696663570396,0,85.14615844593216,1
8.061999044991902,67.8341919586429,5.343322258217506,88.29911586895582,94.10633218683122,5.416453724307127,4,2.127576148941786,1,77.36274266197876,1
7.862560238232398,68.78469852574972,7.650312415708794,76.94326860673354,95.93509980852018,4.368055229271373,2,9.373601994886453,0,100.0,1
4.321564953554723,87.09352514455317,6.66613760916272,67.40908314493004,73.81803187984958,2.609486401232714,2,2.2945302297800056,1,64.27418055095274,0
5.381575248297571,80.19458255518883,4.477046824021884,56.158279432534826,83.37721809285775,4.079881515559668,1,8.395931038702752,0,65.72681237141103,0
6.662526862807128,78.61487755392776,7.717056722788425,100.0,92.38650437699079,6.599037698147193,3,3.3104817047680886,1,87.75253035312925,1
7.951090254244718,75.76109957677647,4.840587803801759,80.38131338686046,66.420639437199,4.937075551009271,3,6.580065135080645,1,75.8651257779438,0
5.04165152430942,76.94811154519249,7.209732037777316,91.0693989357602,74.75402874515119,5.60057378317501,4,5.930866180161559,0,55.87739979696351,1
5.628682046672366,90.46911794488139,7.357748388509581,78.52425529055675,68.4760102843386,4.433968944591175,2,6.330837400592833,1,78.34631978235431,1
3.7873300519879436,76.64755918131974,8.328365622542567,74.5852915814993,55.2497378520233,2.8808049899787505,1,6.464028544480381,0,75.94793345969529,0
3.6075867518386584,66.58935286698431,9.672527179700278,63.14993577568398,67.24966683311901,4.522740570256354,2,1.7768687553249785,0,43.0930616781139,0
7.625051644788396,87.43651775540174,4.952985511149187,90.20455514355874,68.44735506977285,2.955088198501297,3,3.647308015051646,0,60.230339501306844,1
8.712480057141645,77.95123336135283,6.921289215905426,100.0,74.76379428412667,2.8274216527928973,3,2.2639040815645717,0,72.85480285089426,1
5.855979756839332,80.31395865532777,6.585497057433674,85.92542292813849,81.47160598185317,7.4112732177388185,4,5.378602121695194,1,91.6941956086607,1
8.007065795784047,96.0757830639951,7.650624528941443,97.7830628796638,92.92025494981326,4.159827990131567,1,2.3533113357515476,1,80.4699766644043,1
6.723272050095268,79.79439442649493,7.323503156400428,79.93303315008458,81.70695885928671,3.5170305490799327,4,1.0379056458535576,1,61.539330788020074,1
4.709760490789751,82.89183673118725,6.47118063589507,68.7452057290352,59.45942889750714,8.235919368761811,2,4.525045326912851,1,59.37697143236351,0
6.722791211016828,68.21076508701674,6.338646717083717,67.67219280240809,87.77504361192221,6.629970070808483,2,1.0,1,81.96599865864593,0
9.076073132931938,77.8033054764904,5.325323717223929,100.0,100.0,4.256981548996324,3,5.517476389441914,0,33.6051040575114,1
5.928347921780097,86.09526045208601,8.481792373609764,90.46552672213491,76.42313268115512,5.855272651104737,4,2.484740953244517,0,57.88628014700386,1
9.129287311628012,64.44626266158758,7.688806272399294,100.0,83.00251345707036,4.528423363478595,2,3.318840503839544,1,91.13962003562695,1
0.7605097918205113,82.0084509311571,8.376652296692706,56.85427530490764,40.310575293628,3.6146406414408006,2,1.0,1,74.4522621884957,0
7.643805008750448,81.00791072644806,6.534405795286729,80.55422731466655,94.24116682774712,5.949382448970009,2,8.300204427617093,0,58.62008271658106,1
6.174094136476342,80.4128745558744,6.014746796958354,63.89950924948715,90.31647704687592,4.351396229359594,1,2.0741702260438424,1,51.96874861749504,0
5.401985299068265,90.37158898658242,5.3825274000561585,87.42659382617484,69.1465457606463,5.150996017998806,3,4.27199753090421,1,82.59602001983721,1
6.183521553071005,83.34438514848522,7.538376375610989,62.954842097579665,74.60439964034342,7.042726469799343,4,1.4165228150775078,0,71.1671701988951,0
2.0248621707982144,94.78071898356444,5.4403101632076485,56.71827007655341,50.532281944538674,6.822426207590754,2,3.3286643832384555,1,66.71934310412226,0
5.560656224324976,70.06410484405964,9.772994603449826,75.56021284218842,76.11286743505957,3.899813416287847,1,8.50364356204842,0,75.60970835983288,0
6.7142251430234925,81.35924567218348,5.038536128359839,82.87657433660726,74.47467785754071,5.972063204574172,2,5.594953470530696,0,72.46897074470346,1
8.955788089483033,80.84466786389947,7.410490178818753,95.13696644777357,64.79287796118236,2.744287507708488,2,3.552738007378841,0,71.3185871106818,1
4.963459563452705,69.3074550624492,9.350282060820678,76.19877338093927,81.7084473971872,5.90082832263141,3,4.931653040689073,1,50.137194716156735,0
4.3830127942136246,89.56295002091346,7.898634638895714,47.76143135028283,84.24496623690725,5.296990611602212,1,3.878881886626777,1,54.603622700091215,0
4.996485912830927,100.0,7.263510568737669,75.1289886628559,63.854916880928435,5.757958724726861,2,4.815158840344826,1,81.22420654141624,1
7.830804235404148,79.82993925516169,5.547274529557157,66.85826543590197,76.31829172323715,4.405110490711535,3,6.487737438065922,1,78.38727150517356,0
6.657502219319369,85.05021088273767,4.927346217148444,90.6096918275068,78.574008092014,9.16814254730498,1,4.337804020185922,0,75.73179888667974,1
4.940479592465922,80.84518475815327,8.15507516337638,69.15114640429348,67.7678387175078,3.1974005847593716,2,5.4399829478502095,1,61.2023100573312,0
7.026534866226712,72.86415330092824,9.259220861162419,63.56230707890006,92.11439496898987,6.943103421936923,4,5.47299099529651,1,81.47784893146971,0
6.194155098696081,61.79239722197984,6.341725014282742,72.82872871962664,77.71132500862686,2.936603360463337,3,4.347708705404513,1,64.43882782619234,0
7.937289981065779,72.94226516904635,5.291407738575473,83.98569651348235,79.69751158268284,6.008688349258643,2,3.5281480206598888,0,89.52300191623411,1
4.595893812245295,66.08041619048268,3.3127458541764723,84.88646523677653,54.391268367891286,6.151579954503566,2,3.9496332867910784,0,58.79765515892909,0
5.3446757068044635,97.04102078059118,5.528852734506193,78.68975595152477,80.72439608902351,5.1099517431245705,1,6.398370503070153,0,62.120685454698,1
5.215783693735685,78.84890306076761,6.82951473625144,79.52336791218423,77.2898145740566,4.009351178912592,4,6.564833409950901,0,67.72826801781697,0
3.072970103735763,76.5408067095283,9.398684861255102,77.17706686088482,69.04341940333276,5.282269781490598,3,2.724411337463058,1,82.70950720861349,0
6.592240554129152,88.89153824787806,8.009700538349453,81.99975989140086,69.87157581756398,5.534020666860349,1,4.478021331223983,0,69.47382893919989,1
6.522110544359778,68.78248897144113,7.457628107060129,90.15243233212291,97.51703226144197,8.579872972612565,2,3.4941562617953306,0,70.56523523024347,1
6.010226913284922,72.33135961995447,6.399820508048304,86.88974570574453,58.62441640913716,3.2553194293994077,3,6.599904859432282,1,64.12613174429364,0
5.530825733249706,80.68072269248621,6.125251424116065,64.7894337305544,80.28096461351304,3.8881730073719964,2,4.0575939204401985,0,74.02137979961653,0
3.1692585158991715,90.2876899142348,9.108471396261946,80.57612835579415,39.919723423426014,5.569471114138673,2,9.401847635142737,0,68.93904258858917,0
5.158709354469282,85.01685045168789,7.301107811137584,61.590528971639465,63.04894230983102,4.487892419209496,4,5.435794779794105,1,58.23546424127922,0
5.314570966946461,82.48325142515883,3.846098962118467,85.74652132951078,87.49765510615836,4.7999179245388,2,7.363992908446444,0,71.9093722382257,1
4.395445461556762,80.78117735236016,5.989690528154136,56.80649693872748,74.68631531410047,7.140703670727522,3,2.970778346393268,1,72.26213152937532,0
5.677428576667982,84.00235855526775,5.712675952342559,84.39951076485664,68.60236730513607,1.0,2,5.023444298171731,0,100.0,1
6.8081017136290765,82.01652905129255,6.180603986233803,100.0,75.66023985355757,3.8041013099643775,3,6.232346196740448,1,60.83460881469532,1
9.77237180242106,69.70027725223065,7.844365990427628,96.73207244660318,99.64045192288079,1.5152615474975013,4,2.9333995163563995,1,57.409363861466915,1
6.349155625663678,80.46079221633151,6.838832677308626,79.18222169978692,83.2363436615893,2.608367126191859,2,5.040685423621155,1,74.18551390890448,1
6.515100781445529,69.26311341082247,6.884701889494507,88.67990390039614,91.60639851550013,9.80924898414494,1,7.103718064401073,0,55.10745374243303,1
5.851108168467666,80.81082542900823,8.970209741987855,75.9615762827129,70.54430896472105,6.1963362679055125,3,4.345099984153029,1,53.90424778189265,0
2.162457569401917,75.19352058511758,5.955308365319968,78.9950748844378,36.85689478153949,6.903129850116208,2,3.2964949908547494,1,48.446519651862786,0
5.946972249101567,100.0,9.796299288831024,81.6567837400948,77.251519765097,4.838940700427138,1,8.605918910945036,0,58.38139652211347,1
6.120460419882053,79.60105616248288,5.993038612943371,77.40060701720301,72.14845414420837,6.517427649663819,3,2.6565093967074027,1,58.75168381087182,0
10.926484224970572,65.95760433738411,7.133797294918857,99.22956584589602,92.55256830233895,1.4668709849595016,1,5.311781256763175,1,50.751067394889944,1
5.615278070437755,78.65819789323075,6.57819460689585,68.74690565045856,76.66835757575447,7.076596823539202,2,3.5834473233263866,1,66.2457439548155,0
6.603094684667225,85.19358745637888,7.1851287002514415,76.73792355576123,77.48743056707545,3.3603117628802,4,3.1263315222848957,1,34.510282784019914,0
5.9305764605895135,96.73363946152523,7.666887992609693,76.1461483663616,78.64858082823503,3.937368361348174,4,6.483314165406519,0,77.37648671967541,1
3.662643924760936,74.10547600061281,7.650752860133315,63.43682888881888,53.03142154669381,6.010302140909305,1,4.588928176674925,1,61.648090322239284,0
8.285645629030041,64.17572025976361,5.87032400406913,84.84647540377917,94.58097907743523,5.6328935171644305,2,5.811772930839395,1,63.8532448376163,1
7.503866065373549,88.16837011430981,5.315627983828644,100.0,71.85221442469151,5.169240096787098,2,1.0,1,78.80312515540453,1
7.582063894086094,66.19401294100349,10.0,77.60936870553556,77.21506946755073,2.2738076928393625,3,6.006239563924121,0,75.57615864075996,0
4.181225090410522,75.63844558492515,6.27402349059917,72.37245132851436,62.65820823159036,5.1996273376432836,2,3.5588081763673336,0,60.55140935944317,0
8.805588621872198,77.42379514489006,8.04881865800798,99.95315320696972,100.0,6.9211227069664565,4,1.2422960976834627,1,76.77686133487236,1
3.1962978744154382,79.30366546699892,4.588538034215205,72.28256932791452,67.02604093197756,3.935025807800412,2,8.769479109574352,1,93.23341912408124,0
7.173714187600541,86.89164457074335,6.580580920142985,85.28250018017798,93.81421016828114,7.629874090680591,3,6.202027052989254,0,54.817246283101625,1
10.380911251619956,73.16365717713612,6.809200924026335,99.4975305396267,100.0,3.254616128171981,3,5.454554825359196,1,81.30662067034643,1
4.0189273497386235,77.26270747833239,7.709222604891749,74.61011166108818,100.0,5.013095783436747,2,7.498837699479731,0,53.30341393458334,0
4.867404540794456,79.85729647050611,3.0,77.00223920375429,69.62031792035108,8.070655466753227,2,5.495138562777072,1,87.63139093520213,1
6.199302730175282,81.49597957518787,7.249210919617496,78.40692530320128,91.39982561235024,3.637200174600781,3,3.4027719797127878,0,59.32109414328709,1
4.993048691767601,80.97827174707923,5.275387816948161,59.346457741593696,80.08464469462501,7.107970966754148,3,4.650064779035246,1,58.748166993183915,0
2.8986731378677346,84.3600577522258,7.486518566792386,59.814128466006196,67.35236386028166,8.949304724443618,1,3.643267573615895,1,87.23815211790954,0
6.137125949612055,88.43839509641737,5.445506204742756,69.2201281109857,94.56515187807415,5.3420881378483,4,3.9992942143505807,0,80.82362418633647,1
3.8753925725477902,83.92634115650968,5.716775956111628,62.705367362075684,59.05922512544198,3.9459660252333864,4,2.4845926682815174,1,59.81361148880066,0
6.9471848612703635,84.53585523509219,6.5895585844100975,85.06815669152141,76.69625892825837,3.4545223940999525,1,3.059958848399361,0,71.91053108159912,1
4.1611515315323935,64.17776833253522,5.421505795595207,74.39311909762813,68.16456432401299,7.609205406694651,1,6.78917106533735,1,59.35072149270154,0
9.09986881003508,80.5022769916568,6.286698329896968,100.0,92.7722151409916,7.553388398679298,4,5.664150877606495,1,46.1089336228889,1
4.433493415327526,84.79507548001608,5.209936347185027,66.79340328759949,69.78596902194688,7.898618245737351,3,3.9939738949369827,0,72.8392767719123,0
5.355876967588649,87.2894119457045,4.250244322451909,84.52564119069476,87.762749656062,4.934323298688106,4,2.9439362710737296,0,64.65366748289782,1
7.62703443473934,73.07649225766205,8.52693557864404,91.19477241807508,80.98073938137325,7.07561388305421,3,4.189206042384134,0,55.81249665617746,1
3.5382713671320896,73.40960725111356,5.055926960764108,80.65133354205834,58.18283857685523,4.9023212177478594,4,1.6323003940658625,1,89.57072619418545,0
6.4549198692082586,74.25899324716401,6.731978668588025,88.03688654199755,80.47262925051533,3.233889756783282,3,5.253261198848705,1,56.31969731747963,1
8.614285508564857,85.36413899891343,8.129336622240677,82.98661326996111,89.40252879113746,7.248353570224706,4,6.890942963985129,1,72.15967937320806,1
2.785033530877545,90.33881054924208,6.077583846225935,46.69470736147541,37.570142905130396,8.26774055655641,1,9.733945320118046,1,86.19867355718483,0
6.369267717064608,75.92539892708399,5.762251150381693,84.9589555819981,72.41432987539825,2.9587960544373604,2,2.7934825548717632,1,66.15916977194608,1
6.519765588496847,89.07962313627048,7.3393571330011325,77.31431796348033,85.99232595335613,2.92113807419866,2,6.807604891901218,1,58.987368238288994,1
7.563645743554621,81.23479809164594,8.676900734090728,78.01509125826712,99.7573419706542,5.079963868460249,2,3.5855771086042485,0,74.46622456704692,1
3.526098578243836,78.75714222837564,5.246027102370297,54.9547158458884,49.61040579408575,6.912257211482,3,2.743087419897975,1,76.83549585373562,0
3.3590867738314474,77.88615770182031,6.774778251973841,68.40518884502879,48.561696650680254,2.732361612492093,2,2.7422037422880465,0,83.14841045036964,0
7.0438831312337955,87.46611364602157,4.401258107549009,100.0,82.56563681457612,5.454031473911812,4,5.281471452853934,1,98.06814177240264,1
6.5939693464663724,83.2557781678707,6.410198494476715,78.88312327527144,58.807865430019866,3.8191460918804965,2,3.138412752613461,0,63.14063477563838,0
6.5009857006917535,100.0,7.051307026807113,88.407631614212,74.55621217427924,6.401658199650004,3,3.78630845741303,0,72.9378100827674,1
6.692896418993952,71.47775357002676,5.7180630373674015,82.44181859279384,62.79695791844977,3.404226357008219,3,4.119197338525476,1,50.96139525530056,0
4.639950556843019,85.18101702029976,6.314512249262153,60.30593189318117,81.53031633948277,6.543606000548358,3,3.5200643202021786,0,79.99565499320995,0
6.464507394322007,74.70798990188487,4.887659847538825,89.6706504067142,71.093732822428,4.683570378364584,4,3.3748308946017085,1,72.75574964043649,1
6.586144946597362,71.30713013011356,7.115617917072241,71.9838042927131,96.04521154297444,3.1257189526379143,3,1.0,0,67.31965901812003,1
4.571297163947264,79.89132862965027,8.583541373324724,73.07275212567197,78.56299651826697,5.127379910853777,4,5.173906580223738,0,60.72909231119585,0
9.731549022289514,81.37352479407036,5.354284195344304,95.24254096139452,91.92612115676292,1.1240533710232947,3,5.135342979116904,0,64.77359371978172,1
6.947665841823575,100.0,6.065992350171426,93.6691035547748,70.96639868248067,3.8818108557901203,1,3.4053103005289764,0,73.54499514719062,1
3.617393005594703,78.15854184316798,7.753819369681272,57.50545510326665,59.768900541892336,5.674802140649323,3,5.720768540776742,0,55.50744418315508,0
7.313107217267659,68.69821270515317,8.818136078984104,90.47423516435789,82.83217706102391,1.4564904419362095,2,7.793815064131373,0,65.39320632737054,1
4.050636659545357,82.73010717494385,4.7602152816866035,61.85520922423978,67.76528939679616,1.0,2,5.047159665668567,0,70.25017065197902,0
7.574169207484904,59.25359962453632,6.746822893876076,82.75979391413668,77.67958234960764,1.0,1,7.660515558312456,1,46.90569810681494,0
8.317191158014808,79.08043217395735,7.424696233479287,55.23395351467302,97.36709568331088,7.6542571110007405,3,9.47626384085424,1,54.23053982240104,0
4.358635363296579,80.1602528229516,6.846915414056728,92.71416253266199,68.80509272977847,4.846481974474541,2,10.0,1,60.09993195970874,0
7.926752258488643,87.94600382945211,3.284811899684369,95.13933062070554,84.15656198377322,3.935069211985626,2,2.623527826979998,1,93.5234759910597,1
6.825561853872997,89.73622249427846,7.751635013963158,76.45433440998335,73.83296456905775,6.8903094713336595,4,2.6338739871626595,0,57.53912285912345,1
7.64412031998898,74.96430381092283,9.279004526635966,76.97404471661497,84.01587208894702,4.191100635061778,4,4.1111400065485775,0,69.16312569933872,1
9.793585965307894,78.49385985370067,7.174992626754255,94.01144229774607,90.59250327357168,5.536923799733464,3,5.257430402519681,1,54.3915437970927,1
5.509223767994259,72.33879169389328,5.453340920058605,84.7149141881658,73.63972955680143,5.051510701846525,1,8.17330399968716,1,58.353952117786655,0
4.492527671285021,68.71937445192306,6.230309130453575,53.541789100575855,67.80955287990923,4.058001158494044,3,6.25448244218191,0,48.38487442678458,0
4.220971140748953,83.09894779380635,9.654869601483389,69.68901151080138,67.94289967925711,5.588291767778212,4,2.5934257406550003,1,80.05453532010516,0
4.368379430069123,67.264144514034,8.364943811290837,89.54831587497235,83.87270067713328,6.546522442840289,4,3.7766851830513435,0,50.11680613847436,0
5.845796581171792,75.85373099428136,7.960039927576494,67.8895195461809,73.75033229003503,4.630186765966024,3,4.915999584068971,1,83.60516519717001,0
6.682303949633288,70.04826040100762,7.534618875301564,84.215370135803,90.13980236904456,4.078888853690771,3,2.0216800437090097,0,77.01845794082466,1
6.553381598660038,85.4968318629026,6.008294331713541,100.0,81.61616356171724,4.314975184001094,3,5.027336915081829,1,68.8689722940011,1
7.654366498072047,98.01430099266489,6.6991432290163475,94.59334878726797,83.54375596944774,1.0,3,2.623128817881509,1,84.1003884308976,1
6.026003783755814,66.98412017196668,6.883115896482226,81.38925712363363,74.96443000302254,5.566119093017824,1,1.6985577328852561,1,100.0,1
8.907068154314633,61.46981517102431,7.824361474096666,99.60170532066319,92.85414483420729,2.5817774220228973,2,3.1060294410607714,0,77.1628846168959,1
5.470686333524088,78.75113114649933,9.263378341400355,73.34477831752342,75.62179507842669,6.259437448237848,3,5.822042109784671,1,53.19909067003813,0
11.440338333179238,80.15697795957759,8.677507205189691,100.0,99.04882234688571,4.819151798649412,2,5.808231421973039,1,92.3352648956888,1
7.251334695530012,82.18659306757297,4.870923466305939,82.26337324864795,68.85460433873041,5.210242193060881,4,5.193307833374879,0,72.79167184788452,1
4.2856848871674345,75.53679484765655,7.335992453351573,51.8366083484774,72.25708325774735,6.400658341212405,2,6.983227321081754,0,100.0,0
3.8582150038777754,77.99360701174568,8.105145017751845,65.37804397998428,72.13052834907924,3.1469524673181306,3,6.771166468426869,1,62.4092466708491,0
6.96494483048637,83.67510410540602,7.928290495216953,75.15737885366482,89.24602731094626,5.738496886701914,2,5.408762684140555,0,89.22916034035833,1
5.553074429348298,90.4043089264484,6.056149354918871,74.9534320247672,74.8681667616545,5.535242105125329,3,5.132763700051409,0,69.99764844029096,1
7.428000988184184,60.449512296817176,10.0,84.54916435011461,92.240252203638,4.630438334714413,3,5.259093410440193,0,100.0,1
6.94647524914709,76.31060560968538,5.084373156503322,96.70660824378453,88.81314175505396,3.143627598472924,4,4.704709640125836,1,65.77598866757144,1
5.854342174686255,82.13808793941064,5.375217330000925,86.22463814007513,83.00234663766707,6.190476728110328,3,1.0,0,100.0,1
4.30641256386319,70.82023895389264,7.3503926218923645,74.16471769506991,57.243067169758,6.406909088838632,4,7.270969689639639,1,76.59739079273153,0
2.9703055506282707,97.311696317673,10.0,64.8220736398154,46.85231533222331,5.227204051955768,1,5.795045663787353,0,82.70447137172745,0
5.106970095865957,73.64590119771263,5.7457077239437435,64.94627039074985,66.75612810767304,2.8593951685707104,3,2.567345108345878,1,95.50498665904097,0
7.712797588646945,79.58707312992718,6.601257451529512,66.75223556657795,86.10294443645512,3.9451019341490916,4,7.855633238544874,0,58.183685647918516,0
6.4281874882604075,85.56022096842291,8.61594050952354,83.27253755522986,76.14991365823956,4.879334555159867,4,3.820040263574459,0,84.53645269040132,1
3.508522442576024,74.08715211198106,6.973206767668399,75.4890242486167,42.28423134207739,6.376989099964187,3,4.784461994682755,1,65.60869988693797,0
6.346361851702364,61.53426952195583,6.498094218204557,80.64847042606593,95.2950972315656,1.8330211977737667,2,7.047151191136507,1,72.26678318981396,1
6.770634759457674,75.71345473083467,7.84844935283008,78.50463056942137,77.88334866788868,3.8723930713912464,4,5.4402787167791775,1,71.24591886115883,1
4.232285127597734,90.2944055592704,7.40877698534439,75.80644729013079,67.12075493135595,4.194654880115595,1,7.670751683831798,1,78.58616104647714,1
6.307450211891056,76.63104873214861,8.545658178455188,80.70392905321181,90.29019117897693,4.833556841193941,2,4.295797001914421,1,77.95276490877998,1
6.116417436892,71.53565698541021,8.937203333598045,97.43952910419961,53.24878192613995,2.3973494319503064,2,8.382346422560671,1,61.37207619976798,0
3.714059404338754,89.25672209502721,7.460504590008043,80.89758044237661,57.1674177069154,4.564934443253334,3,3.4443942003349557,1,71.87281256492354,0
6.715574720696567,76.69225103976947,7.437599088067463,93.17295417371614,76.42227558838135,4.379032871374821,4,7.635244658619236,1,34.98496270960285,0
7.121569052736469,74.89839186349782,7.321166473429201,93.18518640578138,79.36631386191237,2.924816257020687,1,1.0,0,84.85260497176672,1
8.166102486350553,81.49456089663309,7.733695834973932,77.9288382872382,87.2617490109638,4.7640648316626315,4,2.7996158973317002,1,95.40912555521678,1
8.107604104069805,87.70750209618788,7.082755956807196,97.16795754087502,100.0,3.9176618064289963,1,5.595932276978639,1,72.85942073023075,1
3.244661264085818,100.0,6.9990872765165655,69.98656589689483,66.20255634178713,5.991172285019415,4,4.199109147713785,1,45.90966679790867,0
4.124349920169754,88.27236107657423,8.794940681240863,76.68599688476041,74.32645220730682,3.2293448779913225,3,4.850502760194874,0,81.14421454340703,1
7.0300705344173195,91.59839966388344,9.274174270532566,90.07644754021712,82.65162592461316,5.17966824425691,1,5.083301840321423,1,58.54345725099669,1
7.027571901824418,74.94033801012145,4.738670583049869,89.66548538760274,68.1717009494915,3.383222325541464,3,2.6181947837458908,0,72.73474517091918,1
7.030095372612096,69.74131894030523,7.015031727610854,100.0,61.38360188421251,3.800491523682375,4,2.768140770254866,0,80.2826369109457,1
12.0,80.62331349619123,5.966958349832148,100.0,96.70592276768369,5.594583255410812,1,5.464244097616842,0,78.19675569277983,1
7.141781021386334,81.07169915259597,6.533542800270892,95.07227891522498,86.4483431699782,5.469435465684311,1,3.6673340963564405,0,86.21282874790064,1
8.271131280361198,69.21487258635403,7.603774314602982,86.64575829916595,89.94448480914355,4.16595563484328,4,7.682067717922337,0,72.1957095959431,1
7.908003526986405,78.24705470095986,8.004157557313702,97.44643347380874,85.34638468635835,4.461178763334664,3,4.6161056891344305,0,72.6004241493555,1
7.302782502611596,83.9931760171913,6.831810334582983,95.90711141538253,80.13092594826821,2.092787109780952,1,6.437502486213661,0,81.0518556166549,1
5.369461510719309,83.6039339501808,4.129989497915796,80.49156832495002,92.33398481874332,7.8055286211614,1,5.885703338614214,0,68.92911145662043,1
7.517938440986535,85.04287853384272,5.5524316291357305,100.0,76.87859473615447,6.374912795756057,1,3.797677885654628,1,59.68146371582796,1
4.454349570924856,82.90964730137443,8.34474950530025,63.42898749102011,76.00429198670973,6.302896101742213,4,1.039342426095255,0,76.78027637234331,0
5.526362786519982,74.92991340729944,3.0,72.75960451591769,73.17730607932984,1.8099355660875696,2,7.369882735242094,0,53.06705533432175,0
5.029272904341793,74.86099373351156,8.781140727522999,77.27016538194385,69.5662423081908,3.8090200150214266,4,3.0421818466057147,1,68.78664779217708,0
6.163748278772645,68.01048602006124,7.781844985966812,89.62680992870544,88.74886515880331,4.330907942152755,3,4.192483889042511,1,49.333348114040085,1
10.629317133347017,97.84775039185095,8.974264122295033,100.0,100.0,1.1378770159319753,2,4.698315116866852,1,61.67781050793456,1
2.265469614816504,80.13450364619293,6.70214621967856,74.18493843918817,51.19732312005064,6.779900192152173,1,4.897976863792638,1,62.29988684892794,0
7.372520380749027,77.75146944205149,3.9078918639656424,80.24570319408193,92.22714947691557,7.907768977096272,1,6.923917325078037,1,55.236758857363,1
2.7745682576206967,70.71207918547542,7.645543962259747,52.467056393217945,60.286323167224715,9.123869912007228,2,5.011648115846554,1,86.50797831167787,0
5.056136268421133,100.0,8.911979686057512,78.36196470747072,70.41118899862595,2.908232344964527,1,4.745291819481339,1,85.26987399698454,1
8.177901193934732,69.26671967777105,8.387082708270132,90.1177032085367,91.10995659017865,5.234646993668547,1,7.036911913090027,1,89.71019114168907,1
6.128560038190925,75.71152074393926,6.005962774767947,86.07143739453683,69.89127208069718,7.645636538300843,4,6.20130474377357,1,67.18233665736511,0
3.8445104441413878,84.1583683628606,7.13014161319397,68.9485293120419,60.00606873153748,4.492763042106092,4,3.5288591080386897,0,63.49588017218133,0
4.569392581480064,86.00212965744278,6.200745596830114,69.44676500116574,61.61000269135332,3.8660241723146447,3,2.705689245042334,1,82.05377207882205,0
7.359195497869352,89.57932055215684,5.771100303715942,86.04660177210953,93.1689401515053,1.2679646529110182,1,3.3526004496001613,0,71.92619342664848,1
4.539266736565727,98.07608507769262,8.433082856769776,72.98482263076048,66.28358926398374,7.265244915543498,3,4.901560499623571,1,71.85276193548745,1
6.43291717916395,85.06157655460713,5.203701533102256,79.11477289733645,65.62036282883332,4.96147848785327,3,2.5078924496591557,1,31.842980490775005,0
6.091143679807628,69.43969200033332,5.6592753541275815,78.42439793580385,69.31248984721489,3.5413162820738755,2,5.181506094324936,0,81.3477190472722,0
4.696799304788366,77.43054874878219,5.3439615497914215,69.44806315407273,36.18814937660841,5.56771457965772,2,4.741603380419318,0,79.35962473693849,0
10.28788817865065,83.07832372513884,4.76462871505143,100.0,96.78240305308242,5.30601074635733,1,1.0,1,69.91875365335517,1
7.267838044636022,100.0,7.219621437763905,88.2794002682381,83.98347891878763,5.336518204709183,2,2.1876496274654103,0,82.23771661696091,1
1.9497148266847857,66.02194521575703,8.742254572722963,82.31609885511159,50.336930471438976,4.565803875346649,3,1.0,0,79.02552984205845,0
6.3729086295388555,92.02576505225227,6.722684865632101,83.47158866047889,98.03899529254706,8.24471631752673,4,4.3121938779113815,0,59.54972372730326,1
4.676427070463224,81.79914369546417,4.74137829915375,67.8735606490295,73.8076228319297,4.732680533475156,2,7.148027290692001,1,66.7032062359321,0
7.704866669592448,88.3783053522948,8.259916809613042,100.0,91.53371854844619,8.238644152646609,3,1.2186840891439914,0,54.883222074924525,1
4.414958523134599,78.98005283364068,9.528552631052458,76.21105639281635,50.05706079310482,6.1282338528003955,2,2.3554263604132712,0,91.93358479862738,0
5.770527117066202,71.57567369873674,6.030636513780108,88.75388345425918,70.97674216122589,5.702340285523462,1,4.672524265453637,0,84.65770717871641,1
7.0099745579609145,87.50872779401332,6.2821685999234225,90.97090262182948,77.19321927452853,4.77345049344369,2,2.872493942293145,1,57.79123991726934,1
7.731510388340243,86.54431027105622,7.773490945125092,94.8876622346787,78.52825034196138,6.947913387091841,4,2.862654465866416,1,79.28313274742337,1
3.5994071858884475,89.72056965739722,9.432810621677577,73.35357644296698,53.59763646019722,5.225983535155991,1,6.083188212346319,0,74.17888502255524,0
5.330997528318103,79.86695364621364,6.2202487814121605,65.63414199382987,53.904755630492375,3.1357375697729366,2,4.010209110854158,0,59.71070611751099,0
5.050109377678088,74.0017797668015,5.001325328502693,78.92583736400456,57.54212421925524,3.069015618003929,4,2.026550225204037,0,71.86490512942706,0
4.693341534852577,64.41213004976159,7.94712790940861,60.218094635760494,76.90098323676494,5.844969243868544,3,1.0,1,82.87577046151776,0
9.530908480562193,88.19373268139407,8.198602109713448,95.91091403868562,95.75630396344133,3.1852422296670087,2,9.416815540127462,0,84.09879291195335,1
6.809963421921911,84.23889482443985,7.00919717565284,76.79364254397669,75.79575634878813,4.875537886055001,2,7.256618109125342,0,100.0,1
3.4782320913299096,70.34217367136041,6.162800110513824,70.96586231513679,60.81527920145238,7.114369077102182,3,4.096733307875967,0,71.41433729757648,0
7.835723894109552,74.61426326703376,8.49156809648807,92.5198819439301,98.68825015166883,5.607940355788667,3,5.175716023327874,0,66.43316598833036,1
10.244312394025266,75.3324118804856,7.792054006821946,100.0,100.0,3.5557302593425044,2,4.022937875806024,0,78.43210395816756,1
8.064930521102294,65.17015568017582,5.84734672464476,93.19761833300234,93.79332443592415,7.8199750232322796,4,6.020913461582502,0,67.25556191398482,1
2.961260068091973,71.82317603394867,7.073642096958507,58.738046922595885,49.30151198466926,6.095750473989403,3,3.2915712645642388,1,61.22643339575682,0
5.031531854267497,68.66169643193646,4.97243870196303,72.54762437782068,64.0028916181378,7.035585974408178,3,3.913653567046353,1,56.11325146200322,0
8.533822298373245,75.87520988112064,8.02883568465688,100.0,94.74270264087622,1.0,4,5.910801680388993,1,30.0,1
4.584661068762438,72.61302501670437,6.6066496459257165,83.60187211675618,86.43450349594576,5.6617057565254925,2,7.907718208892815,0,81.0225914531126,1
6.887638856292456,63.72995079133251,6.346433751422895,72.97036329519679,95.62358173290349,6.684315672759786,1,6.4828301893242095,1,45.4303940189246,0
7.5492681068586736,100.0,6.950688272271349,72.4370642091669,91.12388933571343,8.400577284595984,2,7.4678277551818555,1,56.80219835058473,1
4.146139056843834,92.52540731029231,7.060461548995372,63.461801452172054,66.39117194267018,2.072362831697917,2,4.375165324977642,0,74.38665386792538,0
5.8809492878764,72.20980578480014,8.34239509234834,89.8568222597045,89.29638928353012,7.412229178389065,1,3.7539791852461133,0,65.17739808133972,1
0.0,82.7242139665361,7.886635796987832,62.14884030183035,47.94678323045124,8.28876057140249,2,1.1232377218361522,0,100.0,0
3.9512247173314203,84.17465089821295,6.765386081810796,60.50900478264538,40.77072808028191,1.0,2,5.144396714682568,0,47.361400403792075,0
5.494863697213679,91.91085854773476,8.145502224578493,80.54741202343178,62.42987370472985,5.957182219739486,3,5.75809406271288,1,100.0,1
3.504433636070301,71.81394973339921,7.601105880537419,85.8664815117524,64.40800507000112,6.235241628681404,4,4.3999892085455885,0,90.70876913575869,0
9.26482260786327,90.92106783982426,6.360100545570944,100.0,77.7192599916699,4.345984674696187,2,3.4465973478005307,1,83.63644577647456,1
3.1397172440787346,74.52094695793065,6.812922762645271,79.91361907272461,49.86241341690379,4.01981107986742,1,7.486806879686264,0,91.58968264716313,0
5.119911026606032,66.64137595831386,6.777665666735319,85.58682083386114,63.721316723056454,6.335707826575645,1,6.263608554393308,0,76.0691799807406,0
6.2614811545721825,87.24136559314498,7.757892014761302,72.2054187105818,75.00722786497477,3.7700364931787362,3,7.625650901038023,1,44.45120504177704,0
8.882546578132231,92.90758424122428,6.4494660779175375,92.51291865569038,90.42097738653132,4.565501343163804,2,3.0928418099675916,1,77.7227752167389,1
3.1282756976411212,100.0,6.41438622036755,65.98892327112408,55.878449914178454,6.624869801647844,2,3.5835317469039536,1,47.78986912214488,0
8.32632750430992,68.00274734909786,9.953135964150938,92.672971401763,98.21104019826265,8.508086100653728,2,7.406354486503193,1,62.074565814763126,1
6.020466122039174,86.98919685080789,8.409603222620657,89.26562014458159,73.4705580777297,6.075968545084036,2,4.905305840488419,1,68.82876853426393,1
4.036982697904098,75.90198756206468,5.859099003362291,74.27176111227458,60.37559486671225,5.266968990829023,1,3.8617917766428906,0,56.3340622314354,0
6.924206948526542,87.83358710524031,7.856411490913297,55.25902530485156,68.05352064972408,3.967205030678459,1,4.00096995247432,0,84.19066705546709,0
6.39811939114694,65.2951044876875,7.177525098482766,68.86219422480744,88.63217836673988,2.9787999186978875,3,4.977838947731392,1,66.79363634501242,0
4.799566245682411,67.37230224301436,7.58732676289014,52.12402207865162,62.08242233461961,7.219156483001899,2,7.0059036316708205,0,76.13962346506699,0
6.139604169980037,72.24125176833516,7.206011986847657,82.45167325645353,65.96732173986747,4.693100297746231,1,4.678974295816823,0,69.85880256459454,0
5.22937280627648,80.78964045668084,8.784463968227854,78.55174052606,73.50714258634859,7.301406549333457,2,6.581065660355556,0,71.89268739510207,0
6.227034690502496,73.58918733461644,7.518430516977169,83.96742303861966,69.69279551918434,4.340896244009077,4,5.934755553692097,0,56.69699073359723,0
7.324261349042093,86.5905434391342,6.906866952678569,77.0320240680643,78.68604069630962,3.7014226772779777,4,3.2433219196380527,1,52.389378321973936,1
9.172033632290704,90.26894618257914,8.563285865474526,100.0,97.61680353693491,5.841597777655032,1,3.2417412640257535,0,67.6934699446167,1
3.524369002346302,85.99577541245355,7.349927561631808,74.7844699764168,57.88138777628225,4.8469281214632,4,4.099466816137044,1,55.5082858457768,0
10.266066749312532,96.18787639660869,7.182217868993587,88.77884307451109,100.0,2.5889427907785247,4,2.3263246906754635,1,90.90333557436358,1
2.0958244009549962,84.15826629455343,7.471033903729172,45.81873999028626,51.826660972537994,8.634736659563696,1,3.971722288401214,1,49.35347374312178,0
5.6964298099288335,67.83103289659833,6.85958646495045,78.48083218737479,80.35696104836522,3.746032452456725,3,8.026866833462769,1,100.0,1
7.176634412969153,93.6337651353834,7.013840489493203,100.0,63.64286600288547,6.855183042348427,4,4.937219328345259,1,74.53037691290926,1
6.561983735470065,73.94843764394003,6.119958116857191,99.80734609933675,70.7654110936731,6.683713258792963,2,3.4670946678250933,1,71.0399035735082,1
4.754600960358813,89.10418499685571,5.873249170564182,79.40704840627458,57.65846881298575,2.4810744701712864,4,8.831489303640955,0,61.89600626170111,0
5.5837554992854495,95.73734216555107,5.502144420276341,70.61881078062649,63.95873576268641,2.995224710767031,3,3.138765360547592,0,79.8538154852897,1
5.013998130682334,84.56688010730399,4.912025069804386,83.93841724829753,74.23936872246404,4.396981320599744,3,3.0762340663892243,1,66.93587483918465,1
4.821270486111577,65.0384118683535,5.680423957923165,69.58210978246747,79.28327359444356,3.268706910843367,3,7.458971363613399,1,74.50711291701924,0
7.699204194042049,70.81787833490209,6.738599448299611,80.82095060347214,89.64153021059741,8.452912743757377,3,6.32263611920064,1,82.62734750559683,1
6.714030971930095,93.22744466885135,7.1546763736684555,62.13048654343053,78.01773959591748,4.599648726402977,3,4.739882294947227,1,80.03964203790471,1
4.614180809478691,78.30877314357184,6.593055155278539,74.09472603086999,61.37653446974795,6.779498085628136,4,6.663817799978323,1,88.59791801421554,0
7.799199750866501,80.79573534942166,3.466444764808963,82.69732526295876,97.93119601706411,6.027274778000408,4,5.601200002458334,1,78.06761610491172,1
6.614599041753219,87.5882441616361,9.361879536643514,84.03729900405114,100.0,5.528044897992706,4,2.6276151685223486,0,55.73098467681079,1
7.62572423767792,86.96322862080324,8.629720184335573,65.13504422601899,87.10490247390442,5.080642421479176,4,1.0,0,38.80315995759048,0
7.259257683847224,82.7879981238546,7.668639776825693,87.994555145073,92.94917674379907,7.474261415577394,3,3.8653096965854195,0,73.16550593936425,1
4.342009978155856,77.91331628779534,9.861236008829902,47.398838251063,69.48576336688988,3.3498140533299665,3,7.169849671796559,0,73.38194731683558,0
4.879637919606061,76.87331554267642,5.533953823774434,85.27759213071582,76.83287658229226,8.452670620913173,2,4.1430598233067695,0,98.88894722665849,1
7.494587210246523,88.57898825291343,9.831437680939008,92.69184839258347,73.32205548037798,2.42555363899181,4,5.920194396698488,1,68.26239074603578,1
7.22074053086693,85.53569531067794,5.552178884874178,83.31705494008878,78.44308038378034,6.563023451244848,3,5.368970896890135,0,75.61738454671368,1
5.958196812071704,77.42699999382211,7.358106887937035,85.41818266117932,79.70387527288607,2.1896722801204347,2,1.6129994107712013,1,81.65764608648509,1
6.234654766617564,90.82112312993141,5.0892440122986935,71.3925312064523,89.53283804052518,4.368588895546081,2,4.187208612587367,0,77.70112181481264,1
8.555329791576849,78.70965884870216,7.02204114331655,93.50040411403317,83.15063653308434,5.1866198761219335,1,5.717758660893157,0,82.65915687725942,1
4.81685722232834,71.48337825665607,7.579249746997583,82.03202649624507,48.568152223568774,4.026609302340972,4,3.425707488991266,1,57.72686037811212,0
7.094194762340075,72.41029301096656,6.767964503298168,54.528081320786484,77.58252430962796,4.636660860766218,3,4.274923685944096,1,55.35450499348827,0
5.595614695132212,70.21259163690235,8.070816166135206,73.50582987888582,83.67499531427578,2.2260591041384132,4,5.783494184194223,0,65.79158754164995,0
5.56463759354556,77.27589983396312,7.148521674230886,77.59674666636406,57.54886965039486,3.025099062552897,2,5.145259998285959,0,37.389004154603924,0
8.19755370397438,92.33724278336193,6.216377907433737,89.02483234241424,77.41612330253045,5.996529414391765,4,7.09381948184943,1,69.40630614598051,1
7.6508326979760595,71.9490481896949,6.149780023296492,100.0,87.46418204836748,5.05934364995489,1,5.767341826326958,0,60.106253613876824,1
7.627019272001277,81.88475761018103,8.216370658923545,76.89608511077753,84.60240310439303,3.6189439483569856,1,3.0883000031959664,1,74.83320000441601,1
8.610957614308658,73.43310654372587,6.019386955289549,86.843195637091,97.61041050138422,7.648555526259343,3,4.044906572140928,0,66.02396816495143,1
6.042007683265518,77.39690958728562,8.373104455727406,61.051348153243104,63.96477849513732,2.5601382000195683,3,5.0405925684525545,1,54.768507810480465,0
7.363905942589928,64.89958788014748,8.834067689247895,100.0,80.93364971385289,4.276819068271874,3,7.676830153028083,1,89.66285294513597,1
5.379466486813088,77.79461770843463,4.4969292064808055,74.43443100797744,84.22865294490951,3.9886874436430566,3,4.052948739435388,1,71.23778656311974,1
6.648332704976884,78.06294620195038,8.699389580951552,78.85757464451734,67.96103429349347,6.230075255522089,4,1.5348623952039437,0,82.94288262137917,1
5.739713891264631,85.40287944035695,10.0,78.17374263321602,89.20740631069047,5.096327382274389,4,5.881133806982376,1,72.75271691131138,1
6.193991929985437,82.23280913255371,7.3780056418028925,87.33231793423042,66.48978172102574,4.783669506930806,2,3.488803503312002,0,76.95992696810578,1
7.190314050873827,68.01607875047955,7.898626277942234,89.42520428953037,91.63570007901907,1.311566592265522,2,2.429397360850063,0,49.58506413022833,1
4.363558633533055,90.84198244043543,8.555507986553739,98.29663530323614,62.45176669906708,6.730068961264186,3,5.0376060256516775,0,89.17155255934439,1
10.184774551370921,82.10303040221996,6.586776527231467,100.0,89.65956473183576,4.564348370336526,4,6.945735283616607,1,83.18022475564443,1
3.987965237000596,81.98393517177486,7.273420335306804,65.28737189331217,58.958800950477595,5.23132203522084,3,3.852238920677962,0,69.71739548991292,0
3.5716227744245357,79.90817646614862,5.0287007055653365,62.24454649688321,66.87902852833716,3.5028735598122456,2,5.9931477743652595,1,74.32003140809894,0
8.316221747000135,74.8224255277778,7.2079525427956765,87.65351921083258,89.82879053298589,3.1883424743658546,4,6.3638273260848655,1,85.03908790339383,1
7.583325387925871,82.17802339748727,7.747167993466812,72.89825769333098,96.68464644198866,7.998575516951374,3,6.583592987333258,0,64.41999693834308,1
7.24823963410431,84.75588435928583,7.7742445343897035,86.63984024543741,97.84683841397468,1.4535228434751746,1,3.535455380762797,1,46.253793780032225,1
7.25669101852856,62.53104308654445,8.59813708539637,94.11813615473197,71.70983945799286,2.8916019444344565,2,2.7578358841332293,1,64.7010403842502,0
5.975506454306171,74.61239162653905,5.837796732796706,73.7438962652985,63.29034727673358,7.960984305338161,1,3.0304937900828097,1,72.2858423823211,0
4.205491257028337,77.4505302959641,6.201089864989755,62.95365572230057,52.1850098059616,6.281492761997308,1,6.58194934424494,0,69.5134031188995,0
6.151609116387453,82.56170605694278,9.843261018987032,95.91749704487961,67.91769373784453,4.34907493651516,4,6.334786309341624,1,89.76349235993153,1
4.645676576975776,91.93311005927126,6.774507439354435,58.96355131866723,78.91620467005211,7.493192628577306,1,3.0856987985993305,1,55.60146416621047,0
7.9502394668355025,72.28259185403218,7.300050680968492,69.0730135694045,93.30505630768036,5.893720232792018,1,9.265288052687271,0,57.50064054299829,0
5.705885236995723,75.02038153182158,6.8994849374121685,67.00040674850479,68.78503569275003,5.465320183948839,3,2.8472720668256692,1,54.12930247483619,0
4.349005606414977,74.8746588935345,5.767478760542467,56.340700860831916,65.98300773226151,5.4511240342048355,4,6.998928169401452,1,76.43111642586226,0
5.357228316694013,71.98472409895459,9.435293816337708,80.64840222451589,86.18642495182347,5.9304764344289875,3,8.039330878410421,1,47.10949370389248,0
6.825862908551248,76.52813504887737,6.208447882119091,80.5222695382605,100.0,6.011385002594906,3,5.219515211986729,0,81.15634597049967,1
4.872550894392051,87.70802219987971,5.309071714439606,72.16588402172185,71.82914870078032,9.391946105791913,3,3.460552312838338,1,56.00673218035804,0
4.355559208867137,69.46164504635655,6.323889584045872,83.30713781408342,39.54054341272884,4.610214376654656,4,3.504243945103307,1,58.403464603682245,0
6.487374422983825,84.27814395152903,3.9974409974117,75.52352350329136,81.89711748550268,4.6719056237035925,2,4.475819599274252,0,96.55337889986849,1
6.4899331422174455,62.98097769981665,6.023068802525227,90.20055982854363,88.28708014871815,2.5262136248585723,4,7.161741556136066,1,88.48869593043518,1
4.9861136492577405,74.38662003557793,5.54780710322151,90.04379623832072,72.16300505410719,4.896205226357964,3,2.6002483746003047,1,71.78819976635353,1
5.057923388763355,76.70510699782014,7.9261429463909865,70.73299196368018,77.61268951992797,8.725773799089637,2,1.322467935174449,1,50.334427741859606,0
6.464099874715273,96.74859672914064,5.989878640660192,89.6907279291395,82.35525299289549,6.968970004869313,1,5.724109981138607,1,100.0,1
3.1038313170053518,77.25197695247311,8.331705903368272,63.10097745973695,46.27653372721346,3.9126645122493446,2,6.163225502518161,0,67.05517671346198,0
3.1850724512468895,57.987565265490815,9.097725989603981,75.16634354464234,50.24805037384671,5.06008272904257,4,8.935938893598536,0,73.71371464702335,0
4.563111557495128,60.011110931387506,8.171763004431398,57.10066591171291,64.1671474736692,2.4071232488300107,3,2.2353620494665387,0,83.67900653667186,0
5.573105696576306,80.3402958634668,6.676917566709885,61.41040603162807,84.09278196184135,3.0617613114033873,1,4.730386776075523,1,40.55657190190102,0
6.621815131196009,86.13770855789909,7.211671745058389,79.19639850690464,72.07205010396984,5.298882305227435,1,7.323674864240956,1,60.39944002252588,0
8.950712433899104,83.75455857627253,4.7125225897839105,85.86431407889782,98.2633009350711,4.011090794359094,3,5.241724335205463,1,68.97887889949426,1
7.7153192464040385,81.6757010580099,6.79933094121814,83.40950513772134,89.3288414176362,2.9108004212431635,1,4.609121621876952,1,71.96079567567172,1
5.680122940073145,91.62259597505667,5.709342297899751,76.20534887589433,89.94271029123017,5.979681529475784,1,6.579810993859082,0,50.44589736895502,1
5.961967584194622,74.60408779262869,8.041489571723949,87.00997323933564,75.3550077238736,4.835499826693352,1,3.8012220715868037,0,74.8950649197141,1
3.9949412707243823,88.94910556026825,10.0,65.89810056796256,46.42206344158371,1.8648992566179214,4,6.702821683908297,1,70.50610605907825,0
5.96297372801522,63.679851149735825,7.749732453960714,71.57625553384524,82.2465470170591,1.0,2,2.492873615619449,0,95.00976473538893,1
5.422682722159723,70.95052167061934,4.0132897765680005,73.59827984320962,93.91664844929838,3.8599770028514917,4,1.9611365934342064,0,85.0043618350856,1
6.645437120676179,61.929586050681834,6.45815471062844,75.53573280531472,86.99645617272164,1.8234697131169444,1,4.452823962175339,0,65.96116319086993,0
4.345538112895354,77.25154699330207,7.183736388061682,62.387635543849626,58.19661275926805,1.2621771870586924,4,1.0,0,67.05895769572996,0
7.038693028482345,79.53738782733657,7.131036137890396,69.06329700664203,71.41269937910442,7.257938402804171,1,5.169399273425807,0,85.21745155484332,0
9.065477826005155,81.1410149222652,5.90378031158687,96.02217029223657,84.86317862095687,4.8045782202694145,4,1.5348773145905774,1,74.25436432975668,1
5.782479703086285,80.61883352887135,7.367937613955403,73.22534144946088,94.72799702233817,4.469107243548994,2,5.564841041132754,1,49.432998839706556,1
6.8034234441978825,70.72446669188272,5.136248744620919,93.67990461333613,77.54726625997293,4.623188367698502,3,5.370918876233891,0,100.0,1
7.380287983422225,78.09759155586784,5.582636915972399,72.42747899652171,77.65529396225307,2.7243356984140603,2,4.864075227670366,0,55.151969606270484,0
5.197559056228328,65.02553331394252,7.968696462405568,70.56695973066286,69.60098789609762,5.821952330028337,4,5.872817335076184,0,100.0,0
6.448184963620833,93.6322897513225,5.476505153680261,100.0,75.52003929566798,4.738599346534919,4,5.4083949372281745,0,76.41932383119465,1
6.02518480156359,76.96373927101999,7.807317408238386,70.72982883683946,91.82761240725657,3.485182688041176,2,4.4139987933374565,1,60.46838065491094,0
6.195352197097663,75.11113880956309,4.945804338015913,78.61142846452708,67.02733827242295,3.7847426309500003,4,8.662013960954264,0,34.49450973821836,0
4.453980432289067,95.88940328444083,9.647238825687605,60.11146233319165,78.53031491033887,2.5450825735754092,3,5.786621387104885,0,81.65146703872549,1
6.049020348517885,67.57753466450771,5.838595116393918,66.76082661477962,77.51504305561815,4.187514254196331,3,6.543816174621755,0,46.74534121571198,0
6.9959965824909,68.7441288596803,6.664500142294834,100.0,94.04624462922226,4.520744238434972,2,7.1461594879451855,1,75.35941837552328,1
8.902287215590084,69.03779675131435,7.495919891635609,96.2218310043219,100.0,4.135433341740072,1,6.33629875808418,0,99.00449053783579,1
7.918541652170414,79.32128618300518,6.1519750712483585,90.9294966432283,88.35922625215343,5.110309114683172,3,9.12566583784961,0,52.93481702154828,1
10.306364915023114,84.31631629637597,7.215108941606957,84.56866222395334,98.68755339414702,4.842976590476488,4,5.332013769642392,0,81.07083118109509,1
4.465304874223901,87.39675468117834,7.863035086780188,75.91393825220254,67.45361756399444,5.461537077329214,1,4.986077308327878,0,57.826005777131684,0
7.744641273441356,100.0,8.440919848755229,100.0,85.52014092059682,6.886194073843189,3,3.7008558243867693,0,86.99724305153353,1
6.366684011476703,57.50567545799236,8.187246153959435,93.32819066566881,61.63043951147294,6.186046954426161,1,4.4874521268800365,0,70.98734019932208,0
10.379605866435345,86.08735589124417,6.742284304295989,100.0,100.0,6.909179681020671,4,3.5375508618976754,1,69.71404903219667,1
4.383403429289697,74.42869427427769,6.780052338934596,60.62216137049444,68.75827074955009,3.3045315403475426,2,6.354423826003079,1,88.10932467212831,0
4.320556315638448,74.13584851111227,10.0,74.73401575012215,54.292346043320144,3.9827702118226855,2,3.1753675053627233,0,79.3793866172534,0
4.801214709111956,73.80227871746122,8.424833602373939,80.68192315032586,48.13205505268765,6.307193367891935,4,5.147584339796255,1,57.92966442213256,0
1.7522085513803862,70.91230329192027,5.617264515519679,40.816606906012915,27.237258978978826,6.3429553428641725,2,6.11909386860475,0,96.80670132631451,0
4.948489956638478,96.84524834603451,7.149982245648328,63.529653868374545,77.3957441067059,3.6427587649262363,4,5.300647773190442,1,46.96260273970715,0
4.481734676892604,88.42297327013902,6.4972852918327115,81.29024660189744,60.70063237728467,6.223167851563485,2,3.208170248860146,0,74.13545643471437,1
6.300787572952415,80.23195978557375,6.796998649115335,90.26439563148136,73.25571875666316,3.112935766708117,3,6.397889828011969,0,57.65702963666053,1
6.683511951554319,93.51015752487001,5.155757263437868,67.93172942155768,84.98261435471414,5.962111448283587,2,4.829320582928106,1,47.69162938663202,1
9.752341678431772,64.87471034701124,6.38211514842107,100.0,93.35356850957285,4.947407598268718,1,1.0,1,52.98728485300418,1
7.9008476763721,66.69294868669074,9.71733365979087,90.45727237339668,92.87033021876773,2.231128792187327,2,3.033296618833227,0,69.26140720239054,1
4.846192688675194,58.22032267805312,7.868614451313254,82.04105298944748,70.02979677581831,4.131852356481186,2,7.802264472805466,0,75.24590146222852,0
4.203170657303284,73.00585459876713,3.26325788777281,64.670640052177,64.37772811232735,9.364535619390987,2,7.968643683029368,0,85.88397746799127,0
6.983838343013011,81.61698526704753,8.82508523874692,91.37102667987408,66.17552600116318,5.405560725609989,2,6.052222420130397,1,92.14054764090513,1
3.3595335859587157,81.02858577932334,8.634444284363742,75.23595567464983,51.9598879513637,9.600899953436521,3,6.568137953916661,1,74.16530720656054,0
9.662917531708707,81.49341911059881,6.4610720435403755,94.80123830398642,100.0,2.1121469402499273,4,3.4434120374842703,1,63.35210081693788,1
8.358880241442574,65.88943168933918,8.075895315674822,91.97192666894574,83.33306330001493,6.5014835853276844,3,4.479711162521882,0,85.58525960506884,1
5.06164869579059,88.03154742614022,5.710901183774199,68.82302718390642,82.42358773258844,1.0,3,7.470733200919275,1,60.78037773636618,0
2.573730941818245,82.39627518238999,6.294616425600464,79.38504419595003,78.90639889084345,4.999529030170434,1,5.8518304851241485,1,46.065782064529756,0
8.707744748330825,87.33054281465999,9.24781954100478,92.33600434839647,98.81032149839817,6.2624347553026425,4,5.129896767774103,0,84.08517268664008,1
5.770920309494764,61.07237822409948,6.592404940195437,69.634358295702,89.55384077062016,6.675780189992553,4,4.626382914213962,1,89.85867777720239,0
8.475632623946924,83.1149085879779,4.195402507067513,85.21990398098711,98.06106812664223,3.401460550839174,1,7.348944002469414,1,57.672825278893995,1
2.811144682411266,68.12234760082472,6.905045165827995,65.32342942347746,51.524247867745714,7.078180843953472,4,7.244064307100293,0,99.412347452485,0
4.801249954092454,76.02676747448638,6.882117410628465,81.53956148824439,70.80901637262897,3.932570479910611,2,6.299343501537523,1,78.74578478253808,0
6.010487399436366,85.34364898636383,8.79755285406019,66.6941685456766,96.19613385759263,4.671805497775207,4,5.132550132165123,0,76.50942966947339,1
6.093961187529484,80.91093606255913,7.02150463326364,98.94640596707191,71.32822969890239,4.1333555612867325,1,4.286487028466424,1,62.24970851798595,1
5.099869057041513,71.4846002022068,6.3676265328395605,78.58609822576373,60.20594135346833,2.727221298535337,1,6.3860274393694265,0,85.25933152365343,0
7.2456998646949975,80.06273156184419,8.56758421784681,90.89305905316911,72.1322549570173,8.139439174841717,1,2.796180310051039,0,47.13432809285821,1
3.8647591412348112,64.68464684756357,7.181185348751665,68.3519002679397,61.013261009073375,5.096035634316154,1,3.210860304826916,0,64.90314331634943,0
5.715241029957413,91.50267395898297,5.874965977651424,78.76879482329832,64.25672529331386,7.174636757317256,3,2.0978172784301212,0,59.00255146056665,1
6.240591263423798,77.94715980503749,8.732496340812427,79.72012493784496,94.18374185491516,7.0894224835292015,4,7.470459555986251,1,50.36600874778919,1
7.028877668117498,91.18549944255327,7.290492646775199,95.3223480309471,84.33683135461786,3.064119571454034,3,3.55866675174131,0,82.94481182973485,1
7.423229756177779,74.73468312903957,7.004388950019156,87.0368629063552,94.2566416346717,7.432254495343203,1,5.80801557350325,0,75.11707714886349,1
3.7507158163242615,74.76424011593417,7.2668625871174815,76.42408126654841,59.517640992148586,6.0068284870986455,1,4.748884958580946,0,82.07037257791237,0
2.9317716585287554,72.35813213362154,5.393997442875104,60.32038305911806,46.18865797361135,2.9181962710542217,3,10.0,1,65.82549986614721,0
8.555353643797018,88.76173931693076,6.208519335732494,94.73317350210826,78.23818240844933,5.897701662683009,2,5.8838109080716725,0,84.77619327959623,1
6.6646280239591835,72.90568842671524,7.005373902749175,75.2839366774017,70.90785072197389,2.9540642302638647,4,1.2757184815093128,0,71.15712634472794,0
4.503026926886893,86.44595432415177,6.70800445746298,84.68041695992983,70.49341650158847,8.21291673595728,3,7.350871513193168,1,62.91780499041328,1
9.102303951045046,76.1754760233071,8.908642574224894,87.17404734803407,99.81265302394976,6.627573489844193,4,4.2256980727886315,1,60.416668516534415,1
6.231349268585717,60.240367001083804,7.3261087790905055,77.90695190031532,83.42005634210115,4.85770287561793,1,4.598144396101892,0,40.25644350062694,0
8.358594368127653,74.29685932213533,8.282355883954605,88.64336771609081,75.26483937094734,7.529607236434368,1,3.6549754739799134,1,87.46556955125405,1
6.135036962820218,68.20891785637151,7.014093031863774,77.1356709373634,76.8061299179386,1.8360247105929246,1,5.391225037276925,0,85.76357753402137,0
10.121495849763974,80.33902723682337,8.584432725619184,100.0,90.46835678965992,3.501317399759917,4,5.365026275349643,0,100.0,1
9.510681684886409,68.0959226432551,7.596291634859731,94.3868307770656,100.0,4.495160556519257,4,3.7090456447027433,1,64.98070443014328,1
5.502071703041853,89.25975100714616,7.02013072808269,91.44960382062,77.80320077322564,9.471369362851036,3,3.9837109590271425,0,59.99809596587309,1
7.943141901908711,79.08924139646973,6.98007536656147,81.53095864824188,75.93712094118789,2.859034198253189,1,5.202572266176634,1,44.47847166113647,0
7.290751899170295,78.2240400524126,5.568342060563555,88.14753419527854,93.42480746698524,1.585388116518653,3,1.0,0,84.39949515698608,1
8.737263115064698,86.55892137787583,7.760373580204466,85.9284556821975,100.0,2.1112289710034586,2,2.117005058992596,0,80.94739651818493,1
4.070153078839791,89.63906934075862,6.939692898195432,74.56049321951362,72.76927584888537,6.8124317384112025,1,8.339984192196036,1,93.27669878947654,1
7.372102919996879,79.79901248230348,6.247012059728193,86.7010173302167,82.60427712447023,3.8116154589222866,1,5.655641888640483,0,56.25036970867141,1
8.116848973699176,72.28799700450709,8.659692656218107,89.03362442151109,85.53563681009763,4.681826671262773,2,3.950182026518441,1,80.74548346697763,1
2.4825210271537714,62.260303838878706,5.1246759611577986,74.2973548008041,52.80448634619754,6.525665283348968,3,1.6078343369263295,0,62.1693913548202,0
3.63348297466845,73.1395024296482,6.366256156851349,61.623996162791215,54.19355938024059,4.683830744084177,4,4.887367670107046,0,90.15574290921273,0
1.9215356444797989,73.82787753352038,8.5415781231693,65.472829798579,54.05319593339929,5.4082932090161115,1,6.970384183562211,1,78.04322682238424,0
5.461186331110884,81.07057452992296,7.47328441138038,69.6163325288065,61.38249207512226,6.07043029521939,4,10.0,0,46.66458953488791,0
7.435084511591924,76.54853118861973,6.928211608520864,88.30227455956336,65.71352920357253,4.138647216079569,1,8.784112849991395,1,68.03204440483084,0
9.004714104192056,86.87932972051428,7.37650531472522,83.06781723872582,96.22430144328783,4.667365880140632,1,3.2261239597429294,1,40.778286964353796,1
6.14818956083955,73.8701672872931,7.269121256573262,74.11577634113036,77.1014680227955,5.483910804642023,4,4.0084009372314195,1,52.550774315975985,0
9.257231091142584,79.42958833147058,4.725006180571118,95.46472499998427,89.83168638248355,6.73635854610644,1,2.057001539526656,1,53.45803771759497,1
3.2397970835702172,91.8398744319689,6.476107171978057,84.34547709108186,46.611816275317636,3.4152614716387015,2,3.316689866752097,1,60.38587826103586,0
2.5932351212896907,83.41825213954967,9.424782481770624,63.9742143110462,58.45685099687849,1.0,3,4.574313673750496,1,66.05971323993033,0
5.888904602206763,79.39962458311436,6.011013797834249,95.99120616970089,65.43167722753606,6.359166298771294,2,4.2657260067477125,1,72.46874642614117,1
6.768130897878614,73.98055558064823,6.522548478843499,86.04388740630225,79.21934187861834,6.855431837500169,3,9.109134613158862,1,71.71818551191488,1
5.934610503811814,73.66768603285023,6.1875688550362185,75.80221007430967,93.25738156413533,5.400068324260344,2,2.369286115047569,1,69.64210255899735,1
1.8651157999202468,71.49386747048052,6.8694771650227935,74.71914422560816,57.702592495275326,5.536586437913071,2,4.909811101624205,1,74.9857814207214,0
5.821759920974423,74.58993134217101,6.1253157530135525,83.4789758256063,61.23923290202957,3.871380211719659,3,1.0,0,51.25308037988682,0
3.3910609989902936,87.55665838744315,7.73011225323709,60.52808905612433,47.59785028381874,6.000366843069848,1,5.661781560975467,1,71.09768071757226,0
7.339345097660077,77.78111728707731,7.2959701184354,91.40244008230337,85.55426151339805,6.706333639368377,4,2.3165893186481004,1,91.5168853977752,1
6.733196492193697,66.50226930618769,8.160321422660527,80.74003496189238,66.64597213257197,5.1129926828369685,4,7.205252616765584,0,67.51295759704124,0
4.12024042734529,97.68169293059783,5.423588250716559,50.710860175013494,44.70418775172887,9.982496660014533,4,4.417948213969417,1,77.42009148349699,0
4.972266165326613,83.19965191145162,6.489489275675645,84.22106241928924,75.15731710492692,1.872517824657241,1,2.196031463434214,1,76.02437067540018,1
3.881572956222097,65.9305659948683,6.661416052581798,80.35720533752976,66.49879528054126,5.325923341712694,2,1.0,1,82.93402645903875,0
5.874641805453656,75.58151072759176,7.683470365132893,97.75262932719104,79.75383414551325,2.651294075365371,2,3.0427250227806573,1,74.30708349606071,1
7.910284641002477,81.10886382828417,5.8101682041894485,93.77286012696501,90.0920596641939,6.75969184791378,2,5.478761781485677,0,82.68047843048997,1
4.028547907328912,97.04592093297377,8.373480706387516,67.65550529581924,63.518180327249524,1.8370491439156371,1,5.8430272943129244,0,77.60937068766165,1
7.008093031035688,68.9188754174113,8.779623385776413,93.3903594289643,75.42667270944753,2.332156914564603,3,4.003124037653453,1,79.85927513041125,1
4.939484763255118,89.76040719355947,5.516691478546624,83.19562746946465,74.79825824041014,3.733626118901591,1,6.851594086865938,1,76.63191463417559,1
4.414254335475311,93.99486426972344,6.263690657659652,88.45408350874078,81.78436089690338,5.531664339710799,4,2.7285142142098584,1,54.89815978255962,1
5.785939280090885,73.7134569492543,6.202102737561861,78.48342016979001,69.70334560611076,3.8090572226767656,2,1.0,1,52.438534799610935,0
3.929515355161252,77.22486381139767,10.0,67.99178705013031,53.36969002888452,3.829117474801814,1,5.565107301484999,0,64.70158812243606,0
4.8927013893056355,69.63690752626229,6.35514984218817,67.3080627489429,58.00501414172142,4.63821909014783,1,7.580191625366767,1,93.27460792264523,0
3.604244214822303,77.96538858919695,9.516438163234202,73.39584194136353,52.95816295559664,4.515519681876988,1,7.598667347315486,1,67.42520434109022,0
9.929450265832779,79.63410025657069,5.100052007340086,84.16463464685555,100.0,7.974898776637048,3,2.4003815187693305,0,74.64339227137995,1
6.070527103943458,86.59649998082371,5.515523550753455,88.11350924834294,55.02688698812514,6.371822239337936,2,3.9106136253568833,0,40.49040516216108,0
4.600548984014829,90.90183471020447,5.970093202227699,78.88109613873203,71.99499814841224,4.350846520430712,1,6.447640031481015,0,72.90612851002159,1
6.427959821468444,72.51903935378353,5.731466032830216,87.99050113192594,85.00688903177222,9.194023822427228,1,3.7457877840824585,1,71.28862027624946,1
5.77534390061834,60.326749357740056,6.598151898762252,80.25897186811011,56.67127980428124,5.983322349712019,4,5.2107697212169874,1,30.0,0
5.558060800933554,79.78755220723758,5.936832695917753,93.12008647997862,63.55656044282534,3.0620758893729025,2,3.5671202083794356,0,74.36333412956182,1
7.22833340008685,82.9353752996864,5.77098761089814,94.8616016547029,84.16681019897524,5.5130274799836885,1,2.8212224850772527,1,45.23529165017151,1
7.51501542009461,82.49417687685042,8.737707994709991,81.50430518671605,83.65539521752368,6.071025089730629,1,3.2072526971864854,1,59.11976252631885,1
4.938997704778945,76.73326752490956,8.835690433769749,68.80319802691825,74.83036091135958,3.6247505618773035,1,6.911450385902463,0,84.91708019912416,0
4.84836351871064,81.24752099663934,8.423944747562974,65.44507945940683,67.67881289710017,2.8949821783879215,1,5.027565529261747,0,72.36177290256597,0
5.449896605696712,95.15444808352248,7.785998433376492,82.76231635623944,85.34707490192993,5.172918180084884,2,7.543763276811116,1,63.27324863545355,1
1.3961576705288303,83.8173416896251,7.1391145986693285,46.97939914024459,45.16525203273616,4.279556457387929,1,6.04084138990884,1,61.98887200979193,0
2.9696178756028955,76.26631574996915,6.2544539640011365,75.682010813848,47.98737738641984,7.958255776910885,3,8.212930462961886,0,63.73011649550246,0
8.733748534889049,74.99802182904004,5.570263742867362,100.0,81.76807254671672,6.48231164816983,1,6.636136385917472,1,72.41333431736199,1
9.289935427002568,78.3014764232227,7.544493555149031,87.65951444550834,100.0,3.7184494518268387,3,6.518681660493409,1,51.990357139062084,1
5.501927920887243,96.3673996183064,5.239554411179803,75.65415425850767,73.30777894489262,5.851876221897177,2,4.759024202728636,1,86.86626202219996,1
7.153113926111533,78.16699290473802,5.50911860623691,85.9317794441818,89.25584256392114,7.534256285449479,1,10.0,1,52.786544816836795,1
6.622500309087072,79.80205655479293,8.729369884307214,91.95233315013203,85.86622684681427,2.2123911082007,4,5.225396439789069,1,44.09413700740572,1
12.0,75.17686429063697,9.85097356258313,100.0,91.8015014723616,2.9544435180244957,3,1.0531532617482395,0,84.86729697920606,1
8.239149822869154,90.98983357441965,7.589942707249721,74.34082518565998,78.03407292698049,4.977662765440938,3,5.536067079227934,1,63.44618013910798,1
5.744164817038467,99.59837254744676,8.659685728441966,75.53901690992551,64.2587384971926,5.071203935810068,1,3.0354155135251393,1,71.05689385988653,1
4.088919118799149,84.50613049431388,6.631227523834025,67.78442863839227,56.37287282787727,4.895604989074279,4,7.03404304320323,1,79.81946525514252,0
2.787107359484855,80.82772903785425,4.9934887208684735,49.9288382485588,52.519090891143875,4.378445642424644,4,6.451633516361877,0,59.20844578158171,0
6.406927271734446,80.36782833174234,7.918257427927876,77.18353616563161,88.43305957657853,4.3478793550959605,1,4.6169727001346965,1,72.05718628530117,1
4.487298509431393,56.15693211214254,7.853933984905096,76.71418199066308,78.90861458042735,5.768516273643257,2,3.2242139731136783,1,79.72322472382805,0
3.1554925808046517,87.45150864284817,7.1075028308203665,62.990673875627685,56.00404718279795,7.267885107278346,2,5.292851453441608,0,94.64852328812464,0
4.706854231514947,81.34166415995844,6.636436812842333,58.0880594715006,65.72831677584225,4.038094540623146,1,3.7175323842858905,1,62.33411661251811,0
3.83690399277121,84.28342050660726,8.443315867871647,97.92534694395519,55.967086716054396,9.876798690341307,2,6.5756079855676735,1,63.05579199461749,0
9.37428327014513,72.88537805916295,5.521400449858788,99.53319500276746,97.13757659325623,8.921382871480633,4,6.112031428516092,1,78.44989928987992,1
7.763279513898901,76.15543121022908,5.839329131664013,89.93333887056126,88.60488591073278,7.6585112591601625,2,10.0,0,73.12889446088258,1
5.9840547173667655,75.88975063496827,5.4878402398593575,68.94100995616337,83.96908385422324,6.244966669123124,2,4.10977092269815,0,67.94446360757755,0
8.959888277780053,90.21622984073039,7.12745944395374,97.40650300861302,100.0,9.015976212940313,2,4.393148743030712,0,93.8903497376288,1
6.154736615295237,76.21240163396907,5.368160481836113,79.13154523606124,53.90723918108091,4.419769270001183,1,4.690448652126453,1,44.763440960326335,0
4.2774315973434724,100.0,5.973636729227135,52.5019238595633,64.13914010768966,3.334791176019531,1,4.778028931457837,1,48.673818243132075,0
9.046248154539315,84.30862419015037,5.941366656659203,84.52868637255241,100.0,3.9480558811920314,3,7.054157875922959,0,44.93677090366921,1
7.077820087369317,67.24317340004268,6.609087501499062,93.33836061358603,78.08577125116673,2.994114393819837,2,4.447308709875735,0,88.02519941499962,1
3.925507691347087,78.71453706748044,4.768938330394034,89.06771495673985,74.94546433171541,5.24360264462674,1,8.94476343228699,1,77.72084981830677,1
5.619322643832784,73.48324877843584,7.1308074880559005,81.76826726959436,70.65141786288481,5.599660928255487,4,6.164550219451403,0,49.43882374199782,0
4.248763493230486,58.056175301799755,8.870955475997016,82.27465024908611,67.24181563380256,5.401679677362214,3,4.028527904023951,0,68.1544991297616,0
3.234400538071328,95.9947094011379,7.203237058475143,64.61444960452454,48.03749630443648,4.975137295636401,4,3.517508630038658,1,69.58486609991546,0
7.852355095063283,87.03142542220004,9.31198171720198,88.39631386851039,76.12164499471456,5.266309056343231,2,7.081744386816913,0,36.86170571194629,1
9.818833280940261,85.33207317899313,9.000997278815387,100.0,100.0,8.472647617699778,4,5.057040303773621,1,72.82415691918571,1
3.2028648523617176,81.65403660299704,8.166602570871781,82.64209715360329,68.03537191617696,6.240103735278168,3,5.018120107513511,1,52.336809068000385,0
7.125938473381142,66.17982431307563,7.112028763955329,98.64065930156193,83.01991990229178,6.845017593209643,2,3.803039547151762,0,80.60002820336504,1
4.698714861756346,75.16382860444563,7.033750582368159,62.82994355493354,55.91704674415416,5.381579873373576,1,4.877108638158985,0,52.795881313303006,0
5.0257492324706075,88.41780774784013,8.14569965854489,74.45915725920058,70.59254096089579,1.7688226030638452,4,3.7220902983944564,1,73.28739730781544,1
4.815212151522262,69.48779970217497,6.412494085743951,76.85130760237426,81.46362251587635,1.3722350590609778,4,7.723422912451996,0,89.41855349184777,1
4.272018460640368,54.682306837491865,4.176218872798804,68.76331266812655,83.0607754643598,9.16561998041703,3,6.434120304510795,0,84.6184012151984,0
6.097043255889654,77.72893992219073,7.73800608115444,84.36379171360423,73.41518021207878,3.9363554495375572,1,4.650462321398452,0,77.60747325575724,1
4.3380997671779244,78.58242445972462,5.303397055097543,79.89626695257908,49.429920100489646,3.7664973116961358,2,4.621063833894539,0,68.77996635337381,0
6.540913651559678,81.35563416414709,5.556788157714423,92.73266577734981,87.64911790490586,5.4913264827544985,2,5.184348336478434,0,47.4984364436973,1
5.899523781101726,87.28518643514536,7.000335921993682,96.35632042772386,72.63751172206034,6.100805956659855,2,4.988919522255734,0,63.41356239550787,1
5.522103906267181,86.37605812231209,6.857312683669795,74.31610848408755,82.5630298532135,6.353724274668825,3,3.0861276413816645,1,66.60990746090638,1
4.184872675916804,82.58769805243922,4.8818865905265545,57.28403173119088,67.91995830567703,8.548837065760008,4,1.1984517432300361,1,65.53266484775118,0
4.846457338863335,91.9553138808671,7.24823734619971,77.8146326344612,60.24430297556151,8.001472765315883,4,3.4045986671179427,1,46.99716636520546,0
7.510782451651512,64.81030219186685,8.449209491291573,100.0,85.64713831650289,3.378133550722357,4,4.742965018669939,0,76.51652117235805,1
7.0018343752487615,85.0458181447739,5.307487644601325,80.2394132767032,95.09438992203584,6.937469146843578,4,3.524333604565018,0,52.28626491512071,1
4.044889510402898,86.26538363336942,8.90872499627314,77.09291732265169,62.777797172744954,4.231818163578403,3,6.6386760607911395,1,93.19163415408481,1
6.198664610858452,67.60437713919761,4.659743762305084,87.95078097901869,66.84393603069694,4.724982511138447,3,4.541693728198491,0,72.22031777978042,0
7.502774246743578,64.97129391317611,10.0,89.428291707164,69.1302037944949,2.812021588097275,1,8.74714715005724,1,84.68893942021678,0
2.6611894377572565,72.54057873524398,6.383109354274775,63.375194399223425,48.24548975789702,1.613854292337181,3,3.877011483541702,1,84.37889710518013,0
7.08672038475987,73.38458557484708,7.218425495240337,76.19930986658542,78.41895969084939,4.936876574735423,4,5.281433597403114,0,100.0,1
4.674752482108307,87.5341946350243,4.1619496412714945,50.55714168633576,76.24850625182243,3.0880361677775086,2,4.422276487660431,0,72.72821507858579,0
7.141197337186319,73.85461216308906,6.9067959002960375,74.5874796192913,71.63869134500169,6.855627357144073,1,5.8795561154696445,0,64.14908125285088,0
4.473481686914966,71.43651481718796,7.342723266577288,68.46436694345783,82.37840897878615,4.437843512959757,2,7.131502257994088,0,64.43822212832625,0
2.390235798670962,73.88366263305441,6.870756843850758,72.92540586758187,40.96989268361386,5.617180437899747,2,6.216561917854193,0,92.44153962009703,0
2.7449151242336747,91.18632334154212,6.155378384421439,62.69329499765462,79.78435167097041,7.735051507830864,4,1.0,0,50.19646876116049,0
6.096169893322764,80.13043374376952,5.580153222208278,75.29059227743232,93.8322049274813,2.029409636435784,3,5.999723220945735,0,56.82813132710227,1
6.519445003442963,78.20748974643088,8.695789929305967,73.68737059768051,80.52833251453771,3.5507652229006252,3,2.978243715437922,0,73.55487641097196,1
4.191366749791182,78.89994501298949,7.046210702496925,77.52489203405072,48.67126515105117,5.3617672491317,3,4.380461643167444,0,67.70803818966256,0
7.277184917554748,92.92060334326523,9.311128564775158,99.96949625207978,83.10886888550426,5.625049631646521,4,6.378658373674674,0,84.51466686557511,1
2.6769598754620803,72.50828273396758,6.210276467807615,74.019156595985,52.193349672907424,7.206995002544652,4,2.760478183169921,1,49.91960143780868,0
5.867840402705367,93.15508290940105,6.347807959941674,85.40069901111153,62.46417018572296,6.734306258081196,2,7.311896014970101,0,68.99580988550201,1
3.5779676004750867,82.10496298921504,8.223391366894244,53.13371053854603,64.37790187532494,5.193867251461478,1,4.293228200897534,1,67.1948238622201,0
4.696327784395682,78.39580618024652,4.565537556994654,69.96489649354069,59.94153540781765,5.60680934119451,3,9.341874745836229,1,53.9163404400127,0
6.094797342632828,100.0,5.179804959770616,99.94702900206089,69.41972558530115,5.66215178198098,3,5.137355651587524,1,83.17990180949369,1
4.279173269432095,69.44360510201403,8.646227457029745,82.61537126631274,63.638253270869015,2.060575270652489,1,8.41068548530354,0,68.62323565557871,0
5.230888911540349,76.46314240432994,5.242099106165208,60.77941237535449,65.63624518218506,4.687249045290077,2,7.395358449067018,1,67.98888083729082,0
8.012585618428881,67.67568760836,4.271423477046179,89.5070228601517,100.0,5.496946435994184,2,3.7777898358910047,1,57.629448140973466,1
4.846216260953702,89.52461970536169,9.802790782109636,77.8620656313789,63.72015123572672,5.917101717570213,1,2.3966185447329558,0,64.45201625821919,0
7.671384224130284,96.89188933651678,4.909273528188692,80.73533649038922,90.43711545872645,3.1512731198716812,3,5.227254722475092,0,54.67558616619151,1
3.740586290684764,96.6992278140464,7.276179097492254,45.61089123933533,63.8987426662122,2.462404174942218,4,3.8347137629556505,0,82.9564957804664,0
7.059608355830566,92.23948753146004,7.103627789086406,86.28628222931715,85.8851523875721,4.530934814963839,4,8.159437560174013,0,85.4922399513296,1
8.8831372413158,78.02379532204034,3.0,86.53810363037462,97.58970748400412,8.934732222182987,1,4.506281656654754,0,95.20092287203377,1
1.0567109997454214,76.34759022510154,6.599024465248287,47.44513760788026,55.15388086453375,3.3615049745426626,3,4.399192082962452,0,76.51080065382178,0
4.406209489059046,63.28830227505935,7.672619874218665,68.48424384598765,69.1017176905407,7.347856494709619,1,2.2082030785259623,1,64.91172110030321,0
7.15414425436108,100.0,7.531464072278291,84.43396212525728,85.17382347502968,8.16947928609024,2,5.838434026159538,1,62.965551653564695,1
5.593909227914015,84.68978078148467,8.355281025705253,77.87871819861321,74.14822605216548,5.090933052466387,2,2.6515554361063347,1,77.35972065610478,1
6.742291746742618,75.08043095130517,6.418763027641849,74.87155974449307,79.06957195705596,3.6403041306930977,4,5.88487382576143,0,73.01295331841371,0
4.792029626568359,93.28056888986967,8.068756663138242,71.75805283650102,59.63419894280338,6.025639127316451,2,6.160183452996006,1,67.38687780487182,0
6.1731795749458,70.2723548324,5.966006397879893,63.29166417070145,76.43039367547279,5.389980584198992,2,3.5006497760512705,0,66.06882134686289,0
5.688645529215841,84.06622034222674,4.884298875380837,81.55361829975999,76.54454692795039,3.281792039619383,1,6.9131598620354255,0,87.56785631158738,1
8.335564123319614,78.27370865709165,5.053407436478151,63.115066483186496,94.03503030564563,3.682394347256448,1,4.4502491214175235,0,63.52228984274438,0
6.508841686602426,86.386771398803,4.806834317206878,79.64930762867593,80.85589784951691,5.907159704290662,3,2.0575126081915602,1,90.20013890254063,1
6.675205324150404,79.36426460813878,8.514378951836791,92.56788815752157,77.7216818104171,6.866880816337095,1,8.090574680627384,1,72.73204291000307,1
5.1762460677550655,65.49072108888775,4.728139736412166,65.28782346602706,70.48667737457141,4.354419597369224,3,3.153058851851362,0,64.48178775126071,0
5.024787551855013,80.75576372670038,7.411058260973955,82.28823979584907,64.61226046562216,4.861732870223894,4,6.01414108253296,1,58.22096132036363,0
5.134883624360758,90.48864141875362,6.601113708891351,87.23174524301271,73.94154165623019,6.33727714102216,1,5.851588948094489,1,67.68212905100876,1
6.788904284756594,79.70783594146015,6.846027139824052,50.86552189880909,78.52214342939834,4.655026231652129,1,5.778369347848689,1,77.55048505827341,0
5.158031038359474,87.75115121589086,9.045410942799549,74.27652615603995,72.75379561213154,4.401346053408231,1,5.7437238318602715,1,64.34480562409007,0
6.579549713792826,69.54470514325946,6.34235894917709,54.140014292681386,89.48532871658247,3.4893183605455484,4,3.0596247268799956,0,82.7550332947066,0
10.150801597290878,79.73739206730149,7.917402342324525,99.57192353074493,93.81122048732107,3.454630753251938,1,8.382699203005442,0,63.595617453574484,1
7.742249406863385,73.75489544911423,7.056345027071668,88.63953492450366,92.42045025028514,10.0,2,6.912498300401278,1,68.12823126413302,1
5.347952935664318,87.4698084010471,6.771971641550953,51.914324819213206,72.41981941283964,4.607596679841836,1,5.9501134625008,1,50.69958396262755,0
8.402427844327889,80.31491562261996,10.0,100.0,100.0,7.730116643024449,3,2.334047528968742,0,78.39215255206543,1
5.183849253956897,86.90073676336613,4.837987381426945,78.77940434613073,68.94009223910629,8.367986675038141,2,3.043264248689133,0,65.99236459645653,1
1.9237509296442923,90.87710426157867,8.933697753156167,51.12852032740111,58.494151409376414,4.632835421013682,1,6.314913253378327,1,93.68305761003836,0
3.983827378165192,86.91618575121389,7.984609848234959,84.57293116581116,64.05649878655092,5.736859616869538,1,1.0,0,80.57215025902426,1
2.2584161579482886,82.73118434293644,6.280712508052324,43.335948583318284,39.66745186455479,5.2049569640660645,4,5.677407719880741,1,71.26749660591469,0
5.296973031917383,70.01787741488594,9.443977776162418,64.19315482440375,66.57494723631285,1.7756352986826465,3,2.337646405228758,1,88.37764031540362,0
6.036836758379104,79.97213889333099,4.227834831417195,57.189628555196535,85.02573160455856,1.8960539755036754,2,3.263936444980774,0,76.07663274133161,0
9.352874624550566,74.66909597984167,6.217350014051393,100.0,91.79030314122066,5.097696933808546,2,2.177864784664808,0,85.12390181282157,1
6.653854747528325,76.55936043295773,5.187276693596386,86.59273745236166,57.72056533677382,4.150172922782808,4,5.492212831564605,1,57.064427505140856,0
5.561798942382271,76.2546584924975,7.61812519730719,84.4030126103963,73.05676348504859,8.78316067678718,2,7.232722903668595,1,76.91783287361676,1
7.658811162366979,70.20074425217756,5.330403848219234,91.30406815101965,75.02950399469177,4.526854122610763,2,5.69603504762537,0,77.54082790904515,1
1.5777293819842297,60.426614108660104,7.649595920111978,63.626324521366996,50.78455361787257,8.90185799413625,3,5.915666097844494,1,46.828884021681546,0
6.471229116217132,73.31856951672233,6.720345376267669,83.13692272004556,94.33884551128298,4.047217207728911,1,5.335917792309764,1,92.59938196134541,1
7.541730387773933,81.93379451924159,6.280969086015873,90.41786536594408,92.94495543467264,8.824400841217868,1,6.365387021741278,1,52.59501613442927,1
3.042827508440317,66.51822954572509,7.582970869049966,66.29017190443109,73.62352333804168,6.012848993894693,2,5.934171228500029,1,50.51556453101346,0
8.287508086413858,80.15682236471625,6.597067564092904,85.3516223763765,84.10992830403823,6.126583791542394,3,1.0,1,30.0,1
6.676992814988829,99.00268424310966,5.367047735411441,82.91871642279744,78.63029355357764,3.9764720865327012,4,6.812613475323289,0,77.10783909740198,1
5.169424172198397,90.23056555252239,10.0,78.58306659360876,60.57218306511258,6.153834360807378,1,6.602303923921802,1,45.3540185962798,0
7.26556373221257,96.4354150912053,6.269249225456283,87.43330985658416,76.75294794287447,8.3854268661625,2,4.275374338683187,1,62.24620770464536,1
10.541385715608792,83.91127876932727,3.6735863797719777,87.92920750051078,93.97946597079095,4.710345011879725,2,1.051586544534615,1,82.56802581209823,1
6.36373251011699,91.67509822986446,5.736851965417917,68.36879586450085,65.11516536858237,4.321206369266764,3,5.484948051268813,0,72.88079364539342,0
6.496441172600672,72.76035269532213,5.099084967440905,93.31062020216727,92.63721328891744,4.506474922279823,3,5.6533216082729965,0,60.64454109081609,1
5.081278200919511,73.55659732978016,8.239218424060773,72.33645054576354,49.568066255252845,8.240223210012875,3,4.119033034878312,0,46.13980733763302,0
4.300311261070417,52.60859793862527,7.482478989387379,77.34880977571149,79.50325661446807,6.7107024140021725,2,5.373399448693383,0,68.38580671882747,0
7.660671633088491,91.86145474042299,7.598069202685516,77.3821590682185,98.42461904773326,7.895359980942237,3,7.143680515940741,0,82.82912895479582,1
4.287832348182265,95.40323979819885,6.444966301244134,56.70770297444602,70.72492084388357,5.627245420968539,2,9.795043436590333,0,80.51254670129039,0
6.143132474438785,74.4682275465273,6.580974629414618,72.2796962468768,65.71372216569202,5.078638713555664,1,5.293807345831732,1,96.80171253861279,0
5.044685106469767,77.46048293602765,6.443603344588498,72.9977748246347,54.44635952438652,5.847888078141264,2,5.667827362706484,1,60.19812140004541,0
6.957959651492784,72.46137886309039,6.8782102237967955,78.13839526461979,76.26372109632106,7.14031706882508,2,3.352422249629213,1,50.24449459428662,0
6.667324210573897,83.82653551477492,8.253000153047253,96.27595628392663,86.25514982684263,4.50576351482427,1,3.997215908046843,0,74.64926468266633,1
8.075079888515798,91.24932545303241,7.50411311875802,92.17063245795362,88.48111570550154,7.737353986713573,3,4.7279147392570415,0,73.17131842810063,1
4.979967202290506,62.57228026118959,7.7501692444313,93.38922219707112,59.44480826279546,5.731661114131754,3,7.355436070781196,0,69.92710580824124,0
5.460250129413257,84.09438530642252,7.749338362373804,81.34533218778046,84.24354862304443,1.0,2,6.637915512056116,0,58.804029853537834,1
4.042472568435385,77.23328228280855,8.326663656072608,46.086854662978816,81.09866869242768,6.766986854210389,2,8.858706688015925,0,30.199313497263233,0
5.111413479847776,81.13394391966689,7.432225062310382,86.11748346382443,68.40248923894069,2.455389973476035,1,2.019547648679582,0,54.90080106772479,1
6.754600986089704,84.58994001674291,7.538272109018378,68.67748870574897,81.62097495251169,6.718345521347975,3,2.352530058702055,1,78.35602699442614,1
7.513977233290704,78.11797561227179,8.783209361789735,89.87522283856691,69.99537656344927,6.803035996476332,1,7.204165870471865,0,74.25945397601886,1
4.155669351644749,78.96413146594219,6.002431122995332,63.0315061815853,60.79014894877814,5.659785194762416,2,7.897720752628977,1,84.47896000879089,0
7.73921184021132,77.86124832445361,5.716386130072739,100.0,91.53967082127787,6.087361797753387,2,5.066256243341865,0,75.17772863548693,1
8.711275717609901,89.70316201788282,5.221117601219716,100.0,95.81621970823718,7.1977415756879735,1,1.0,0,81.04025863874952,1
6.826869806447402,84.18759960127497,7.274371845430384,76.71614261521944,75.88454034658734,4.008744652378545,1,3.512941676202505,0,81.47098031516128,1
9.753591625116131,82.2058353773736,4.219401638171315,97.49438144436954,95.77911466593233,6.586859319404957,4,5.67098730429878,1,70.30712755492749,1
4.452421601792854,67.29048278907717,7.693231144089516,74.70808870545645,62.24242224531161,7.3260466059140725,4,3.201174026844534,1,70.41248130599251,0
3.510690593377166,76.21420256786845,6.836210358249171,76.18759368250193,58.27949642307914,8.520165195076956,3,5.370252313875431,1,30.0,0
2.442559502191443,88.98669160339175,8.701959549731585,62.50431663420734,58.887705038329926,2.7884394278805935,1,8.797110897743954,1,60.15123874956793,0
8.992088622978367,80.37696573123922,5.992124034302514,84.71149412108316,74.27716088417898,5.817032129975536,3,7.852265639190001,0,60.7989591089351,1
7.308731312708115,86.59531469589139,6.69502257187374,79.36807017154005,83.10889272816948,3.077021601877071,4,6.617784490740277,1,68.36794407788513,1
5.8888306581790895,97.66511800327633,8.683304999940052,79.39933532712753,78.83273930533143,2.9921559645970044,3,4.871101442323686,1,56.04491748035339,1
6.5599372526396404,90.38606069208817,9.07470347016723,95.14425605084512,73.65477665942706,5.7180555448119605,4,4.010663884199216,0,84.06346020637342,1
3.749021905403247,80.93158337699742,5.97977145137227,73.02348813237667,57.70080099277067,5.154911629592277,1,6.515502630554948,0,56.777350529882206,0
10.891503959233653,74.89010829804273,7.27267184888074,96.72337053001812,100.0,7.29000295704397,1,5.050789305000454,0,86.5364896242583,1
6.258442363950455,54.46450403944102,7.441628466526073,87.77593959685018,72.76015444833114,4.3076471008115815,3,5.11940887874474,1,55.58267447106072,0
6.218789589209786,78.31615077527148,7.560480108431722,77.22409955726732,77.37157531376246,4.731897127605978,1,1.897568774237946,1,60.94330306040273,0
7.451533247797384,76.73987504183151,6.606136511026567,96.16174629085533,85.99922706692215,5.423008524676369,3,3.570939235548215,1,59.80281470385182,1
6.962018463473426,83.90366194395375,8.922075097185452,100.0,60.76696761850256,3.276342297127088,3,6.503720934633629,0,62.55648985996285,1
6.447768048558263,78.46094773025312,4.165444774567682,78.65057653335582,85.21541200607246,3.553860309968138,4,2.7978663185028254,0,87.67956919062391,1
4.419051089109376,76.79614940563205,6.368304647798374,80.1113070428106,63.61431769118666,7.232197331545106,2,5.5314141972049145,0,65.09373058109486,0
6.942936714271991,62.2060106949278,7.6718960991594205,77.26075025098265,100.0,3.9020899174377823,3,5.825007189728279,0,65.47516306588093,0
9.764048992950068,70.60032170849934,7.685837217924015,97.69760729283736,86.66780856871333,7.364953132899371,4,5.941775631508037,1,58.873050577593304,1
8.690840092309955,84.76651040800557,9.029138545922144,93.74982333027079,83.47189546631641,6.214625161336589,4,6.120528432715378,0,66.10309788877112,1
9.186373253278795,97.15907631132694,8.797338089801931,93.99502966595017,93.08914973384016,1.9049379490221292,4,6.2554521062801305,0,73.24672764240161,1
4.9775686471376295,79.02474616254376,6.571687562039164,99.51798012343839,73.99766637968614,6.060757383675576,2,3.7524138159149416,0,66.77258690207462,1
4.020790359482838,83.27811073574124,8.949806865295907,67.03802105063036,44.617068883182014,6.044959646188254,1,2.0646908726776525,0,67.7456248221897,0
5.748426159800704,89.52478156952806,5.928937384333818,84.6106461868522,66.19955643764315,5.845857217022571,3,3.2529291752333,1,85.24045590406767,1
6.111449824577389,71.8910606379975,8.396331074187756,61.25638042965262,82.58190055320277,4.716246547233978,3,6.459842393809823,0,74.1047417881152,0
8.188383036941897,83.66814043285443,9.71578371763149,95.26188081840559,79.64905875732595,3.1198650892162965,1,2.5983068124086106,0,52.736727688921825,1
2.6150707405703613,72.59509893667841,8.822416160282454,74.49589962637427,69.39068820718444,7.692425532225241,1,2.918778640230986,1,68.72102139051111,0
9.059100638921228,88.64824438491011,7.1586555752861845,90.01952976881563,89.81576784503665,4.796840822554329,4,2.9077119984846522,0,61.92474727824928,1
5.683984202842021,81.51403047951733,6.502331842341817,53.31769960380598,65.11017320363317,3.233187679329264,4,1.3080510905134792,1,77.81538936312026,0
5.14623786010516,82.9845181398144,4.707113055611071,75.34467161225254,76.97986973852616,5.914937372176016,1,2.705991267736401,0,71.544097110759,1
3.975791249479665,72.1740140258141,7.465809456871306,70.0507947512536,79.93092136512246,3.5144400585334856,3,7.000793826647341,0,86.95466215505482,0
2.6902866562684613,87.07032359610785,5.327174158043621,70.69218378878534,60.30568252504973,3.1018279434297575,1,3.5664706945688778,1,58.8993807591254,0
7.646341167923829,100.0,5.810298004579095,100.0,98.48234099977556,4.2490547755951225,1,1.5021236868913075,0,67.11369756580285,1
6.146635934376808,69.92088304571794,5.213881298894993,76.93264316588096,93.64616901263048,3.6692044713638508,2,3.976712290170835,1,54.03828768784521,0
3.4200782005178922,76.60240992352476,6.309411501015017,58.537509765986655,51.30188240383157,3.175515496030851,2,6.0210944317873345,0,69.37295600120217,0
3.409842455872768,82.31607474168092,6.958045878269527,55.380034265649414,69.84296807583247,6.6128235245235185,4,1.3384544702326746,1,46.951284749698104,0
5.328430601419743,87.86406211995816,7.410421871748557,78.62293917741471,56.73587851548299,4.772344371075201,4,6.906620619532023,1,74.82226848775089,0
9.338043050578786,74.40453714710532,6.099240046879055,100.0,100.0,7.504559891031784,3,2.1180383692818423,1,69.1681062200372,1
5.48081729727279,51.6696970985726,8.603925559592774,71.94753254273812,72.17172487848856,3.2909810445401284,1,4.209032722026628,1,72.32777107071895,0
2.9937140937637876,93.59189494164025,6.687692113015051,72.75539792607682,70.39178659300335,1.544877924727328,1,4.183469780008766,0,81.82201965541246,1
5.508513871828112,87.60506119584143,5.818416350101721,82.19641012733231,84.77359836081709,5.297540698498833,2,3.877119786488947,1,73.37203733943437,1
5.454552860504659,62.57052469513335,7.339438400865155,77.7050811989722,78.42515066837197,8.711957843612831,3,4.870396603036955,0,50.84833695424127,0
0.6062267141168567,73.92431208220444,9.945329250315723,44.00698636314303,46.621639279529326,6.061973658724004,1,6.557120707953397,0,61.661908366895574,0
5.8914102669643755,95.68182429527326,7.502740849802676,74.63840817997465,80.43214836900577,10.0,3,4.9183968373935825,0,68.79727642854634,1
5.538130939582644,94.47796418457867,6.4557165589395895,53.393101721087774,73.84649435126133,5.664118241898177,2,3.788652679813474,0,65.07850794988562,0
7.3924127296268365,89.38640022678945,4.7088079658219435,89.31993429011452,83.74251896668198,5.471104422576181,1,5.914697369521791,1,66.91062940967699,1
9.69791218989069,78.23887566040138,6.670881518541894,98.7529738369278,100.0,1.0,2,5.414527457245012,1,94.32178762228052,1
8.253130059095515,80.8298741881251,7.352392187632173,93.15044020637244,100.0,5.855894881177057,2,3.660992880146348,0,71.5053316913014,1
5.462222618890339,78.69074194873873,6.418628663116645,82.3543032500973,71.35674373631997,5.337335520038582,2,5.084602844168732,1,75.73389424822477,1
3.7869481825166593,91.28239783268837,4.5019230426385,72.79295577690553,65.0980531252074,4.185157603590926,1,3.495314993584821,1,39.867977566439784,0
11.14671960649972,71.2415759350489,5.72415191574485,100.0,100.0,4.726442265881859,3,3.268522543206114,0,81.19006978349302,1
6.118436868028977,71.94200345115796,9.181807691331636,81.0788647717724,60.593636788801916,4.863798851315642,1,6.611602428299811,0,100.0,0
6.027858583825893,90.10274586836016,9.15100150559569,66.09612875216777,72.80279572683528,4.640141694135872,2,5.893917613138311,0,90.18481204427684,1
5.951749825779993,79.55638544488438,5.670041246193103,73.9215426720057,91.70754096516099,9.179429926251922,4,6.540759270473096,1,63.39714724131704,1
6.39616952153571,93.78467355453807,8.009135180799133,82.48555814451316,70.87925837889615,4.2582759443899825,3,6.270257002303022,0,100.0,1
5.711279176152115,73.28487793019454,5.232140822844739,71.19786012163698,95.41310967992571,5.338627447707714,4,3.2255614818918947,1,70.41244549893308,1
4.852675986239527,79.45221639661175,9.106474422992429,82.8648878899231,80.83731901333098,4.192197833227587,2,7.002563860133584,0,74.59819414782099,1
4.906282117519216,70.77587015156047,7.367853771841355,67.94508977804577,73.45267421057738,6.56686237328776,1,4.404785779436156,1,65.98845676318275,0
5.934493459568003,80.07362681423567,8.4244622479248,81.83552141032318,81.21539361717223,5.353527399944413,3,6.858435646534432,1,65.60021697692083,1
4.9131504577324705,65.214530630012,4.427359979226192,75.7314088568157,60.30683578304457,4.440178853659037,4,4.749766780057407,1,36.27857210843395,0
4.574308434645671,75.12366579045037,8.016455652887332,80.33431810933246,64.793563085627,1.1480641081856344,1,5.626326175758646,0,81.81241047829685,0
6.212860455383794,65.63746135071882,6.988488904473245,90.07221401720199,91.69115383552037,5.4866164505775,3,5.686455857894035,0,65.54502688791172,1
5.490045565158289,86.93923233191258,8.277893606186264,84.39055393547085,66.7949799992144,4.380847452840499,2,6.62640077056878,1,67.17908968189431,1
9.007985977165378,87.16589339759652,8.372301697146774,73.97986787199555,100.0,4.878518686225798,2,1.730907757982258,0,74.10006466207703,1
0.698060383213976,62.697372695156545,7.098677034212124,65.43178339620114,30.417960404913273,2.6350841055093333,2,1.8472045745811458,1,63.78132648548633,0
8.183013703844924,93.33885745500572,6.098755541356128,100.0,77.11649809831944,7.866564345440391,1,6.343421730204352,1,73.95740165804497,1
8.492170384995259,100.0,8.169544273269242,87.6396090817616,100.0,6.713486351687744,1,5.712724929986726,1,88.04590764168374,1
1.853219535183701,80.46006386736342,6.909768250892308,61.632566802647005,51.00094574869897,7.861411995281264,2,3.448712703622758,1,76.07220030542526,0
5.314624811839303,73.58885739775356,5.690822569708536,67.6648072578887,66.50275000109241,7.293958601561908,2,5.728617818033483,1,67.69754294732866,0
5.257118268008417,100.0,5.619771652813471,56.801806272720576,85.17011787804013,6.184634604254923,3,2.184079579792198,1,68.1475734417599,1
3.1849766105643575,66.8103150169749,4.784253375531428,58.53773039739792,71.56807521302119,2.7154349825471145,4,10.0,1,73.0089036861663,0
4.444366624818249,80.20106466869099,6.234563260655405,66.82044272945515,75.87374540148188,8.686774328143716,3,7.623142773655886,1,57.51774553509652,0
3.7788483090683425,81.79622272631923,8.654038069111568,65.34573423182356,56.974110660289,3.144729698224979,4,6.2446053548157465,0,73.11789551913877,0
9.504540886847245,93.45147620452414,7.266744699558151,87.93356353417634,94.15806956170671,4.4631847518500765,1,5.151260741354974,0,80.26856338710903,1
7.871356786294922,83.59738975126788,6.205348441115439,82.02253226330222,90.34442895501684,6.413804561253842,3,3.762543910389406,0,71.31274144166142,1
8.543110189988317,75.01366104211549,8.207283907270119,92.60548773365751,98.20265456140227,6.5130815743748105,1,2.3796275213082523,1,63.63800653099938,1
7.44334412808647,70.48815629612044,5.751285067414917,79.51445080933092,79.57522902833345,6.144473453889116,1,4.772354745021152,0,65.69344720255113,0
3.7418964575655416,76.58178179753864,7.143025411499168,74.14472561332799,64.15874985160022,4.199423037341821,4,3.2804787286097508,1,79.78253260464804,0
4.950959467440453,69.93072639054856,6.730554440911727,81.57140385117665,72.37966981261678,3.7861367452890504,4,3.397116302693508,1,53.49735693124515,0
6.978749122455836,80.47825319784683,8.168695938382529,100.0,94.74019229848756,10.0,3,2.1664867204509135,0,57.753142842305635,1
3.5557443822161092,74.35803820139513,4.634157443620749,79.03552123231518,68.87912458264785,4.921372123000333,3,5.49932610386221,1,45.896484793288636,0
7.425996860344776,65.0596220671025,5.724703381278016,89.56101488500802,69.48796471371575,4.676457230722328,3,4.246012988354212,0,70.50998049009705,0
5.5193492036837295,92.55145788374904,4.542631511358199,71.39410305174187,70.97979213724852,3.572887018122493,4,6.07014314965174,0,82.92831513611834,1
5.250358384900805,75.0232747657096,6.610604917286095,79.189265441244,62.21431660957066,5.489340698141915,2,5.914197587309576,0,89.97222739686285,0
7.421919936406983,67.31863195024687,8.817141255448647,90.37555928119846,90.21239382455863,5.396045601156142,2,5.458929260159325,1,93.22998764792084,1
6.88852662297208,78.31740865512458,6.241829185519709,79.3095022248038,90.56269324288292,4.9675475825914095,4,10.0,0,59.642887867131726,1
5.278067668361841,80.6837156596766,6.233974092706524,84.22765230933798,72.68396586627348,5.763453293575772,3,6.6474110271310884,1,73.75046448267474,1
8.318659606728495,62.53533274420967,8.307586636276206,77.61231788682372,87.23068733409247,8.527075004884708,2,2.4788679787002037,1,63.96531488223946,0
3.8378733448002054,83.31647667125763,8.60282433768295,66.74536836862592,63.718937999161064,3.809894587418203,1,5.917472895842939,1,94.71465928337679,0
7.231871213888527,69.52842431309736,6.867143399096815,91.71794066261671,85.4804200181087,5.08616748440424,2,4.891962514063022,1,89.55169450158708,1
7.186202515936768,97.11028809190788,8.027072281074839,83.05517110376286,76.71621857845153,3.704303094898888,2,2.316938858347066,1,72.52107158465891,1
5.38090712137202,85.23960512076735,5.3845681886830805,74.83699157256738,60.09833172053847,5.589396721651256,4,2.1567342398467173,1,60.70966380683114,0
6.652266044484236,76.00100009890683,9.066961500888121,81.88347161049838,59.412205841351884,3.863060997251162,4,5.906405834559138,0,30.0,0
3.497772847229394,72.5483222968265,10.0,59.13285182926951,73.6584584007652,3.949114017131621,2,6.395095069757129,0,48.49600273725086,0
7.848054038413802,78.95032292436376,7.7818236867830874,100.0,92.05198666683248,2.080953251888748,1,2.907485601350947,1,42.215608622385844,1
5.630195727114022,86.1279074158329,3.873502567985799,67.97060191634196,77.40628447612585,5.19558956563935,1,6.9403341063892885,0,48.30651145143699,0
4.954553958961921,79.745058714148,6.162654606403324,77.95436306890846,82.37931263330103,5.859539243809954,3,5.569828793630567,1,98.18271426867894,1
8.098018451673779,77.82841192863144,7.919237982503982,94.62657124119264,76.0334306131185,8.72095270638459,2,7.391718313885038,0,50.57437879882413,1
4.591312618914482,80.58370290817895,6.367775504250456,63.47034408248274,50.191566954936704,5.93900496237969,2,7.179240796678486,0,54.08585507742471,0
3.1830774072728807,73.96141068763045,8.908297831375146,66.64642958017184,62.940783608828184,4.100631753405361,1,4.683126169194016,0,56.19213801525918,0
2.8867416529521925,76.56794073156962,7.882235896653798,55.33738653731395,60.25316367214746,2.2806418246278204,4,8.27119946020419,0,100.0,0
7.21201990269128,59.14207561094996,5.940286748851305,99.97052426401586,65.95905131942014,2.5574259886690434,2,2.7517678197590665,1,69.06321658313283,0
3.439141295007434,89.73726230852368,7.0483972161568795,55.80787710527504,64.23005839144932,2.4087433210560554,1,9.78058900990139,0,84.91306399156392,0
9.50958836396873,82.98797780321762,5.659250169041365,91.008970877524,93.0553006598167,8.756084070898762,2,3.24242863902821,0,72.63093117283789,1
1.836141184232556,72.2654415596657,6.726122682381337,46.93845583760698,42.945966508019524,5.5756209938527395,4,4.903994536644639,1,40.23386473599989,0
9.392912736580076,98.98734981355238,6.168110139351173,83.38757641422485,93.02323933665633,3.8340675614762145,3,3.8656234027744745,1,92.98959201474307,1
6.422034934405237,80.87016480392387,8.762142700349557,98.02232758084912,54.11692389724672,3.0802807896934716,4,4.246418024240521,0,76.01645127010966,1
5.806573776259215,69.63856428024803,10.0,84.46061562042169,68.92570042363592,3.2877843192121565,4,10.0,0,68.17430531477149,0
4.910161826382101,88.56737421470459,4.853217500146372,75.95374338891594,62.41802526345056,3.781401210987243,1,4.074558625177844,1,96.4019119651739,1
6.798272228704142,83.98048216509262,4.115175570685372,77.42559151005149,86.36065784158626,7.632510432510305,1,6.702216744585844,0,64.80176593435343,1
5.9247305951503035,83.94579985484219,6.632241367222921,88.6997710862192,73.96608220579296,4.940113105884501,4,4.529194177427166,0,67.83377252864823,1
8.206603764033042,75.7424439534841,4.722376451756976,82.79079442649068,95.62831132098708,2.105067165452102,1,6.873100859175494,1,64.8234591910712,1
6.228455297324079,84.50495723778035,7.069317405506376,89.07866942992143,51.87533833657767,9.620918549460743,4,3.911680963258016,0,86.14436927969508,1
6.300603522923756,77.38241709778906,8.12340417070889,72.77790484856241,69.41263891183206,2.7196777212682055,4,5.512264187318343,1,82.20734398035303,0
5.272775575572288,85.55941451645842,9.241212845900238,69.91880085910472,77.19662396914816,3.8183293801522655,2,6.257396600945484,1,74.17928292792851,1
5.886108752557865,60.95055545989361,7.302091838072922,87.01336762396853,72.22800620961564,7.620288775267764,4,3.556377093327037,0,54.22348678731281,0
6.615603537784119,75.66126537020811,6.710267162725631,91.71629113047827,88.14822655644838,5.830299265218134,3,10.0,1,64.4464960828621,1
2.579663214686749,97.22155097808195,4.032422625140374,68.87304541240135,37.431950194228264,4.060154000751581,1,6.361882086467595,0,54.21873599147899,0
3.303629155788574,72.329325445997,7.039277723778698,56.02140462137493,67.13288333162619,2.5372661478123306,3,4.548058090965248,0,87.4055173257571,0
7.48652818804543,73.96161702506814,7.106930890824192,82.96537228299886,78.52777695042218,3.066619782149947,1,3.6055309662986152,0,46.379089624410945,0
6.341730876255884,75.52038661550024,7.958435221319118,83.27764179326455,70.68841441370856,3.1870077618470685,4,5.183446047253963,0,93.91556782246681,1
5.632033327294642,67.85193864111356,5.937267847706363,69.6673570173723,83.70267043304236,5.014063595699099,3,2.568003978773061,0,89.31479316098792,0
6.036867866130787,57.91719223771748,6.34742109964621,93.89396693194686,87.84021849634978,5.382123634562607,2,8.564590527699886,1,56.222066640474615,0
6.695163410723342,77.69413601476387,4.7829966170437235,59.45634761411125,90.51797742521288,4.702690742737315,4,5.8625075448021615,1,63.7527360454021,0
4.920480639381277,81.35859424081657,3.5630607896739024,66.81500804321486,89.90930308677032,4.921572372151341,4,4.82402786517721,1,59.3135439334862,0
4.4433905491953745,79.47494931461348,5.337254363804825,67.12128771727855,79.3283793796056,2.8985536096113584,4,7.091955708713425,0,76.4535069654763,0
6.391690510195363,78.55121438052113,4.644511278620476,53.51901590325914,70.3957772238492,5.586272212447778,2,3.5569704438280647,1,91.18672340030986,0
4.043254444769936,80.43040870850388,7.5050684431309165,56.25398092148777,65.67590794997612,7.561037273673993,3,2.6880808271391254,0,87.78428974508736,0
6.816505511428944,90.22841471550764,6.222798914999714,90.33542268256541,77.29705398372431,4.674416636500863,4,4.739733856542525,0,63.50604289876763,1
2.5948327915243192,78.09553814070783,6.192644304887816,63.27700032315123,75.85989534863657,4.635426587141053,3,5.255087298939181,1,88.82210601616691,0
8.058311274651288,74.2591742291273,5.523380430737182,100.0,99.39856719489482,5.166002104105696,4,6.06117241318554,1,87.57733051691906,1
6.9451949648260864,77.18874515111914,3.0,100.0,79.78236842182196,7.236409719518782,4,2.0474441671355463,1,67.1674913686916,1
6.5120594686277515,85.79346759756775,9.262466123121325,86.89076112917823,87.85145478929653,3.210554001122719,4,4.087366339961536,0,69.85812283115624,1
7.965381967891028,94.1202687854325,5.499594215834818,92.95929232946226,75.47030714421513,7.901694671464271,2,1.0,0,93.12571126970158,1
9.330948888925153,73.71856260830822,6.38136989522514,97.31405553041478,98.48831071000565,5.842444478870475,4,2.635301658187817,1,85.87542820369534,1
8.028740130036262,80.98933787028884,4.817661752066034,63.59288047138641,78.79321585418673,5.057361391397736,3,6.430523067400809,1,88.37175976763854,1
2.3182515373367094,83.38357441935959,8.457895515160951,47.645662553422795,37.02358721774618,7.426477673328639,4,6.92205161714947,0,100.0,0
3.440846066528597,70.07421993271177,7.215143405555986,68.21098536363232,68.49043877446992,2.6358758522470884,3,2.71599092937396,1,78.20900524468559,0
4.7503628446086426,80.20417167212918,5.760452072101197,79.91207131051993,77.58808801952736,6.044091072489417,3,4.350790901851249,0,74.88497081366184,1
6.052182100421668,65.34326142657905,6.411655582983964,83.15760862348975,80.88521896464987,5.8606191290132355,1,5.0512123102559885,0,90.3690619198849,1
7.035318040938246,62.30949696260601,9.517269883187305,76.25194052753466,80.38223783996446,3.129089871212414,3,7.156220277684221,0,99.81731367200508,1
4.548512373693069,83.66746407892256,6.890545852178082,82.1166246931603,54.62748769369432,5.921276245907642,1,8.058189733033979,0,60.82909104226208,0
6.373533528954157,76.16125258669217,6.7273996935761415,96.69210793231716,66.62773246655247,5.566610358760973,2,5.306164510446045,0,66.9721221822006,1
4.489234135293355,82.0228040762122,5.587927770791103,81.82606667938018,57.24260501437216,4.642523760620132,4,4.478766688835536,1,54.721440691793674,0
4.776964394016104,79.8210502299165,4.1581282742915455,83.78081526598523,66.32505344684739,6.725635110460665,2,2.112612782598731,1,75.14124961616751,1
3.1866778063035555,70.23599951336203,6.759941989630983,60.34113105196567,69.8818541738705,3.8564914952846707,2,5.216138469122121,1,83.33887905736108,0
4.153533507778191,79.54745698035663,7.4882276684869264,81.52700876589896,75.52524315745566,5.540642491686738,3,9.14984500298053,0,55.76684073048145,0
3.2966307887673327,67.66898694985144,8.649376696491505,67.94074033711323,43.29410873647522,4.736652435089362,4,7.580385099874638,1,87.00693280332506,0
4.048253494045334,93.909723580014,3.627255198250517,75.35682275544671,57.35718759710254,3.770606353984665,4,5.34971659251781,1,63.20009631143743,0
8.10728359321568,66.44029655140037,5.312355509465457,94.1907363943255,81.44209136357568,6.005769370237543,2,5.60675561740022,1,61.9781386925341,1
4.101202222336114,78.04214729031419,6.1288883641653245,69.29114005727645,39.29138204900423,4.584528505301697,1,3.622967277095887,0,86.94907379835652,0
11.26476412967478,69.57728411952752,6.994778727140197,97.7237958971509,100.0,2.0539870825809063,1,4.285728742446954,1,60.622891626446894,1
6.9866358017617785,85.70421173360796,6.782449462707366,84.11181237326844,79.45821656738545,1.3978677905640313,3,5.295198351168698,1,48.94752284165337,1
6.369672247389747,76.68568628718498,6.817466971469096,91.71597741177696,77.08660811802872,6.578114936166404,1,5.301268680636885,0,81.15485664863576,1
4.283284439637573,74.8133328037879,7.612144087854917,67.00166414505877,79.15841722158183,2.5587997855463387,1,7.0214998658061205,1,68.02446554660278,0
7.4006197588179825,88.53201545051554,5.645060333831336,95.93657142017138,85.28680868575147,5.558768986801212,2,6.924165865482593,1,87.97088249765535,1
4.848724347524453,80.29430591677553,8.401212163350541,81.61432844379898,64.78504143548653,5.109903787256301,1,6.041133560422165,0,82.49486006145204,1
6.244019629290723,85.16644445935967,7.650178662549221,78.23072417625531,83.18489398579378,4.262936446058201,4,3.0017076436014225,1,43.77552458827549,1
11.12016907653759,70.18674063482536,6.520251603807881,100.0,100.0,8.91333691443068,2,3.0771693576363943,0,89.7330163508338,1
5.8078802005507,65.95183056072493,9.401361987833372,75.48393429084643,77.81195686379647,5.359348036920892,2,3.2242170594308286,1,98.49624929270432,1
8.298546652571352,81.07207962040134,9.33462405335765,100.0,96.6831759024096,6.511266965364131,1,5.471040578413324,0,85.50405263896349,1
4.593647149748225,76.81153644505268,8.399343032790712,77.30950556415085,66.1062064010605,5.569632430679618,4,1.0,0,86.10790635320555,0
5.930023019006077,86.26434672453944,3.0,79.49145591049526,74.76156065043983,4.536921153765038,4,4.987449855070757,0,66.28491878638368,1
9.54160127127102,79.20091547337451,9.368417639076963,88.82999255297855,98.37981473061441,4.961822499528117,1,7.817285432908273,0,62.84956969548101,1
4.746065884424465,82.0507533923463,8.192137783707901,72.8477271207719,60.94518580222017,7.917085531320968,4,6.33365206936128,1,73.18667042539285,0
9.624897115993857,63.76617470058757,10.0,96.08689044502509,92.06876655226714,7.1762105852008595,3,4.2985447781084325,0,83.79858037030789,1
7.415503870910951,98.88436939614257,8.856196887600309,74.4945555020457,98.27181964365045,8.903972863377202,3,3.6034891725004394,0,83.42100412179472,1
4.875066448211465,78.35758014967968,9.367514016245927,72.19917801388064,89.329959647892,5.4432841859457675,1,6.611430569553365,1,63.433260285922444,0
7.264815478111042,86.975869703392,8.317982275270568,78.28604558958435,99.51087200904806,3.2461258685985044,2,5.612110732104546,1,61.91261352256586,1
7.9451088992534595,71.63908329780374,9.023039797968268,95.58546218605511,74.43807982783528,4.1189661112803755,2,4.507135094834519,1,47.6476983042444,1
7.243619924434393,83.08009902217341,9.99118561110166,99.280904379454,69.26314420075664,2.6244436164028175,4,3.8219382421877173,0,79.70379888033239,1
2.859550560219087,66.97155236475254,7.324832107567309,52.02859603814303,45.25020904186292,6.534088257750555,3,5.152765979374548,1,64.1532808893699,0
4.545725648350263,84.52067838259671,4.641654183882805,89.85170552542056,68.61822830889639,3.828167367845504,2,4.393926472026023,0,65.48432804329764,1
5.504962728896991,76.44025915614168,6.538808649977287,76.23930330063365,44.942530449805304,1.0,4,6.568759139833429,1,95.91812769666258,0
5.851133141799908,80.29190503935567,7.584918399075155,69.5054518596144,69.21878318460443,9.927551396659862,3,7.482338191957433,1,78.97583360176584,0
7.241344195101356,86.97974030130098,7.112331376557337,93.78426877758861,97.51905806221927,3.858797723023369,2,2.2655003443145674,1,74.84348029253711,1
6.355402001866508,67.6745968877972,5.13015705076086,77.31246522678205,87.95680031848812,3.8468181490283806,4,2.5483608549423207,0,82.45295935713526,1
3.3293112825797975,73.15508269387203,4.553398562207532,65.82918965258405,54.88492118974371,8.343223385320734,1,7.696112375297464,0,91.30921011163721,0
6.760395702011927,84.57324281086765,5.888255997047756,79.75919606793884,76.22881980036519,2.583497098404969,1,5.33163788532791,0,45.737788597524016,0
7.221171490567646,100.0,8.211609333976227,77.93847813418924,88.99944601147492,7.2732117730663335,2,2.7366987264223166,0,61.51557344577334,1
7.11958089586208,78.61917665338518,9.370509656234454,92.83787480332944,92.07017292761446,3.825115113151957,4,6.9665032133212845,0,66.51797802134965,1
8.161561451109243,85.91136117923932,8.374851420666552,87.94479322660435,83.63799602925786,2.352409110806282,3,5.6833701997776656,0,55.3248710154469,1
7.667844309097808,78.9302853014152,8.586140930671204,73.97270362369659,83.66340563739247,8.411435522756273,1,9.406491523849786,0,66.02167640509023,0
6.918360158456873,99.422455947563,6.878776640254664,90.10240203444368,75.850063665541,6.846193894125054,3,4.529396645468918,0,46.73297647939541,1
5.859668577082706,62.52778333034745,4.3868763134410536,67.24251937517599,61.844517048744095,6.8400019690300855,4,7.217407994137425,0,83.83268890448566,0
2.678078132968017,80.94621044669358,6.317169128675942,51.857788938087495,53.87103131758996,5.735311093577549,1,2.10233112173448,0,62.23743113898353,0
6.859236438265172,63.744559664379395,6.611853382191432,96.22224424109902,78.1961432275034,6.19820326615536,2,7.792055100327144,0,73.0143459682926,1
6.4153753743262225,54.93428429463283,6.2544212697464765,70.113477879529,65.88581108607077,2.5356839505039135,1,6.888320116422309,0,70.76962929485789,0
6.543157674390747,82.97462053117816,7.082042298061939,59.55133980267883,85.71975542272178,5.223221714489321,2,8.208694867587546,1,78.36129101686043,0
3.446502848359381,81.3949779614746,7.662129639839426,73.46112909141186,65.51222387641518,3.1424739990983097,3,7.221160635017471,1,33.08665637242182,0
3.8378869191834752,77.15163062257798,8.279522782365246,66.15080030110607,69.98451852355161,2.222118961873891,1,4.8019036282486445,1,76.75395581586952,0
8.106305706665808,78.93805909960247,6.582820203450499,88.35497732194787,80.95713068535116,5.8219066614160635,4,2.6577468719262827,1,65.8736241973103,1
5.92088969228669,100.0,4.144360891533109,76.45944452793145,55.68958137257367,7.316299111319089,3,3.7958941992719244,0,76.1029589082204,1
7.363001394745249,77.41824861968566,6.275683421063298,89.13170636391351,88.85131966492798,4.233262351543872,3,1.4776992256037609,1,52.30820188392485,1
6.056636752260922,85.10124361250075,7.065565595487976,72.75599134227393,69.69869336726839,4.575974215330916,2,3.15820193763258,1,76.20511105509709,1
6.05951227899149,73.5063518038612,8.834211883200112,95.0587101406151,67.45039234149192,2.7236987098339203,4,5.851722698416864,0,89.4776778958632,1
7.876567611951995,82.95232575040603,6.148288236723841,74.620533256666,74.68887492527755,5.014434292175796,3,4.904494242349627,0,72.84649389698754,1
4.967910543565252,77.61766324944382,7.768815442599102,79.28830188459749,67.05423798051997,6.520152224776828,1,4.552819719735558,1,59.24138760052075,0
6.192241553881967,75.89481517270269,7.435131849453149,87.38241780817567,92.92672229379653,6.583055473455546,2,3.413794168105004,1,59.8970291060003,1
5.075449422589915,98.18898532200325,7.065850799685083,67.7807295046158,65.39820132198435,6.090352351261865,4,1.4552019782834296,0,78.6436195134286,1
5.131007545135369,91.7718496318434,8.395799978986886,65.41769327289866,59.888014829142875,3.7631376656109294,2,5.3641662264745,1,78.54466468289621,0
5.381655753062721,81.36746647399231,6.008738204871129,87.08002090701517,78.80926852867661,3.699741913145697,2,5.758320384937287,0,75.3481297409013,1
6.444267543267426,56.95788064056033,6.1372203255347255,72.31273017616998,80.39372805731739,6.590808946481866,3,3.0168728799065687,1,69.43712455008617,0
5.042502756673045,76.3899077674743,6.982148765358658,69.14587437585956,49.062002863156195,6.623997864433463,1,3.93311945967256,0,73.04439963026637,0
8.511512251147042,100.0,6.03978024235945,100.0,97.69253670441512,4.6560100291362145,1,8.084266908178858,0,69.02636375194432,1
4.210785395560992,77.69338333360292,7.7620184365819,71.40133931319521,86.54939005838196,4.147656184868628,4,7.318995907147268,1,64.2867844110036,0
5.626256711677282,91.03217572053659,5.930211543450801,60.159846882095366,47.75218099577346,7.3344941868913995,4,2.0311508765420982,1,81.36215365230372,0
5.12053788345165,94.419424019526,7.339456311617702,93.0732808627934,58.366167060488664,4.280102670373506,1,4.830727225538488,1,74.6517526171166,1
8.893955768707466,82.18963915855976,6.8497408468198655,89.16967125573767,64.87846372572874,6.491864449047563,2,7.909911364744504,0,89.35812492883403,1
6.393109553023149,71.58178368131848,7.3223889471650585,77.93797486605158,77.60561311073054,4.726313650283803,2,4.567158005384961,1,86.75298070276048,1
8.06368907893727,55.64687668217111,6.310387907405441,92.87628791795001,98.28599683973715,2.904934437926,1,4.462113623185674,0,74.16220798516066,1
3.028879253926056,86.84163208608955,6.49136755820976,71.395164239671,59.228283021519125,8.224624280047404,3,7.185475253486153,0,78.93070949794469,0
6.534100531738518,71.85243997176451,7.144013901995575,100.0,93.1245601715578,5.240127791462952,2,6.974138488550432,1,55.64219102896178,1
7.779261591246874,81.76150451887692,7.303111759241969,72.29562646217741,94.98107245078259,3.578512040223833,1,6.8706066907612,1,68.83615783058127,1
6.164567978550848,67.50179660410636,6.993697126913266,89.0823619820137,94.00888110632687,2.218388664449592,3,4.476030501651739,0,75.13994245126457,1
8.130960750130702,77.34762459529797,9.558043534769626,98.08490069115427,100.0,2.419998403526333,2,6.325776032550094,1,46.25895917088928,1
4.9654230997992554,80.33719054901053,5.513894621888074,73.45546639025511,65.76310791270049,4.254177191810798,4,7.989491027910441,0,76.44133090478707,0
8.81869488037116,82.68593581044298,6.903694307570929,100.0,93.57943384457536,8.850257767067184,2,4.900252603062846,0,55.61159538125597,1
10.5977962472385,68.85177812647586,4.639556466824523,100.0,94.90000832862128,3.830676242651515,2,4.19318075737266,1,57.256241642072524,1
5.274322879120682,91.96910948761352,7.558122218001079,62.551986545733364,69.3393755860436,7.89490966469241,1,7.4601452781792705,0,62.05771664252063,0
5.1089949571984565,74.03105215268029,5.327130195434779,93.04263984480059,71.27228646337194,4.738472662793832,2,9.090879605794246,0,69.54240000639014,1
8.906768954235401,63.255305395467545,6.582534616185136,78.94622223979559,92.59154049005886,2.6376992177966354,2,9.230009767131644,1,50.07957164452809,0
9.159144291461425,78.90976580036536,6.4419035120030115,84.44255864491939,100.0,4.0535776230992075,3,4.250977000450099,0,82.84965211920742,1
4.954279945693464,80.3437530902646,7.421336689901757,72.15352299222636,66.42399904909247,2.438024152525114,1,4.451919501006216,0,72.66127359043273,0
5.159626365808285,81.6058943317176,6.17081362368223,95.04753696091198,61.63689405927614,3.2880630960722916,3,2.941675333726901,0,98.87468545840767,1
5.436430782278985,93.6213240368508,6.1070414534590265,74.09958761386106,63.92247434464204,3.228503876248165,4,5.236104648829596,1,74.50120683279874,1
3.311098977931446,77.63551163264141,9.153784696128847,66.23615598914913,66.41759658381397,1.1923922650374674,2,2.8517621370849664,1,78.56207766854493,0
4.1626961070316035,78.80380375631229,7.426850185711789,85.13426657420365,50.94479256129962,8.025592137629452,1,3.946733116585012,0,57.192035983710525,0
3.9917184664958643,68.96815618766907,6.158423721966598,66.9554109068246,61.938449097466005,5.422034060444563,4,6.402259596324781,1,52.27284563330076,0
4.464404869791743,88.20553502887897,6.623749492283154,60.537657219651955,80.06143167330467,3.627443188763796,1,5.779954820278793,1,79.28734183625751,0
5.930630225226437,81.84309064078103,9.468032428406117,75.48080277374905,78.50976580876693,5.443515492866778,2,1.3785573896659455,1,53.60065051739869,0
6.468429465073042,75.79972272705838,6.647252682623354,96.05006566342298,78.0645228992507,3.3290392127158768,1,8.140584596548774,1,79.62774228328472,1
9.101000985628154,60.953253065345365,5.966085065271418,96.21365489869214,94.24690187738463,1.0,1,2.826007825696527,0,95.59786708317249,1
4.003291918522418,94.44412195055088,5.972505774810411,89.32304218317469,53.724105588862784,10.0,3,3.078132152241993,1,84.18653029365595,1
7.968644796953168,67.72320035543943,6.176310278515634,97.2225732473874,79.2405216773736,5.379199753354119,1,2.5221556964711014,1,78.55669924353062,1
5.572022311548982,74.08721990630295,6.108253416359917,71.41202219381007,71.48031714014812,3.8219739213704704,1,3.677433322871982,0,74.04245664714131,0
5.901072580695134,83.58344511076004,5.080528227476135,80.01612594812646,78.11916578526373,1.1321703766451336,3,3.2063872426683444,0,64.24060061182426,1
7.3496389843332075,68.03442071383313,5.313699854579533,78.21601374024725,93.57933402402034,2.01170040971488,2,3.2551331176221954,1,68.28158291480275,1
3.7545559568754028,65.06490221746857,5.756019438457945,62.08844947788931,63.452941912966764,8.30898385910981,4,1.0,0,61.51856989407866,0
6.764819492368101,58.76052417299335,7.887356527679646,100.0,94.11665871175109,8.003877097596934,3,5.2598547841076275,1,50.268936735492886,1
6.332904416426112,87.20996952905635,6.42814406909069,91.85076718246867,94.04940665065193,6.506430071997896,2,5.464130335631119,0,70.531410138724,1
6.984902528016298,74.54813755273678,6.6892574663589395,93.53549253014822,89.86208729291982,2.7698459231803723,2,9.48881347578442,0,86.61833592332951,1
6.5783372878156365,100.0,8.905132037882346,76.65988328599755,91.71983780745268,8.019947975954022,4,5.97268199533112,1,50.66802228893373,1
10.91060027982179,70.05644934369127,8.942510724907628,100.0,95.5564664650498,5.899565235888705,2,4.006821960563709,1,90.97744649204989,1
4.724520031497368,70.78548976571079,6.576812585293397,84.61675617541621,56.85513084210359,6.309848896703069,3,2.5985700430531575,1,88.25776349292367,0
4.938006089996365,74.34607029714599,6.053704733974887,93.50624334355953,74.80777030287985,5.8923418888864925,2,4.807447080401476,0,75.95498236017843,1
4.753718947150471,82.43134655138489,5.703354529489693,92.09973621973685,55.110215564232355,1.9860256307477924,4,5.897445778785118,1,76.07568022411597,1
4.8890457616794905,75.2979666121469,8.039163654562357,59.65433592742223,66.43055612991762,2.603678098506225,4,3.9933027613619094,0,67.20630400734679,0
4.725225745386965,86.12332214002512,6.692939149716568,62.52773383423575,76.06327352561918,3.9795636671832764,3,5.122032052697144,0,70.63024905002929,0
8.378033062215103,70.21411610011346,6.420257664515814,81.85228715643916,100.0,6.287279415066227,3,8.79470818811764,0,63.046217895531036,1
8.84100849597971,66.18408281536419,5.779503137293671,84.76563604657417,90.5038944729976,2.2391358355137077,2,4.231779745921674,1,70.47457116368759,1
4.858507412501048,62.01785260590893,5.845500386482917,77.52706070510914,62.651601521929386,4.649307170111618,4,1.2264488904150221,0,72.09739241706261,0
4.335288853791543,57.76425832062803,7.480087287239867,66.00840974799954,69.21634933786508,4.646780979673898,4,6.746973574782869,1,98.21866000527109,0
6.942831112772808,74.81930980524943,5.026842601169107,100.0,70.92155224139796,6.5854793786551555,2,5.628642891630108,0,78.48424066568049,1
4.895553911438057,76.99019687606778,8.492303040681907,93.52456837800666,67.64053698569407,6.3493430712153245,4,1.5820159774841733,0,66.85895397258882,1
7.265863635511021,73.68562972516817,6.199233034277622,86.26470223676472,83.5151813303033,2.979548141895734,3,5.855287354552589,0,68.51639969844472,1
6.405846041702599,92.43405797187162,6.775546083622311,100.0,78.15523632350764,7.893372338974603,3,3.004272901724507,0,59.301125975246286,1
2.968511770005536,92.28030209608136,4.994533062789168,79.7239051224297,58.69610535821204,2.67352034249942,2,5.8826448047288125,0,61.77356313822,0
9.095010402660122,76.65197012555498,6.981451092636453,90.96798642152802,86.22491386023933,7.1844788838015,2,8.814527018408583,1,83.66043537614372,1
9.591755346191043,62.060788868080365,6.50751858596416,77.86662329069961,90.2806021509621,3.8997102033032034,2,4.6460613313135575,0,62.59049348754034,0
4.7744226190312276,74.33294891944948,6.9248791017153,71.69242924554885,61.17537310386116,5.327851906866744,3,7.1665423980729726,1,60.73696079928085,0
5.224596880128032,74.00178606082939,9.207563347542836,69.67676308985543,55.14663788881762,5.4519749202086105,3,2.5430253642952456,1,61.11231105954841,0
6.57173078144981,73.42865037721941,7.26654706868536,84.92371015870735,82.84868790715993,5.395414881417591,4,1.9611617073246386,1,59.06231421735013,1
6.66891357997405,73.02281096101756,5.808011223781294,84.23685076861774,88.96005599676435,6.348998396869141,3,9.034740944791341,0,86.90777613015278,1
7.317088545345661,73.46537104275193,5.933020134180148,87.21561931572059,91.86563210060933,5.782918995867066,2,5.615630027112674,1,72.14054613792977,1
10.0204090775327,76.1345838410224,7.892696778870652,100.0,97.49748586058865,6.567298259741077,1,6.273339882322675,0,65.76528063247737,1
5.646105545011901,73.64458901184443,8.948039936490137,66.10530825422272,65.76658087543254,5.9292399206902715,1,7.304044605690754,0,70.43922459785058,0
4.4034055109230925,82.08322508625592,7.422877031126575,76.13063033031254,73.86357948916545,2.4710894821483125,1,3.944370380404085,1,73.25935764587014,1
3.2413615439709456,83.6036871590486,8.033069116832154,61.81064618968466,65.83739948757119,5.539598149115975,1,6.650232719525334,0,58.790597183851716,0
4.538139920116162,70.8935491281751,7.914606585005058,74.69052159921767,69.40304594505993,3.872260194989334,1,6.347088324617634,0,49.15606588953678,0
5.933746054252405,92.71065326007033,9.128596620036282,89.24282872358393,93.04558884974716,2.781475044185433,3,2.4103903584352713,0,90.0775407720789,1
9.589115727035576,70.19937698159386,4.075614740910951,85.70158090296758,97.27043914854283,4.4203202146454,2,8.025970622825373,0,84.82035614884686,1
4.964777401927657,63.82199386184663,8.000828408956792,72.01095048294259,67.21976457231706,5.366471198070181,2,7.6137210319590665,0,75.66703890795455,0
6.447575903277797,83.80778071365052,8.475604065855347,81.05253717610034,74.68728210892078,5.499350055975569,4,2.4325655219245435,1,83.78790904993154,1
5.967154207854496,71.8259186558566,4.99191444079664,74.69308132356608,60.194148182318905,7.112049490280536,2,5.40057288292359,1,98.71546072646392,0
8.376786546896168,83.21291470757387,5.671497723990376,100.0,96.87411892279994,7.614618237943155,4,4.537840526174112,0,61.968944452657325,1
11.053864851747242,55.9633139889947,5.72382587705777,98.0654406707315,100.0,5.672561661514711,2,7.836614939851875,0,53.199489137964065,1
4.938262454159359,93.92455941483067,5.906814705433925,69.1373082763734,74.7288871385241,6.034212754018818,4,2.1787759877627786,1,79.92274931916471,1
5.021121114963556,86.72293408040402,6.277424423596711,68.00641424529714,88.54550671069373,5.19061806635131,4,10.0,1,47.99761045092146,0
8.088321754138144,64.99523450836998,7.3639042195824125,100.0,84.6224128257827,6.5344509272991695,2,4.651031661256251,1,70.56958980809769,1
7.363782979252623,65.21222876153715,8.298511976751055,81.89447377214094,60.80261070760022,5.9739762776741285,1,6.476890332362382,0,65.52352875458865,0
9.693414651472068,96.72265904097527,8.621975436652804,100.0,100.0,4.891023812284392,2,7.774996664005606,1,80.10831676613145,1
7.167856370651927,72.62620096502042,5.743265408248327,100.0,84.67573212283833,9.3039651340086,2,4.608001313659711,1,62.76587803364158,1
5.281415818425881,71.65815151267375,5.732945501945526,75.65889488862355,64.36395615084209,3.907633273116362,1,4.770116228809443,1,87.99654666555223,0
7.181309661384619,57.33947905850717,8.973732760024335,97.02715510725466,87.0605213245227,7.908913913416675,2,3.9943382123627442,0,58.796747417031554,1
8.217407161165816,76.49221794398446,7.970115903127967,100.0,97.16540616803866,2.2914141473461256,4,3.229068747737764,1,80.58700992058054,1
7.640964362394728,77.72280385164247,7.124297262803494,98.47673741237779,76.37968707225289,6.62723307290291,1,5.543718295585442,0,60.00379434007873,1
7.014548062214596,87.15493096769485,7.7100050133324505,84.90472715129557,79.07396975925376,7.873136703453675,1,4.729466639650091,0,78.2268174283731,1
8.133349379178307,66.00921571815525,6.955294327222839,97.08782448587766,100.0,1.1855618579841605,3,3.9812516033490084,0,54.78031319958444,1
8.338591180891346,64.7971320775939,7.786877024571422,78.81916997310327,82.81532517305442,5.277901146110188,4,4.098072103932597,0,69.63829235242873,0
8.764317982075054,84.50962634776477,6.49589995524139,86.02115832887576,93.25260544658818,6.4308280824880875,4,6.152466907786285,0,89.83137385241243,1
7.297419775179286,90.06730071227065,7.403207401658846,80.44034705957725,57.54040699063687,5.503927208256132,2,3.4048729412989114,1,71.72507800212612,1
5.665763839366291,64.28847648882117,4.734180924445756,100.0,59.1761280253848,5.756311871213927,2,4.506070463215541,0,87.74615771676471,1
6.293427372866645,90.81514086299741,5.968323557761853,73.34129172178055,79.33573921052786,5.272446324753327,4,6.797334783578213,0,69.60588280108874,1
8.413017933016715,80.37541841486822,5.984483234814485,83.79032215246528,100.0,2.811504347276816,4,5.4944509401385995,1,62.424261095347845,1
4.366128658025528,90.91805339074645,6.438414950189629,61.391433487637805,52.57647512814316,9.736091184310883,4,2.9008814672827814,1,72.57973741843675,0
6.737346617745803,79.29779638482384,5.610230117830378,89.28485070803663,81.16972032707977,3.9929242733684016,2,4.95225786250606,0,79.27594983824953,1
5.213322375345278,54.777220825120494,6.199684561265377,77.49282580341523,67.5227551615345,5.86832247755781,4,5.874043242285938,1,41.416901684977645,0
6.057489645869635,78.48032617683961,4.728378906402819,91.15503799961382,85.87581842514274,3.7063206458291456,4,6.978544382472485,1,77.83427566538019,1
8.556903725214598,90.6014381867127,7.82305071459235,99.49711528684654,79.16338929806173,1.0,1,3.489242666510199,0,55.90247240758001,1
6.382198136039807,71.06253980916286,6.8762297216329085,68.10709221295836,82.59396529991369,3.1509742525020625,4,3.882940554597731,0,52.173433255589494,0
6.092873096312298,76.12035031092547,4.442188588335975,72.39158778145779,70.02033170791123,2.104786615449724,3,3.609680022559607,1,78.07865000242653,0
3.2802877180401615,78.23866496449021,5.74775513417999,80.05472607295903,61.91210655650572,7.183135078448979,2,3.708959601216423,1,90.07754391219208,0
7.492507132054442,51.00486120131518,7.50490214134325,85.42955321450415,85.64435331541138,3.78626396791109,1,5.81000943139423,0,73.24609277219227,0
7.29096836228215,96.71347575437477,6.185467080421315,98.33075999159088,81.22801943226673,3.9718173216400743,4,6.188978259767298,1,49.668889722203524,1
10.32650944661092,70.98624320102826,5.954587809792855,100.0,100.0,2.8713385747925275,4,7.101806985766167,1,59.94159234566456,1
5.384443530093998,85.057354324728,6.888110984487885,67.24565336758478,72.7431885235936,5.188070797430205,1,4.817650181848462,0,63.72599237711326,0
6.438300655327878,79.13298863851792,7.515396302767324,79.15889549997232,77.30174091120031,3.5670829672774387,1,2.18935409044105,0,72.94145410343104,1
6.498767367421511,92.5761905635936,4.845471314441259,72.81333888161059,75.42843886430163,6.984709462493577,1,6.338940328914926,0,68.9218022749556,1
9.15490655952695,84.0605612242808,7.825192721826819,90.1190051736105,95.70542325461507,5.604078646178322,3,5.318287356815167,1,77.42844705165258,1
5.809408935226096,77.65075728479026,5.799560077588935,81.05630174178295,77.0768890928173,3.856348428551104,3,5.119938958632006,1,84.999592459644,1
6.558043051540679,71.0648490748072,6.973108047625302,87.9062661613936,69.45683750843787,6.700466103674039,1,2.4331930233775556,0,75.17116867286433,1
7.215793019433079,87.97850701382139,6.9468697889627355,70.17705186462241,79.80004573742471,5.015881046046476,4,4.6083282727893184,1,83.47121038867155,1
6.3732182463127165,61.26558696045383,6.2094008226403385,81.6924111564726,67.68745003156457,5.042993811379902,2,2.612690427748563,1,65.95434533462935,0
5.107132770898944,86.45890420275893,5.464510380803929,69.66950649889719,70.2443423975858,2.0747301925361485,3,5.963929976891519,0,100.0,1
6.388179985796615,69.00955248445128,6.571470177861604,75.45675183939495,72.40575786623941,4.857827734429373,2,4.14021194259232,1,78.29770890754381,0
8.147263499719545,92.5228366195664,9.437995463612793,92.06316368992849,96.59141247812983,5.643089278635997,2,3.9609312072708835,0,80.2607294718046,1
3.9469694011778795,81.61299542662695,4.9574874543045535,64.23032827899728,70.40908618463418,7.66713364439669,3,1.9256890338219361,0,96.36521215581755,0
6.265939348293752,86.44123767850108,9.538469528657313,95.15107668993551,68.36815045411882,3.4962127401933545,2,7.054191739368084,1,71.32268204288164,1
4.599758370121654,80.8198881382472,6.610418243385201,84.87941061311886,67.57547676674517,9.556217246771023,4,4.482870737541289,1,60.31737532899571,0
8.390093257849685,62.47622904859003,7.053057125632959,100.0,96.72572533958174,6.113736633657972,3,5.173961540675515,1,89.5965106887841,1
2.9536261904324506,71.39270836604662,5.369933782922909,59.81902899725923,55.96867394095442,1.9611762479323853,3,3.5290198186148904,0,90.47714449901892,0
4.8821563054568236,86.72389337611382,5.843095874983779,64.7857931780909,62.010762584685494,3.309603771828887,2,1.6988498800666916,0,72.30259457586872,0
6.754423750129042,81.66655817359845,6.245635524942971,84.59241804452637,69.60250722032629,7.841998328433638,2,3.936748823645493,1,96.39441306766304,1
9.13104805846868,91.80989905305672,5.431457543683132,94.15175662948073,100.0,7.486458285924789,1,4.256917324454573,0,68.75071286132315,1
5.868499477854025,84.03274563037172,6.686623063943692,73.25426576503648,84.23812834997385,5.036186963121005,3,5.585520041829685,1,83.98424423684722,1
4.889600946613603,70.3329810929734,6.389476162289843,62.6906602663984,67.25812969094113,5.299835406115704,2,4.289935178221736,1,92.73298595130507,0
9.76231413888118,72.03935862279366,9.7761717136536,98.39639100172519,100.0,2.6707794525480577,4,3.5633022806054417,1,71.47493523134223,1
3.103972199167512,81.02917390523237,5.251038721479309,61.47916649331283,28.971727896151666,7.642885480470683,3,1.9933212057153322,1,76.85197164754321,0
1.6023880867598361,56.859559339998945,7.154035775122881,64.89541080417938,62.88987502765137,3.0244658264510655,1,5.096906990845497,0,85.39022666580641,0
6.880028900106665,96.73441885622985,7.371769422852737,91.05120501574811,79.71072534786819,6.689482222246835,4,3.4068796124582654,1,64.50722637681679,1
4.995891551294777,84.41746736377557,5.394519177022244,85.98745581070105,71.39311491576356,7.704084737330276,1,7.641613067531397,0,57.787724267222615,0
3.9575343657385735,92.27034597048872,8.030241243179258,57.194716309892485,60.540028957771746,5.096311108439018,1,5.300293322676204,1,89.99472715266319,0
7.416712894598707,64.19396059190831,6.4025094806775575,91.09414754992986,98.45735218626729,6.935222732244397,4,6.124205680065982,0,74.6014875199314,1
6.487601427542398,92.44565160355256,3.2614155226253994,75.16335007537526,68.31829232569905,8.695279416051388,1,4.502422667421657,1,62.41615690003683,1
4.871842738526543,100.0,7.9897744181568475,62.15507158452187,83.97565969722761,5.5359375984214765,1,5.402560579535823,0,71.41175157521101,1
3.439391202658211,66.79121644622683,5.3245886738464545,62.91093364380396,64.59905642540038,4.649396367136108,1,3.2185693684594936,0,77.62798443949815,0
7.744914656560289,87.71401794903767,5.428337580791352,99.41162308414762,92.6961300985433,4.866294284896966,1,2.6435623486607884,1,46.46050992656572,1
7.300402355917322,80.01109944687293,8.031853124338598,82.77882824388178,80.51036850221477,3.514024194655823,1,5.030262154697113,1,80.73989346376142,1
5.801648272441234,64.55566151751756,6.479257776372325,94.6627879617973,61.7276976556837,3.4688324145262532,3,6.140783310402152,0,76.12669305762863,0
9.693273992095332,84.9288397185187,8.376658225827251,100.0,100.0,5.884813527651406,2,1.1083764598768453,1,94.82648621664366,1
3.859830467347695,88.33603204837348,8.815249143047978,65.3582475469327,66.27306631597948,4.6721003557014305,3,4.001793018391918,0,66.71513024262079,0
2.9489496581505223,73.98873447331152,6.032607309516553,76.3452325798167,71.30993253199131,5.655138353702531,3,8.684244215776783,0,90.65676150262388,0
4.616183860237511,91.65916520255223,8.189893743932545,77.53488702233042,65.75933995926809,2.020127700294857,2,5.95845510333991,0,69.3303168800228,1
5.908827967289004,63.33236593210802,5.866808797910677,70.21854595197797,71.26065401474489,4.8147623496257195,2,8.075292067380996,1,72.08761132989083,0
6.486678898645383,65.05243853550355,10.0,100.0,92.80095575827532,7.060235700180927,4,3.7319100964228307,0,74.21426873286993,1
5.5175278842873405,81.36597395588753,5.960564493203178,80.18242765230147,92.22410895069848,2.7621514460479637,1,4.08418847001112,0,100.0,1
6.704110793028594,80.25385277972272,8.539131161440006,83.7085158849979,80.31813652182886,5.033052828269103,2,6.933466640689015,0,51.40764103558614,1
3.496921151619112,72.83426511575895,8.265685038822363,58.9292790590394,53.453951941143615,1.290781378203178,4,6.247040710756651,1,77.42612768246302,0
8.88752920814652,88.09594435971886,7.474131733163401,100.0,100.0,2.3890759554536523,4,4.81123084788063,0,70.63347155885842,1
5.835697643214862,85.30894314215949,5.9941852578749755,84.35124248968738,72.47398019758242,6.615321775356099,3,2.4749683814629906,1,69.57197258237541,1
8.234591663176255,88.58139070934016,6.7729037620878865,97.46534011883368,95.40017823306552,4.3814314133741,4,7.3137039244538204,0,78.74516138905435,1
6.685450692755408,78.76863564647732,3.7696178305831722,78.35194002851935,77.5199444127449,8.644145731077085,1,10.0,1,86.59001606953382,1
6.913506438307568,86.02580267978341,7.336630057573376,92.90853791063853,97.12117881196355,5.864886220848625,3,1.8562676234064939,0,77.97448129872834,1
7.139534560464408,75.54349696970006,7.524422996542578,94.81580873803006,75.84231231227945,6.061191329778649,2,7.807238299498877,1,88.52807051494052,1
6.8954171200346295,100.0,7.200249128592057,77.78930321236192,86.17779934542737,2.8470359002102015,3,4.063397714685257,1,66.2355821105619,1
7.285445519735088,71.87454229878014,3.0,72.25732620186554,78.8256534160893,4.229789246311094,3,4.333062697923701,1,69.27171671963457,0
8.658305060264862,100.0,5.1015453323652835,99.10525589471355,89.13476474738148,3.5347276359047752,1,5.539278975076668,1,54.986932713868285,1
6.39304233940294,80.34887947089409,5.877863525727006,66.2317422009573,74.23769748881188,2.8691165208988285,1,2.5889534417200055,1,99.74358535137306,1
7.418007515177025,66.24489110431257,7.437488399783569,88.61019535426291,91.89412575199631,6.32778625219227,3,4.92572311011123,1,67.19931296385163,1
5.820528611425546,93.68079350488601,7.434008358464476,74.63019200925466,84.10680281789199,6.729031731537359,2,1.7774927443956607,0,65.54177685197206,1
8.880234430898945,81.25901388394959,6.7446643120432315,100.0,98.85879487471738,5.797874388334897,1,5.952164979556409,1,79.09994085440297,1
4.64721539588146,88.51124098380238,7.952868304905935,69.30763807173523,66.80345770783606,3.343865613548026,3,9.467444075926338,0,86.60619191084567,0
9.60188086582163,92.23855918542593,5.46063643704565,100.0,99.0130855049457,5.661460070194925,1,3.7209370216726754,0,59.61878153323032,1
5.919684098711313,83.37955554145026,7.915352508540995,74.4563260499263,84.49532027686212,1.1746431970686873,1,4.662513323416577,1,87.8003121584195,1
3.1384497957639037,74.07759155187185,7.712113157259837,75.69215902941563,68.12381464665947,7.64601853741608,4,4.761043647854503,0,65.4504726670094,0
6.2562088298215786,89.7571337766925,7.566332099256866,100.0,50.634496665394124,2.4036996487251265,2,6.972937187982005,1,91.45929331341156,1
4.637896685050238,80.00755507454596,6.726939353371517,62.50901204158878,65.10515839257447,2.759082035123073,3,5.811144738103602,0,61.88636494474666,0
7.681287097977448,86.85857818608419,9.746115737246893,91.32679270719632,83.84513467346983,5.230584539140385,3,6.840692020703857,1,81.0317098709259,1
4.694752041395218,58.462694262085385,7.739793532734818,100.0,74.86103788963293,5.408319120484092,4,3.9875293295952545,0,70.64064729871694,1
5.107633133570441,84.46981717009852,5.5474962051196615,76.20405393688142,69.97809062431519,4.854502803096431,3,5.867138009639593,1,53.10433234457586,0
2.220918538108938,73.6141417485497,7.372458213603976,61.722475392841176,60.5173450381465,2.7797441180354068,3,1.0,1,48.760533210502686,0
5.095387361501847,96.5330963717853,8.128725065611327,83.36192628101944,59.78571645870556,7.266695987206584,4,6.334925143978059,1,58.85570709066089,1
1.1522413467420867,86.23087347889096,6.117837101613536,56.172015374657974,49.51399323506032,1.628101597861499,4,2.564414582409474,0,84.88835337870748,0
2.8321943530285534,82.39857745849297,8.633908370396648,47.08871181943724,65.99522265267626,2.0334620191031103,3,4.3448122370001485,0,40.852672063507114,0
7.520829312288595,84.86309993350221,7.573050558574016,98.92702030983236,70.38114718055009,4.786034456091038,4,6.49050221728841,1,75.00918959838872,1
7.571600317301664,70.01559147123282,3.4862824935019794,67.8285174478564,100.0,2.4715320363112245,1,1.9278203347601846,1,73.70335783770976,1
6.85091512356993,96.23256690528054,7.449507966006889,80.08665910646624,93.01435007008477,7.445250552551851,1,7.178865596444051,0,44.76556552706137,1
4.066047713741574,99.91370418416905,6.390956268380927,82.40449606027435,64.40981930710586,2.6435707291741704,1,4.751390377422552,0,58.04657283967851,1
5.90457728771604,83.92913510548216,7.805769721812604,75.95746215215235,67.14338265390856,8.114054304420625,1,7.906230972574477,0,58.018227164704484,0
5.992794921818863,95.90403568573639,8.416322260377722,73.02700968445026,74.20591802817611,7.0702443315431465,4,3.194311681928427,0,70.79037206658612,1
3.6832706216149145,74.30851801327466,7.292743070712727,77.20899215974018,62.9376473258029,7.4701114710151675,2,1.3744245513061029,0,91.99503674106563,0
9.006796603534301,72.02886433775019,9.497878350917043,86.52283514932763,98.44740518932628,8.774211965906492,2,4.942106569323924,1,86.12442890946738,1
7.7547245811513426,80.40924748728924,6.7319396731547565,76.55136570983717,100.0,5.162455848191531,3,6.174152135694484,1,64.59537327351936,1
5.558071652340672,84.34941038367899,7.937226734580813,80.53549813663619,68.58744521961557,2.9740508083600847,2,6.341873877620443,0,57.55873766029151,0
6.053771677989062,76.0601331875688,8.207413860456022,78.4396254058194,81.94972844365998,4.793984248462716,1,2.729023728145528,0,46.624392515809376,0
6.416765615895105,85.37768190368485,6.853981046660901,69.64709693758711,65.5763020693695,3.8666687891820746,4,1.750733859760178,1,64.3208727467765,0
1.9165302631514187,83.06389482073413,8.168161461966672,65.95217671570579,47.363174435655836,3.5816174549725552,1,4.37535205219687,1,56.5181917081085,0
5.5056452349588065,70.01693224708944,6.107990519256747,82.17310223056637,76.80103988844643,5.301706873613664,1,6.032887980951181,0,69.45778027441729,0
4.636031504004403,85.18793017451722,6.3661473714681724,69.5826073539657,74.72881393411447,4.376591571584507,4,5.931573564212641,0,70.02615794616204,0
3.996759980210169,88.63528242521521,5.031266964495531,67.07047983980138,56.44823511461482,3.495580631366007,1,8.14425267294429,0,62.866211013041436,0
5.43779941422809,81.7146931759039,7.36211367455507,81.89292449123201,68.2188795252494,4.509195214825484,1,4.253089597165166,1,63.18033729264616,0
9.595373053699046,91.52648103261693,7.487877513781516,100.0,100.0,6.0979569284074095,4,1.3102071235506223,0,59.593077684471574,1
7.28168572253402,67.82596206503048,8.768894737868845,83.58049651157685,95.30920053148456,6.912834413185392,4,7.39333287656847,1,62.31280755184601,1
4.857642020434406,84.67950422131852,8.186710006533826,80.83509503225348,71.2304242931301,1.7941521736180208,3,5.390390628221509,0,91.5387302605812,1
7.145165562712317,68.29719293603225,6.572806665028851,91.37782998440758,60.50454184406675,4.393597827342916,3,5.564375821001821,0,77.7671206275443,0
8.798710873172004,68.85918641766912,5.232730468998584,100.0,100.0,4.717313589050591,1,6.534180784213167,1,77.97025413167073,1
7.849267365825538,73.6906916626221,7.6492756037799605,89.63942881656234,86.89628857838078,2.634959955544736,3,7.527287180737323,0,85.17914361989993,1
6.119260739840349,70.57939816425755,8.666129758621963,71.47304855853817,73.58989385882882,4.760588533918602,2,4.953960031699595,1,83.85283898802928,0
4.706126444588852,74.52004181258862,8.132777460705915,68.90564069094458,63.01315940899197,5.295991219080055,2,7.353103266656138,0,91.37146587959356,0
7.39644662722718,77.85849689288811,8.626716287285932,90.41076779395237,88.14235013535418,6.037669090561981,1,6.10427252828357,1,78.82627164274814,1
6.786970770843499,88.37154486331384,6.682165703202636,100.0,84.5876505167703,5.154316051263341,3,3.688835217384002,1,73.07716661070462,1
7.790386440055465,76.78840961294297,6.300071547736532,84.11173596831455,96.24859737159792,3.2381011800048887,1,4.533523055662977,0,61.13843053179544,1
7.270343603363939,64.14374293230408,5.894647971652302,94.39959245209369,74.3614399766935,9.024060055143693,3,6.233488046797012,0,57.63772012327073,0
8.09910543063867,91.4006784649516,6.916155300079606,87.21496264642575,85.46968380241941,6.658253543243196,4,3.582350471512209,1,83.23385892594669,1
4.929529576878864,71.6290986638496,6.882113806046771,75.75233544325567,89.8826346935152,6.105439489299734,4,6.772918204272905,0,68.33417533593148,0
8.634788131268651,79.41279572895371,7.310016442808674,100.0,94.05463512011184,7.009662514021873,4,5.316367001694413,1,49.60180373401272,1
6.395199209384799,84.46536506940711,6.806053814446738,89.61892186112833,76.64595152304133,5.489218343620954,4,5.7632364781996355,1,38.60451853589794,1
10.150521745250531,81.99610418402783,6.799558405409843,88.33961599884309,91.48695281566617,7.57260177104391,1,7.881010647100305,0,100.0,1
4.621624363820864,90.94179547521476,5.834958920541784,67.38337158098841,72.7890892411327,5.113743900571529,1,5.713133755152396,1,55.21095664493799,0
9.4719276063305,84.7900314339276,8.412428520327236,100.0,100.0,5.003494920548368,1,5.142823707830626,0,59.706419240208476,1
6.395821566925296,71.38690420302892,7.114777093365567,83.39788826091143,87.12080585964985,6.270456957582407,2,4.834823073783755,0,88.42116884443485,1
4.697163992771103,100.0,6.738334098572077,61.997418767696885,65.59497532053746,8.152715092581847,4,4.730686080438516,1,51.87138050004724,0
5.032228331891357,81.94333463338234,5.878856120126192,66.97161720971958,73.8058928249835,8.024097230578615,4,5.624598728407214,1,77.9711500359322,0
5.3593053836113596,78.52659773378494,5.002130334413371,83.83146214516852,88.87242666815428,6.185695196519991,4,7.7266459682328295,0,97.32965248073141,1
6.848331892803833,89.63925423055571,8.961946288824016,94.18576227619548,91.79881427853768,6.033223717153599,3,3.776447479331662,1,100.0,1
7.0456709760709995,82.49450945930072,7.83195806219771,85.40690789517674,74.4323984344928,6.392084822192972,3,3.6250857226580733,1,63.288275732248714,1
4.852599992122842,83.99228192939327,4.564123236145049,99.01613796997523,43.65554930652236,6.971241826673195,2,7.570079790396059,0,69.81944660761118,0
5.951290815478035,100.0,8.144713451064485,87.99797771194656,78.67546996371055,7.597463878826485,2,3.867706120282892,0,64.0542419046762,1
10.284540717223727,77.24878571744954,8.383721755349663,98.98789288978963,100.0,4.5268318319923,3,5.432189732705408,0,69.73074557970807,1
9.455086340201422,76.82239105982605,7.186564183451394,89.11837122001367,85.83827312247591,7.636122579674783,3,3.8164050703682686,1,89.4740735036479,1
6.872647339348064,81.16578512012464,9.397166343627639,74.61439365034991,81.14798881486061,5.685990228142612,1,1.641031083287082,1,49.01031288595186,0
6.076006956336401,90.71515935581039,7.325079463184324,83.7342479864857,73.81905107928762,6.3018632449998995,1,5.396450386583924,0,79.7193519403786,1
6.240062653436523,64.93465969809601,4.874764708076215,76.31254281804854,78.48323914294113,7.763898643067989,3,7.230335788052102,0,67.06753550366152,0
7.227035945460833,60.34444108523495,7.5477535015724815,100.0,77.91525280156787,6.494124500181357,4,4.875890296414551,0,90.52751620042287,1
3.954414869603189,74.12884729379853,7.367345952569094,84.43519237719454,76.63159919389906,6.831991126305681,3,2.036682873487544,0,89.73129852113547,1
5.48524692515331,63.66077040940713,6.0950547268327675,83.75690010073882,74.39117035724749,4.221162933435157,1,5.218141166100831,1,63.893027513184165,0
2.662831852244821,75.75168652474362,7.860338255316138,51.52419753165515,47.186822251821425,7.99662308749936,2,3.4880972227092157,1,68.33828422396941,0
6.798446245210559,85.0249969612929,4.498502100713707,77.27004250052875,89.96529900720056,6.39137342215225,3,1.0,0,83.39144115149706,1
7.294391879405482,71.09251136447736,8.485850241164185,99.02873465443841,71.12447531651584,5.252131435680996,3,4.838232556552919,1,84.74981490920774,1
5.033627075401252,65.73173423218657,5.682817444591821,69.53747337905524,83.04670622775885,7.202148773786205,4,6.0353683877760655,1,32.9126603541046,0
9.147973526580065,80.69337161715347,5.522580812324451,100.0,100.0,10.0,2,7.355410956263833,1,83.34325744228994,1
3.5484686739953175,88.6254348461517,6.829262841538784,72.4883826003242,75.18856499717975,2.6621509963561305,4,8.513709479924282,0,94.69722838311381,1
3.0712502395803596,63.050265614833876,7.649459392065453,65.87343004603366,56.845037713066,3.3925347541534356,2,6.301871354773019,0,73.83414049170739,0
6.448903637119944,88.20232398305984,7.245886095390144,75.2161900562453,73.7322820248859,10.0,4,6.867134817211188,1,84.25264633983352,1
8.094196605224308,88.17306203738326,5.886011251341433,89.52854459087402,89.40539724067678,5.853389684608748,2,2.430869099843867,0,89.18134190302322,1
9.367855382915737,89.54085102156628,6.2408660632121675,98.73575646332766,95.3627644339391,5.381739357263136,3,8.243651603092509,0,73.32390564062173,1
5.0822314742621195,92.18480214871687,5.300436478933807,85.73654635432182,63.96602598993759,4.76922851667567,3,7.5347203631431015,1,82.21346214813066,1
8.157361666862592,100.0,6.662980147555195,81.92945232797541,83.40793685991912,7.416872001942879,3,4.265769030066954,1,70.19029746044863,1
5.922983060998585,76.43907951380945,8.612531821766364,76.98674687973178,71.87416989332687,10.0,1,6.363320250575686,0,69.21747772594894,0
5.654745400118361,81.09571580077858,6.993605593534186,78.72195831991465,62.22843553631154,3.669622918533309,2,6.16213636689722,1,60.07687858706778,0
7.767319874973345,75.83561566751975,8.289121382139179,95.46338295172836,93.38355214583342,4.806246545621332,2,7.9404270211007875,1,72.59533670401315,1
7.304645756826839,80.0197684475581,9.183102006589287,77.43858540890642,83.30490316525098,4.298545742864269,4,4.697784455680232,1,98.30285252664254,1
2.847215686031501,95.32873355636312,6.11797222144455,51.070380501285356,53.999509423852544,6.465729953638556,1,3.507534724599977,0,56.462576379131626,0
8.953080699451792,66.54985516069331,6.720140120416953,100.0,82.61494258729398,7.4447868753011495,4,4.020003260677313,1,79.25309386877049,1
8.760182708294902,71.38950327834425,10.0,78.62142239200747,80.95736647309477,8.241865570666233,1,6.7935919667277345,1,74.81432616173664,1
4.748874596980941,93.77180936504561,9.166515117969919,86.59417013252639,87.85238808910978,6.53343656524056,4,1.1602591797153314,0,92.12241653493352,1
6.791607066874818,90.2003650690209,4.491393211281471,82.398774359545,74.4770677726332,10.0,1,1.0,0,94.94339965324274,1
6.988060372565478,76.36868353182922,7.58072247409136,69.46499104008294,88.03364617748613,3.850494033585174,4,6.788498013935957,0,56.13583744669654,0
6.521347531647814,88.5440200112072,7.000839988509543,77.80253546420413,80.75442988888867,3.330918895134592,4,5.5496109283105985,0,61.386768221405454,1
4.8993896923091595,83.41215842492034,8.239679666288144,78.28818479223817,41.64445354277393,7.938688586632418,1,5.036926672606355,1,62.2062060625505,0
4.656753264123897,95.00274609000988,5.882531848772417,67.95675544506972,85.8650278161293,5.245664639192674,2,2.3889067440230876,0,62.737009184840105,1
5.9488918580171095,80.74509593826772,5.740587441938992,79.94475677832902,82.53419093586382,2.248119353169438,4,1.580220470809424,0,64.02327269923688,1
8.345458038518728,90.25632113872582,5.9858939270595855,99.12807384964651,82.39604668806427,4.3678740567251015,1,3.7309418330036284,0,75.20596778755542,1
7.087200309188865,100.0,6.142107180702351,83.41409819206812,82.23953681083724,5.511317308194548,1,5.723390198739363,1,57.22919537733749,1
5.258771335827788,85.98099155047467,8.222986250213522,66.9232799144776,60.06079434093007,3.70750352418529,2,3.82848857446559,0,59.33812758543738,0
7.54339742129669,80.49328165794843,5.228198240276679,84.72714713276504,100.0,2.9706786258108226,2,6.800200400484044,0,58.1411453422992,1
0.3029147587398491,87.2244698522098,6.066079150061022,65.66297515829184,32.74091147002445,4.584741726948248,2,3.0918813159594163,1,77.38936739049294,0
8.297531400744207,76.34719141796116,4.316481414247838,100.0,84.55434843751866,2.870933159276577,2,3.9613098536808318,1,69.04347487493001,1
2.5205724424438007,100.0,8.51067673511856,42.40360047279625,47.82782387318689,6.270262077960464,4,6.406402109368739,1,66.38047817234254,0
5.275118117193736,81.80071037695981,8.90654514914671,87.28586967788345,72.45450270525411,1.1123903062143072,4,4.246169967030868,1,57.37180453245341,1
3.7606602107477123,77.27066679774487,6.50938985370432,71.30477821409212,76.26712626587941,5.180849855930845,3,4.345300079354807,1,45.93918892489378,0
3.4106370485581885,71.64310994979964,6.553075952780166,76.29301203399244,78.35756678230071,6.039019776216605,4,3.7130230927023744,1,94.47300591014624,1
8.32165357475704,90.97220191606438,7.679832853424346,86.10338527110889,85.93996000631927,4.8189175205032475,3,3.3421185183943036,1,65.66908468277826,1
5.064597597376217,88.67187412827738,9.211723011067384,57.64035289186623,74.17017540743652,7.186445794141746,3,5.70835470779242,0,100.0,1
6.693007763461432,75.02645628585907,7.612916121345876,89.30992670378177,80.97710070680932,2.258877531591729,4,5.967412589289251,0,81.59187086351477,1
5.906158842241632,85.76451345122423,5.953687086287328,70.12102159838099,65.62086040900921,3.597820997247771,3,5.454296875102566,0,97.4387924952636,1
6.954081654446243,64.91444031787144,4.571766142020339,70.8874839573827,100.0,4.339930707498221,2,3.767632788893118,1,84.90230919271167,1
6.15364378212051,81.84970575073156,5.327310606004769,67.5842050858679,90.54945831568563,6.425449138818613,3,4.597016200173255,1,72.37774236530453,1
3.4340155516228608,84.52756352076695,7.109829175468698,73.17921558226764,62.49525180684751,5.4370151720922415,4,8.191869566842353,0,61.0351366291003,0
7.99253363889428,97.07329809559224,6.017008715198808,91.35719285476337,100.0,9.286731965484837,1,2.157833245800866,1,55.347401269052796,1
5.012486833677375,72.2918119727131,7.292451558986138,82.88709438713362,82.1959881292423,3.3884282060522137,4,8.771782560857279,0,86.79476525478904,1
2.886836202680498,67.21647371197676,6.170613975645649,71.12493355836614,58.13963062690054,2.2100222028386973,1,5.199439692235094,0,73.97551073560993,0
5.143769678068175,71.04572039074958,5.412780353058382,71.50951274450321,74.12225412168898,8.578177965866121,1,4.639747220046992,0,79.24751561175208,0
9.00151958126862,66.6343149968508,5.234452552820393,94.30286216756855,100.0,2.1382828321352343,3,6.906756677603354,1,82.21935257423105,1
7.7004434842269855,93.36657357758983,9.343531764059843,83.38784213330953,76.7411250940651,6.36612542279809,3,1.0,0,75.33961581588697,1
5.302695731184282,95.48639295024037,8.333481623775464,74.4102009272665,88.55308136031908,3.0426599159560617,1,7.760639149159502,1,62.92213677547898,1
5.301484591363143,83.20216577948828,9.595776927741937,66.83487557700505,69.5577819413277,1.0,3,8.715451657896763,0,85.190537065234,0
5.356729897565235,92.21294945685148,7.809926351132654,80.68849242656952,87.38714681386708,4.250432412373536,2,7.175945734918199,0,67.02719729046522,1
10.153495967121682,81.33958380580235,6.355012887077741,100.0,100.0,6.79899992495432,4,1.0,0,71.3585389707646,1
6.763870904463107,79.04888352299234,8.985011383734907,75.65322422410567,83.95928765150836,2.5564578230538526,3,6.528335595600964,1,80.76085909956576,1
6.8600832943821395,76.66962380946238,6.9503979979573485,97.11311292592413,80.81741620056825,6.152189456289662,1,8.291997116037367,0,69.1155488972659,1
8.060566908063684,76.89609008622435,7.331262655435529,91.43804950509784,83.04496522026983,6.525727122372904,1,8.08549757547151,0,42.732282125052116,1
6.477578318053027,64.52198443690969,6.935763431386722,84.79868135432326,76.16492092687504,2.456619716961392,4,2.1838215055472125,1,85.60881256830321,1
5.481915708358594,82.64254763607339,3.0,60.41528334571778,86.68260828183723,4.544477422575259,3,7.032713663206012,0,88.82393244872577,1
5.607300301830043,79.59666089785956,9.40710251844228,59.96387841349288,50.50216198425557,8.154149644654328,3,8.591140805558295,0,42.53325862599335,0
5.856797481171872,87.45360724077875,7.73650591893663,80.72515103365618,62.75112543898286,6.301185239927486,1,5.058931437292038,0,54.35063191507693,0
5.925555526980316,80.9352349643861,7.494734591302765,87.52509888122165,68.29861606830087,4.477015070847959,4,2.094597554420559,0,100.0,1
7.4552590872739595,78.37296298430908,6.907335906594159,80.56249099992027,73.94810659928355,5.830590962507839,1,6.657305185449868,1,73.48052017755867,1
6.103891771614599,71.2880696999237,7.2451417305791965,97.22039786390388,91.72314673384248,3.6294733830591044,4,7.1077159373035,0,70.05326909905547,1
7.465280154431158,80.72153236821761,6.104081596230628,94.67576051469895,97.36845070511899,7.22739135677005,3,4.721583671348195,0,63.60424889425644,1
5.838566839782835,87.38237230816162,7.924869028460907,70.10942168183433,80.95171913264318,7.226520129204278,3,2.618553088272351,1,54.539460237150486,0
6.157270380632181,68.5666100891614,5.039352483401301,81.09483857369598,70.56558160901774,5.241811830172109,4,6.963744168072327,1,67.08373536540425,0
2.0035986309357847,80.87473753680739,7.279102648705821,84.78728449191304,65.37211045355608,5.461412312915387,1,3.4623822687564836,0,84.61634108748567,1
7.832655349404963,82.33042951529484,7.842360205856657,76.73763671902776,71.11463283647433,3.002406249988655,1,5.794693453077741,0,69.76483060928501,1
6.692976951795986,72.81935216381736,6.701996299265645,88.74758414813098,100.0,2.2959271458643413,1,8.116332710025892,0,79.15426128839572,1
7.996020219719305,74.12143695092,7.556301688706537,86.7526555713631,81.12982334654032,4.246790512116938,4,1.682403806095961,1,96.48560722759845,1
0.20748924361262144,82.30610848766214,5.512998411648624,58.10640912724823,38.62458324326135,4.825196580617644,4,6.815527995938507,1,61.292827293307106,0
10.176749409561456,68.66578981707377,5.551259843656053,100.0,96.7670579524216,7.125254994775977,1,4.586835939360399,1,74.54312350987662,1
5.720820743689653,83.49923715249392,7.3550756815395895,74.74173283133459,63.593850321151145,6.844855501236621,1,4.63869343203085,0,85.06590341403516,0
8.216365633475032,71.046456263408,8.017824481931576,100.0,100.0,5.369665776718186,4,6.028632869065653,0,56.00644549800105,1
3.9201881457489383,90.62853693033216,4.187701516747434,91.8129746714643,71.4100751823385,7.381077968745574,4,3.4572319371716853,1,72.67079242098707,1
7.225547810125139,100.0,7.78303095266615,86.79048642406804,95.50799228154871,3.1130276423711933,1,2.649961726142714,1,98.08486786939541,1
3.8931688736526877,71.3924319829818,6.185197749435495,77.3147312432053,51.12232052130842,7.1546737745567395,1,1.4316104559386447,0,64.89624429310277,0
4.7524620786083895,85.34207862374674,6.710790869038881,67.8579026910092,70.32415074169033,3.419142571301065,3,7.4635254188384295,1,86.02519807005685,0
9.828062707733572,72.73258095117981,4.990723114652444,99.33290662897998,100.0,7.479389060128485,2,4.256655629782073,0,67.88294684185342,1
5.6186351984733065,90.40954173797789,5.722574139719938,76.3264250652841,76.41937642633827,4.973307070460038,4,6.139880824714732,1,96.99380525975485,1
6.434865746359446,67.34741590914786,8.449187988295467,90.14368798838319,67.00545996747667,1.0034266469245252,2,4.02993585023669,0,45.31798166744342,0
7.740135461377508,84.80586758427712,7.049295060970319,100.0,97.19581297957141,6.460314328062884,4,2.6764789932500883,1,70.97434286515426,1
6.991363775945209,71.27011033110648,6.425832397435662,83.86027038855144,83.16368348352279,6.61909151900156,3,6.304625219878279,0,47.81717957281165,0
6.3008378102871525,77.93015410901631,6.825267471053448,96.84041750876499,68.25538650529289,4.086839891022835,4,5.655925147449644,1,59.48684775578659,1
6.729922004932451,69.68974724852693,7.733817736996452,98.95008444027854,61.827026634068076,4.257480843211966,4,4.526201692025148,1,59.39771822057208,0
10.80683117047655,88.22350470895753,7.660741744245007,100.0,100.0,4.680909440230792,2,5.6037921268829365,1,65.99565539299219,1
5.884762405932829,71.63019645560414,6.887459499404799,74.26354671244687,99.81313177691197,1.1496963747474571,3,3.079030887511993,1,52.1756297395702,1
6.402198093429935,85.51964259331828,8.639438666345002,75.89270229975065,68.2606458271168,1.0,3,7.121199549110623,1,68.92390663660731,0
8.101308792015224,76.55901971737667,8.45569395536,82.38273041317574,90.312323256221,7.603251276260778,3,7.58478927706895,1,76.90699756721767,1
8.211051865915968,78.85527628201137,7.620058043695593,100.0,100.0,3.351864665178846,3,6.518609142673841,0,47.02145301067651,1
8.374060611120761,81.47755907400129,7.081917674365106,79.75262098071016,77.54784100571155,8.710528219152728,4,4.25602848181266,1,60.47601264955793,1
7.277460444058369,72.38175328341151,7.985981642679309,93.15567876140192,78.86519497349997,7.740803602277828,2,5.118693589366819,0,100.0,1
3.713990174539033,82.10367113540887,7.471401132701775,57.75885739445403,53.68235325462018,8.134390628539478,3,8.137672896269526,1,74.93855708298773,0
9.266863064602191,95.3033456435441,8.591200107708922,100.0,100.0,3.6994020950656905,1,7.562332435222355,1,42.733881937273495,1
3.707309213962624,72.21905214167286,8.34934206510746,68.70874189711873,75.49908097731634,1.783197626138838,3,8.98773818101745,0,48.99301202860319,0
6.605270930478066,91.71810143273845,5.472619147873408,96.36274027098861,81.22198823018574,2.82623538681129,2,3.4389622933736526,0,73.38856368059292,1
4.491448299961284,94.98097633487784,5.37105524388744,83.87178728301913,58.53134910982669,4.107090545694176,2,3.259575432025735,0,71.50999057861357,1
5.871723306814015,71.83845010971956,5.948125683393886,93.7092706540912,70.80243046160561,1.0,2,5.268740575164219,1,61.1883579744868,1
6.657524820606961,65.44945394909448,8.464208035100382,97.89581128592593,73.64016378117424,4.049148621751666,2,5.813791514592601,1,100.0,1
6.642714430900546,83.01960900171764,4.635536504843132,84.6498804943847,70.08359796917321,4.596643944977778,1,4.715421669880874,0,100.0,1
6.84384150847057,74.52592477233127,7.59213608366199,72.6312768781068,80.04266704263878,2.411158056826611,3,4.220631144329189,0,66.03424960225415,0
9.227422538117294,98.68603219163002,7.543814636639442,85.61188214061269,100.0,2.919029803508335,4,7.534790365658258,0,83.09435298890108,1
6.90706860302796,80.34807540499833,8.743972088029288,63.66685772198043,86.34498606245296,4.558802957638396,4,4.81853581890572,1,83.84749256981503,1
5.511686729418702,71.97800591964821,7.270508035995832,66.72177531281258,72.98779673081711,5.712573096620603,1,2.569577164163352,0,85.83809709216366,0
7.928174336576714,68.52840488988289,4.985185914124149,90.32910825993005,88.13958438771392,3.218354663999511,3,2.8006218261289506,0,60.39872017339144,1
8.37894097784928,90.8990495909083,5.560967559027816,86.29816308099478,89.4581379161979,5.584505219152539,3,5.494128650267003,1,99.09173825830806,1
3.544784369726015,74.28816025915813,5.227006717153263,65.92256580453156,48.29659082669336,5.27369201597571,4,10.0,0,68.97104205648387,0
7.194800139699716,80.43828799460428,6.193084050500289,90.90115489311259,84.77014980802701,5.093771718036781,1,3.0481125125096424,1,76.32988121537667,1
7.402345484621796,89.55802745112481,6.7256476488641095,83.9710748424514,78.57781705318428,3.6959717522868463,4,4.37025186265388,0,70.03065265342465,1
5.404872993280016,75.1574164806917,5.251837710668415,65.80607696227423,58.95580576808572,2.3332408079292346,1,9.80960955053208,0,67.90470741551862,0
8.75141362662324,79.5407117125984,9.205992985978433,93.22473145748188,96.21553743089527,8.39290395980148,2,4.0314385403230615,0,74.17606689906789,1
5.699888825934947,79.8343159017748,5.012077942071338,69.51453926194628,68.08203259142422,6.260611832914852,3,5.91092168254281,0,52.21171639309725,0
6.2511529069430845,86.83324511516092,9.01915513579372,78.54789956492479,79.78445665424687,7.011463306121476,3,8.751821445182461,0,40.432704712395264,0
5.65385635143226,85.90744335510325,8.77774454715901,91.69705140139133,82.39951625928784,4.832740630322156,3,3.0970426381923555,1,66.7992928597941,1
6.031158095162935,77.79886268745172,8.347453824533552,77.45073743485293,66.68456135952529,4.671949115479724,3,4.381479555956878,0,56.79358544615096,0
3.8074498262095964,80.63649061496518,5.959350088754874,86.74682466452543,63.76591177798729,5.981319361450775,3,4.0312681327309186,0,78.2125551697996,1
3.1198982348114113,76.28220988476511,7.513676318765352,79.91585104343676,40.61516059156485,1.330623299095509,3,1.9642092740656167,0,76.50685238067473,0
9.189010126449944,65.22387593080555,5.083943299674074,90.15199754645928,100.0,2.7707130612937108,2,8.138731891377253,0,70.20220029545052,1
4.306077303363344,82.5760085739813,8.366360552550624,60.419148852658964,52.24579885129224,3.404450243943254,3,3.829191323060269,1,92.22362185831577,0
4.0172153010873854,98.92191760833067,6.889022827695596,69.56053488623499,58.955095182550565,4.0908671549164755,2,3.2475086483562157,0,69.90658481705545,0
1.6932197727925704,71.16280859308937,6.386019678119972,69.99937649793175,63.543117674395,3.2406086410596915,3,4.1111322238591566,1,48.127737355811554,0
4.722076504620995,72.26970290397297,5.164382730015596,68.70847346081808,65.98722976691612,5.665614250501493,3,6.857662810308211,1,66.64533637518376,0
3.3538204131850033,71.29272228356258,3.2837408220564748,75.85000504854641,48.148945616107014,5.162894468925671,1,5.225787074015762,1,87.56451650282514,0
9.284030320272738,87.24591778723122,5.442188714446366,100.0,100.0,7.7857293795027545,3,3.4166673891392723,1,41.736179905591854,1
8.01963417868527,84.4848545419644,8.66919729341936,82.35791438980029,95.02312969362347,9.947518314225125,4,5.818299689830105,0,68.58945509425035,1
4.623699309644552,78.41462307583544,6.395749857287794,66.35798566533688,61.410332464214974,2.474299519703134,1,6.625189395497145,1,78.63193051838434,0
10.504871610688618,70.81980938361035,6.746006714327429,100.0,97.77996445632772,5.294610427936891,1,4.952470824194486,0,100.0,1
7.963530973983189,80.92376791639924,7.983331537432679,91.33613036633164,83.42709613771827,5.291051756413949,1,4.530478142268681,1,88.12386455391409,1
5.350337232982755,64.35377872664196,9.708503317174397,69.89107089947699,70.03178379103622,4.971603860470675,4,7.03175187676444,1,71.98924575046729,0
1.0011885702528538,81.43426566857494,8.987506982418457,51.48413837006839,27.077420652299057,2.830350858068997,2,4.641629506973117,1,77.8113883952042,0
10.581885145181484,88.71524386087934,5.541497494275718,100.0,100.0,3.1656051087148995,1,8.216383012580046,1,41.53456959572611,1
3.220855066472808,67.48800863366321,4.0861441428438905,50.455731082809436,77.16427238066834,5.480811223832238,1,3.4847302558193762,1,54.25416721141056,0
2.7092025060862164,64.67481723170336,10.0,71.20244359525803,47.295515364150255,3.109299853385527,1,3.4381730684784158,0,79.76433506665946,0
8.045140864019281,95.7943789169486,10.0,85.43878243070449,82.43590924941805,5.3185439443340154,3,3.1924064398313083,0,72.41751094984477,1
10.879504812678546,73.88240360495415,7.282680394643924,76.56036182541175,93.4408522441073,4.50810043090879,2,4.522307086620034,0,74.33111779896089,1
8.768545637021036,91.35947845943822,5.094267631627268,93.60401850201066,98.73289308607977,5.283315806242564,4,5.0050081227326375,1,70.51171980516041,1
7.12781824010472,78.46002334802168,8.444839800840908,78.22337861158852,94.79888302205208,3.093399059131132,4,2.348728180854372,1,69.92363653627729,1
7.189508683330572,78.38045183058672,6.838024470981085,100.0,94.94023049175968,5.314938484669073,2,5.193514535828371,0,71.54395972718196,1
7.706831117560616,84.38412699496645,6.830528315340084,82.67970537860339,73.76088081642709,3.2380948330468193,2,6.1307083745719115,1,54.15947223602792,1
7.5178571795735305,71.1600114325356,8.341688264657694,76.61285226208155,90.10506038241078,5.3213912173138365,2,2.069016890413941,1,66.56609541482601,1
6.562382847938752,81.32497143495645,7.501562120309948,87.89124093931392,93.71179742977486,7.678792244878315,3,3.957657147238229,1,51.33843052856737,1
6.208402207903752,76.18510585175908,5.221277633477582,74.43753735944293,82.34704432452375,5.521967700032141,1,6.1349714571379605,0,60.70605314892639,0
5.874813744200956,66.79506556594968,6.512887097377039,71.57950670848246,80.0329792986435,5.643740764766115,3,2.821161468248159,0,87.93857513806799,0
4.492070822266648,83.374820747264,7.99172939299202,77.55536793957731,62.2359991472483,6.634413034995096,2,4.368042956173074,1,67.28871534253655,0
5.438649846266452,77.36692193122084,7.7653783336075275,66.7885761524366,74.83299731553535,2.1928833110534742,3,7.176367137867594,0,78.93759212921212,0
2.614086371609229,78.42975171555292,7.393024861537714,48.497695276051616,68.04770002671943,8.437843147446024,4,8.590365526252036,1,71.72941831168825,0
5.8033207464105,67.89839056585842,8.400134431713797,96.27658375299588,78.10201416275063,2.88882001477526,3,5.879830422498254,0,64.22662499660089,1
4.022817785698165,95.91400367762805,6.457424518274103,75.90907630449728,51.654159153891726,6.759321994737874,2,4.661493428344772,0,54.87146940087365,0
3.792821365568458,88.76714186386116,7.268004662828608,66.32201397789864,58.196511450551036,6.493819974512646,1,3.9972039587285453,0,63.99916521385963,0
6.359788302306957,89.64155884171979,3.0,81.76416941451542,90.25152520273168,3.195667276990479,3,6.821508197543095,0,72.74767668970787,1
8.784004572689199,76.94555297558318,6.325524709235779,98.97866644460755,95.95146063964614,7.017772273533525,2,7.2668127982313395,1,78.7023016618639,1
7.836633212004626,62.7081711049658,8.145854362863467,98.91654055615734,88.21042005445852,5.995625532826618,3,2.6871284057647036,0,71.83505296835929,1
2.858998792753646,99.52917382489511,6.414408299324286,56.73524105061811,51.61383742405488,8.779957288804514,4,6.820853631887865,0,79.74220476918566,0
4.020743726859325,79.38902491994132,6.300658912424332,73.76518389395345,76.0104541665003,5.3867575026825865,3,3.785907396547558,1,47.19744846160441,0
7.881542375976432,72.51200203979946,5.437820572337772,84.34067011777978,100.0,4.782913336954805,3,3.280888452095514,1,82.99993836375252,1
4.035025212923381,84.16801574483114,8.505048839093718,68.28531361949067,76.84204250772062,3.970474944163591,1,4.692711592899144,0,53.0761548894707,0
5.550733700005951,91.67120788003297,7.822694910310856,79.3605971746788,87.73031841448943,1.5132894572976534,3,6.98322648512473,1,84.75256925737033,1
7.100104198049104,79.76949443914533,8.238121896734627,85.43373525971879,79.01356278063295,4.36354487049768,3,5.618810649679344,0,77.53608765119264,1
4.063311090272729,92.78575167939374,4.410679057063166,77.67222443438936,59.37817556789734,4.448203211482246,4,5.5646633295816335,0,41.9471565678255,0
6.21075101229192,90.82999938516869,6.759324935101549,85.92462065261554,75.70105433875966,5.524116365114869,4,5.704883307999362,0,81.05444236277394,1
3.331949010163591,69.23618812597942,6.579833488374991,51.578052957096176,60.37742648074409,2.1537937782350687,4,5.935316037380723,0,84.92646009749367,0
4.797264712097572,73.26209894340523,6.579142440102171,60.40809148983344,83.09378607383799,4.521975577626242,1,4.77169756494707,1,88.86817690518858,0
6.639563868285074,89.57537163279767,6.075958684423066,79.50065249383245,91.49625060439462,6.1525027840442315,4,6.263777530783972,1,58.47102573840966,1
2.8140125329366614,52.873874361895616,6.480843592329977,82.35631528910156,62.26876907016491,6.351019350985034,4,3.6806356080499287,0,72.69116263105789,0
6.880949475920798,78.50544306835012,8.274467174059978,75.88882905458797,66.97382919705592,1.2803696477253457,3,6.302015301891057,1,80.41674074573064,0
5.960724402146638,65.69168798375328,4.130722969978256,77.72139491460567,58.884127966911066,6.412813217306448,3,6.713970695667978,1,81.04490301118119,0
7.104979908834295,75.23446198566475,9.66594215204568,80.16143927460627,85.03450690102281,4.506852173757016,1,6.398273189133958,0,76.14281142794452,1
6.447828268129323,77.01179910970797,7.725761687539692,76.69869749976581,87.48960166478311,4.629978245002892,4,6.502057663388197,0,63.600456348150665,1
8.728280859947688,76.41755622092492,6.936502156509681,95.423801738789,91.57401466982475,1.0,2,5.92973128046029,0,84.81915631163722,1
6.250449005295814,74.47738747887391,8.36025121955939,95.26001778843559,96.65173908155893,7.987142325115759,3,7.346885830685228,0,84.90729950221775,1
5.141188917749494,69.02856350371187,4.822247882247348,80.26562858755337,60.022723068692606,5.35359777002259,2,1.0,1,67.68582540855097,0
6.244595006064568,100.0,6.002948642273479,73.18766541605191,65.38405054143142,1.937079146954586,2,6.707491915130323,0,58.24667793938408,1
7.086596058072776,98.67462004161351,6.818386851414169,100.0,75.87676660369345,5.750403149832933,4,8.950915054315752,0,59.08144991202784,1
6.0977201406514085,68.37934179743718,9.048340555648267,81.2743329128683,69.5633487119961,5.688956881694049,2,3.7562090500822833,1,90.47226572998318,0
6.081183382407764,95.82116751303568,6.930255128310163,74.63370734821768,81.74995898126639,7.445088305865978,1,3.532540283274993,0,84.2601757737764,1
4.59601662438649,76.00534509527147,7.6750820067777195,87.10104686870835,63.35898122788391,4.380622461418244,1,7.572638025947606,0,69.69940325919956,0
4.674198164898104,81.2918747333171,6.115631506095808,68.68028464505232,52.566784376602,5.023992137877173,3,3.1465213210414356,1,67.01240188718504,0
3.194789456400613,79.36726040103085,7.730263103451237,82.6030838318775,68.08452130535484,3.7143843995241843,2,3.666551374849095,1,43.477198587164835,0
9.499153486373878,73.40251358746035,9.515859389461685,88.78933952220272,79.39540165752197,6.195897227985476,1,5.339897039395593,0,68.73398343432862,1
3.51227352921743,89.83852343606146,8.493290037511171,81.86167153530084,50.361458945197484,3.433019316649901,1,3.402097579693878,0,52.13327268168739,0
4.614189604408185,81.25886530576658,6.8778160183331805,75.08142466485788,51.45807191901042,3.21401896583954,2,6.750049003987118,1,72.38499214737638,0
4.563185468861605,75.23448576780758,8.013236270898204,85.72644967133236,69.45032558387837,4.864404924440159,1,3.4183957554856406,0,87.7787087014216,1
7.789848753888883,66.95410556199528,7.866275431910818,100.0,88.59956964484542,2.5482724573923425,2,5.7212666954133615,1,55.29322670541339,1
5.410100643415944,71.0640498628088,7.759881507545914,65.72443031186718,91.6251470706592,8.20426243707847,1,5.568964925993012,1,73.57880140582051,0
8.495484145347469,63.586198843979034,8.667930041290614,100.0,100.0,8.85453345548375,2,8.32777614481694,0,84.96669643014889,1
4.653018751512263,80.1222354841517,8.6567165557562,59.176054713307266,82.33457434249559,4.092819829156369,1,7.330603732591457,1,73.30443092908376,0
6.557988324447604,68.03334407715604,6.809262104687674,72.31809806975573,82.23402645967056,2.2268099868856694,1,3.9409449170926925,0,62.14025557224615,0
4.329305893480486,77.34439487481458,7.962818592216654,63.61243486947806,56.20651714997728,5.673184077804123,1,2.471015187055509,1,70.1557960790817,0
10.290298255546777,93.7010185361037,6.42535761826031,100.0,100.0,4.035794964062152,4,6.6759376839548725,1,84.35873068341814,1
3.6248031619409744,91.99299572921586,5.615391405526633,68.45417457905347,67.67302904551892,7.3493622650560635,4,3.693218330493347,0,73.93866789846163,0
6.619641420454055,79.67723105897382,6.59575936644402,81.42684626064192,86.75592234524008,3.425706808940193,1,4.328646524192497,0,69.94944126159486,1
7.267553761864197,79.12915273856851,6.8855827723906255,87.8001215995446,78.88120113010176,6.089026444856885,4,2.880344619872728,1,87.3421468931744,1
6.827598194902997,98.79874549421008,4.507628516233012,90.05088686744972,85.85345390724197,5.227987178783386,2,6.358023861573666,0,77.72376804925635,1
5.629424682244584,85.20756120358712,8.29049883912508,84.82960465063644,64.44626838505485,3.64747697877318,4,3.707013767124984,1,51.956463565750795,0
5.740358600533147,76.72193540123477,3.0,89.64346135881705,64.00937566209171,5.480099656983883,3,4.929916623394423,0,79.47118992972992,1
6.087622943958219,65.73981882879548,10.0,98.63846284746549,65.36789054989447,6.757065116949699,3,4.960993868215068,0,84.24338132173399,1
5.705995996743023,83.93873218164744,9.252818700694478,78.31635625930035,74.48223586602612,5.173697038110793,1,5.367121239827822,0,51.44025419368768,0
7.927758233589819,88.29323772582862,6.60848691374153,84.42790154663993,75.78818585077587,5.194569330252517,4,6.323277003439296,0,35.968907562000666,1
10.421046003182703,73.68348475486356,7.01413954084566,100.0,98.27883212038614,3.2544331442926504,3,4.5143592562115575,1,54.37100996832473,1
4.885016429984333,82.91202755138032,7.454457810380925,62.98253398727546,78.33926409404557,7.288409595808272,1,3.5171448362269153,0,68.46250468474578,0
3.2603940408418444,76.3642670508497,6.116259418016587,59.514928883093106,49.271067464268015,7.089093156286367,3,1.2809107324891071,0,85.14682517571903,0
5.82343590329749,78.15967600800997,7.288928721380405,89.11098898041536,69.89749508474176,4.1788816226270065,1,5.20525925873534,0,56.63571948725307,0
11.159418675308636,55.12177942437668,6.784000033447509,100.0,100.0,4.751423081034009,3,4.686001918763943,0,78.32680399981702,1
4.392650864060538,77.78218596283864,6.858590924153551,59.88132973672231,68.82477419968589,7.828441345380654,3,3.5790543397580157,0,30.0,0
9.278233610888135,89.69369302408055,7.272191595220958,81.49313740078892,90.67649575727319,2.7328583579050894,4,5.125104924305072,0,72.7046008054012,1
9.355401628152881,73.68597444433442,5.029708302469008,97.26417493470248,100.0,6.208576782717563,1,6.711965345229771,0,63.89889319171855,1
4.892823516584011,80.52526368215317,7.059354586200472,85.88308295260015,75.26146410735132,3.8827724537377435,3,7.223776169894359,1,100.0,1
7.137966158370551,72.44049293308079,7.245171619926216,96.97528856716463,94.22636299384033,8.556155753503282,1,1.9297251631512173,1,41.618705691510186,1
9.256793246257075,83.60441676292773,7.1932744320338715,97.39277126021375,94.72474023407185,5.126893457330674,4,4.2782773979693305,0,69.78247775793656,1
5.241744518025026,77.83476802463827,6.6762538668457685,96.29781678108641,66.32227901358672,7.520757036280084,3,6.922050424796854,1,41.52667972563383,0
5.592839279795276,70.60758459317994,8.706786663954057,76.91599273957175,66.73071545865044,3.477345303077743,2,8.192082069046048,0,61.75438400256324,0
4.836638172102712,93.32551467665128,6.469521167677673,72.79751462653945,72.0901042119099,2.5029426353514643,2,3.365472693683165,1,44.4826755159406,0
3.9704865386142663,89.28932013532216,7.340988860234786,44.17807359568133,60.05136140357287,4.531481085597776,2,7.756645858465155,0,100.0,0
4.701444909867986,73.95093236071826,8.945946300888318,69.03359505772778,62.516971682400026,5.525366915893673,1,2.2998074355307625,0,64.66678197908517,0
3.552119466475487,84.97788309417777,6.880935789969532,76.28074768146237,56.8298441563997,3.978536635967173,4,7.2965691262398895,0,66.83455760034974,0
6.068166936518452,85.3741200282038,7.321694901201327,95.9804480511893,69.57209676786819,6.516614852549934,1,4.436487335589317,1,69.35899412342044,1
4.460053537882716,86.42301235011176,6.855423045527655,63.99792135274073,68.75053235492362,4.580092864379141,1,8.1256465312875,0,53.01584810818624,0
6.467571823581496,63.05744104004923,8.856054690345399,86.96038241083795,64.67959911604837,1.0,2,4.071937567489412,0,85.82858100491164,0
2.8882087075927454,90.06606541032627,6.613413157620557,74.9098338611966,60.35941517030609,6.105623958386001,4,4.380218546479322,0,79.60291218229513,0
6.661760464428914,74.30301037074268,8.925031865932308,83.42088385410356,86.73605039060298,3.234925881705685,3,4.733214741592304,0,83.7690754400767,1
7.6670579232178495,76.42172066558733,6.8446181580294025,65.50248504081695,80.19355615753412,4.276805236646963,1,1.9258996905542132,0,51.73057176945565,0
2.012528714857089,100.0,5.710810414827975,62.53554357002797,71.29554168520801,8.106262407078711,2,1.47505465848268,1,87.02972822866076,1
6.748113139695144,83.01873380721011,8.019059755861182,91.35487193908466,80.6648919479394,8.54562344824218,1,6.020308386081424,1,85.29761918989462,1
8.455337984946585,76.13677524552824,6.542998249366516,82.80246097454832,75.11859807868062,3.8490131298143773,1,6.976924694706714,1,66.51410447513774,1
3.580717962617589,57.94705627244094,7.930751348648744,65.36204450434408,58.671878712338824,6.1555732612636795,4,6.215155005682206,0,83.42531613315346,0
9.345144773675408,93.89764133946356,3.0,85.1707634470894,96.69743009141041,3.8954510191547107,3,2.492048771642954,0,74.09007434941431,1
6.838038018732091,66.54790329191397,7.007807892842419,58.48871460785693,85.51790366809468,4.426254042202793,1,5.960377490144084,0,46.09000701788537,0
4.589976288483182,69.96561096500497,6.31059205186378,83.21992556029248,64.96555248979062,3.7884491702028944,1,3.0195920525925914,1,67.2579114713194,0
5.8884618446845876,76.6864770091215,5.405111970203083,79.40482388540443,65.21506831106362,1.5513126392070307,3,5.8153054164473295,0,62.77734943330529,0
7.116653825043445,94.16411791700293,6.170138497240301,100.0,71.75011676913785,5.1901104474674185,4,7.262598290404875,1,71.28128932071841,1
6.152010782824823,87.73239986665759,6.139445283561023,89.3332758331859,70.37607184513223,5.576330773892334,1,5.734933706670037,0,85.31689431599962,1
7.077511984892738,78.4216249015974,6.928021307724128,81.84546230780921,76.8873182841688,3.6579965093777234,4,7.937067804483864,0,45.379879967041816,0
4.158652813841267,83.08292063638821,4.949010308072566,69.96145746816225,53.602175234055025,7.175583422874218,4,4.70002505729451,1,63.34633137939345,0
6.3387216480721555,73.99614307128894,7.47441067038957,87.3553821480625,70.70419827739593,4.127839565809561,1,4.56670135739127,0,57.672438505579905,0
3.1725710061900396,81.39653689565351,9.049322177808682,75.53168919850764,65.63001128153378,3.7255763502819703,3,5.134702595561562,0,58.3166304203394,0
5.7775478773026,80.73336744778136,7.421392745421739,82.1144456939331,91.14941334076047,6.053006236216213,1,2.3147178324025166,1,57.653364267496485,1
4.19218471707042,89.68769895681353,8.213482913843514,82.01685503824694,72.70772544113215,1.914636020054942,1,4.1940978487657645,1,71.02255533220655,1
4.528940114820466,89.67178122438949,8.641843681920694,69.67801320735762,80.23225155079092,6.8133580634056115,2,4.36973366051987,1,77.8476317925601,1
8.472186350420875,84.93977382205645,8.854734268276266,82.38949628424751,100.0,4.195661685211275,3,4.432000113426239,0,75.22487438334288,1
8.182620241188538,76.37652442453897,9.805208039231958,90.26500867033138,97.42702473111467,6.978572152788179,2,5.536582334326825,0,72.78502311338734,1
7.218276241814354,87.41822294390127,6.251197002586105,88.14323011643361,79.93169482031283,7.576261051658312,3,2.0393417603534183,1,79.32616731738464,1
3.815374470654842,79.08031533796954,5.922274022258325,57.061518405881344,64.30135560779853,6.280306884714283,1,2.7087720322789988,1,100.0,0
5.367183100610396,69.18085631286867,8.175198472487102,63.46869466158576,67.99690517910216,3.3760534145433776,4,7.264139193276942,0,72.0383712147083,0
8.426195399958367,75.96712208089062,8.0623993294861,96.60483996452611,88.36610077641393,2.498336587031191,2,1.0,0,85.3170760421991,1
6.28343382727981,80.84526983784325,8.163512949423534,77.35360062269481,78.38227396754472,2.131854673329528,2,6.232742137745688,0,84.46275151856781,1
10.63865907996339,89.10215783664745,9.833923681375378,100.0,100.0,7.205821403402622,2,4.252880638404633,0,96.66691244545926,1
6.786635678788744,78.16471827842847,7.017054863197742,80.33625173693548,84.9530478878837,4.730399775599634,2,5.320244963326903,0,78.40778297425108,1
6.3840982329800635,67.90801288760395,7.639234839469277,97.12650018253242,76.68629676773682,3.8015564109383027,3,8.116197570667879,1,57.33525728539098,1
5.3817670715949975,80.56741683296819,5.529417622774788,89.52644696192499,72.84598983848664,4.735835696922217,4,4.737634428269354,0,74.57322881532818,1
6.267081809564565,81.13456040056552,10.0,68.96187214743114,81.93712759932265,7.161242417908336,4,6.2507760110115385,0,73.76708115126321,0
5.695060327238912,81.85837628902753,6.495182618186334,73.14736950539009,80.84430634401181,6.5574795707191,1,5.117133935363831,1,82.22773913181665,1
7.416217353377181,89.1987151595443,6.537676107758755,95.58112944658183,69.30735248769106,5.877012311417709,1,4.78124766049339,1,56.89904995750868,1
7.913404633589169,90.18923240089899,6.479875163487636,95.58638553897826,76.70653816254566,6.27577211485281,2,4.5336494043192745,0,88.99481610939428,1
4.428021078984101,74.05789127618334,6.032656212033493,71.72552577162266,77.64123181329802,5.360344710993898,1,6.4021166970124535,0,70.0785572371018,0
3.337534092884444,73.83856541951056,5.905844426728526,55.31166841477987,59.416508857996085,5.6042261145928505,1,3.5367962677573184,0,82.59068880897598,0
2.327589253793407,69.59801289044526,6.214443575665712,54.812545807431576,49.72476958909065,5.4420504623020935,3,2.7359536228974735,1,74.6450973711045,0
7.015982653825088,86.98815670280476,4.951306107923584,79.91223759366255,79.46090119369015,4.999877508744893,1,5.148949946862175,0,71.83886167480003,1
3.793266787652253,94.48820108337715,5.822023119605142,71.73627724945227,60.12254767014797,6.506747767662564,1,5.385568007176991,0,73.50784615725655,0
1.6942188140950343,76.84918072091077,9.92344466717143,75.50836561744755,55.744690699813944,5.72256421240079,1,1.35168366920208,0,80.07988017071835,0
6.7771572090619285,77.58569435275007,8.103482715462054,77.01698369742837,69.58277931456391,3.2385699377860844,4,4.9790251427786725,1,99.37982191107129,1
10.985999034865582,94.66782556898976,8.388856265091578,94.6696426987755,100.0,6.057748771045307,4,2.546246157570978,0,39.73933922756569,1
5.987858176920214,85.05557853215008,8.765813181125372,78.85342611632163,78.38832635602532,5.494494132758609,1,6.253686214895641,0,78.10004423386083,1
7.676981548903283,84.36235704801055,9.751201846543587,98.702297549657,90.02456845907473,6.222826937830198,2,1.392630288206734,0,70.6595169400112,1
6.16365871709513,68.09083494026274,4.342866172834234,66.34946391786862,79.2105922646737,4.791586172769943,4,8.850151659726178,0,67.34340149193093,0
5.8022206936177145,86.78728069279418,5.155175327070189,93.54744497683805,79.97238646484658,6.623480627534316,3,4.323603166728345,1,34.55082665308699,1
7.838152965975537,70.70863659490242,5.794414508657972,87.47045120872099,81.30195628527008,4.877182898267686,3,3.2700761030253753,0,78.70311521882526,1
5.419450911622698,68.65979814065042,6.295405305265604,69.75405453497974,63.098678146486634,6.447759373201089,3,4.434055079263613,1,68.12544044678029,0
6.534784628143806,76.53228423233288,6.549145914122127,66.67203027309743,100.0,4.087056968098978,1,6.112541717267783,1,57.483572984854405,0
6.643395612392027,74.14207276551309,6.329533670790939,90.2821857961664,76.8477268286098,4.225491891802095,2,6.780940178469874,1,70.63719959076228,1
4.6638190927139025,77.7840030561496,7.328963369698081,71.60738351115415,66.13836984973773,6.204105046420249,3,4.451377379950326,0,65.6081465340268,0
7.984084699073046,65.59018365475082,7.052943086117824,91.62747832291029,94.68290917161713,4.336453212510512,2,2.122619170375619,0,43.86410249472763,1
5.650080486609182,89.58816306467672,5.915747807232625,69.24228502293226,89.86137584159749,9.411565389496323,3,2.5754057327556383,0,71.32277078737188,1
4.48850968101431,91.27686294516428,3.7366768345186454,69.25158806256131,61.48577691673891,6.132889973558053,2,5.57277539748149,1,78.70110294550021,0
7.073019687140807,60.52657525859186,5.510696941931952,80.49928597215666,72.44996544094958,5.049846972308401,1,6.9746542590209035,0,61.7614987797891,0
4.203064036417926,89.78457805666551,6.176142020031137,70.00938912830756,52.79685071059146,6.639801553517699,1,7.234950503168237,1,73.92569249027684,0
6.056362314738257,71.89471370178373,6.629380844788421,73.58628830993318,92.2692361034588,4.0386391800469665,3,5.336185150821564,1,71.62167961840245,1
5.981762006711593,88.56975536982786,5.3054988110341945,64.56700042668575,65.50950217565922,6.846029638466035,3,6.934599132362846,1,85.68238333856164,0
8.171791131663156,79.31553507333584,6.26379030025537,100.0,88.75518742482328,6.790470433327065,4,8.824698435184002,0,68.4446140949699,1
6.949396465759905,80.28775564080999,5.303518917271621,71.11293985542439,71.92353047412975,7.5070681155591,3,7.3806954254725845,0,82.01637758740345,0
5.949946082509713,78.14902350578781,6.811270972677501,81.56432048197395,61.21611731547524,4.118380937302845,4,6.844075802808743,1,65.29970866271714,0
7.635532598400574,92.12129204233486,5.390363007456077,70.45738470776246,82.88944205946657,2.55453349172451,4,3.3868856338154316,1,99.50982942242783,1
8.780415098034627,67.60411987474971,5.726643015444303,73.93160112399337,83.30462392479616,3.7796907215949034,1,6.925239240856007,1,63.44737602040169,0
7.115620612703724,86.07840338735008,5.036973803516291,86.5563679820413,75.77743942198921,4.436738968054506,1,5.922464955777494,0,59.72501313501547,1
6.0207052396867615,91.0133016488955,6.769748956645325,81.84720207611684,96.18528241229461,8.33442320170351,4,6.301291256734277,1,68.49261820834093,1
3.376327535299681,87.16340080540411,5.700328345071402,79.49662758452224,64.50692625352212,9.390024058255499,3,7.5222125578890235,0,59.07971641734141,0
3.869772673849255,100.0,8.360176400013144,73.34433177940333,72.53333123863541,5.689324609287965,4,5.717115696736381,0,51.27015349159248,1
5.389550591290664,74.71053237275301,7.608775400039349,75.44964576899541,80.58389917623651,5.0187812160371985,3,4.794907338677073,1,80.91403531386813,1
4.780975595681434,89.57304822593531,6.895222197724536,64.40887553775713,67.67724434329836,4.300184339051578,1,2.86026838467816,0,30.0,0
5.626057394029108,78.9390936465858,5.803771753984317,93.12040765248102,69.3591607703984,6.649380700421734,3,4.406967364709351,0,59.236999660009076,1
6.113299849794214,92.3340607635267,7.570780457974454,89.8550117094733,79.16914521737645,9.377162783983035,4,5.4257045343253685,1,49.8735412817237,1
7.059385508713461,79.9231100427863,8.036051334022956,72.83363276608306,84.04082075160571,8.571701782376543,3,5.555238680365057,0,72.13254100290793,1
5.859002443881818,76.12124218137531,7.214032618302445,79.67464950151543,69.46596049163783,7.275953225211667,4,5.487752597340648,0,37.16326495403198,0
6.9730032876524035,93.06072203871629,9.405552783200395,86.30553875352699,83.13649803058303,7.246605062227713,3,6.919019719522088,0,78.21776267417381,1
6.12894882962024,75.0843806098107,7.689455977112224,77.18820758204451,69.71039591075852,6.664619772508229,4,6.730729400434242,0,79.84134890241283,0
2.0490668672922574,65.87274241099443,8.370410826352051,67.96383919452923,50.57982189734515,4.90541870858293,1,4.875823517086806,0,45.510729321473875,0
4.121329212362491,74.83153116826172,7.200348123303967,78.92397744529423,61.375140529001584,3.5269035549184085,4,3.3054757850881042,0,72.85904054249377,0
5.7118248885567695,86.19032946588533,8.013496679885465,76.65426746473278,61.582223405282825,4.958371821344118,1,5.766715873555143,0,77.74088925730294,0
3.580610514317785,93.92038751587091,5.8048281509962365,65.09436011361234,37.972080954785014,5.8446792042627065,4,9.49267509523091,1,84.10450561624282,0
7.199857459992409,81.11129375296512,6.312402455180809,100.0,73.80851226055746,2.09273220256341,4,5.642485550558088,1,47.96605995075308,1
9.061501664687395,93.18197067234026,7.5240453302235695,100.0,100.0,4.694098541267582,2,4.408152095253561,0,45.85608036245133,1
8.437523703394634,66.41825078522406,7.5131492223360725,92.91122241605702,87.52832440000053,3.348135290817453,2,6.071672304934322,0,92.53973832505137,1
5.573114258139584,75.56736535182097,7.761417734414871,61.573480899897376,81.19836715780156,7.0276823221362825,2,6.191472517522547,1,57.67165442020571,0
8.981452273699905,77.11424882845898,8.650589338418094,98.34726243154988,72.64426221126584,3.9005831956865786,2,6.169301200811551,0,62.08893737487169,1
6.297334914404223,78.8544057252748,4.862543242276882,88.4675092211978,67.70114880678206,5.656440663961975,3,7.745760390091402,0,79.49641785629316,1
5.325828057763921,80.84094388250196,5.538321178584556,49.08392400483588,58.41007217296002,3.599959414128847,1,5.772185913906941,0,52.46198465095778,0
4.7731946729181205,86.90910957392192,7.34435896161138,76.38466784777086,66.61616793663757,8.195398651921831,1,7.650824470820696,0,66.01225880370811,0
5.395060627023743,75.5519316182951,5.913454552294809,72.80838326716136,96.58991856749489,1.5984861269308288,2,5.460468227475021,1,83.37616439129587,1
5.223646362917543,81.39028686953125,10.0,73.9096890132922,75.94426760978445,5.951680753687933,3,8.024996535017747,1,48.68346673986218,0
6.340832444750975,79.54877109675948,7.773579428755204,72.63035269612166,95.00112000128672,2.4454846631201352,4,7.413470391479208,0,62.49993505906736,1
6.3211479620997295,70.7411009610885,6.882503726604764,80.12384690646223,75.38252049574174,3.981334699030298,4,6.843598823105801,1,53.099145700163575,0
6.006092040306829,78.86333310918565,6.2267960903742114,93.95037596334745,89.6852459803917,5.412373407369009,1,6.5783714715258,0,58.390968716623966,1
6.8738763394927,78.56340470102882,6.279756575210433,79.90539670930835,100.0,5.510714062633675,1,9.603035354140836,1,87.78472870196008,1
8.381292549572683,78.34919434996954,7.045210991972766,100.0,89.19406463333151,5.458533682190826,3,7.153235177332864,0,91.07595450949101,1
7.899108270882648,80.3175945658145,7.167972898931887,81.43222916561714,82.00200251302223,5.303498281951001,4,3.301365990750976,1,73.86751194138195,1
3.030204063100193,80.75673540613386,6.314951282959731,72.73858224206136,45.00311500869963,3.716311476253115,3,5.491801102936641,0,77.98314526941209,0
0.8921577301960903,75.67704820892669,6.590271630220148,54.47734720719997,42.26234379540685,4.671893353822378,4,4.4705664635454765,0,77.57282351851138,0
7.868639822478547,92.72714733971264,9.016426862851894,92.86344740028554,88.03080568687919,5.06326803235783,2,9.128952633595901,1,59.91496035866232,1
3.266242603169158,68.30519370796983,9.07675744397655,66.40274557682066,79.90699179250643,5.390720793517765,2,7.502875119190914,1,73.57225756275264,0
5.550469196214633,72.79029891530104,7.378050969902316,84.16859830548525,60.35307543632693,4.868639054386024,3,9.06390204924217,0,50.5703741478911,0
3.659773947881281,100.0,4.988110409144893,42.62301856006883,62.555262624257466,6.459180841968909,1,3.480010943530435,1,55.62145765128072,0
2.3960391248399606,69.6200864501077,7.807754734958565,47.78194248962411,36.23315353514359,5.186773940301885,3,7.203349357099926,1,68.69797680383842,0
7.082925456409576,66.4624532529024,9.331423662416539,89.58543226213433,78.22992445007178,5.402651935243227,3,2.2709420339279354,0,54.08543509528958,0
7.518310320605294,87.34476745001218,9.054671652943568,67.1561680640641,88.22381549775196,4.234695303376966,4,1.815735331724035,1,50.90909375246203,1
4.846979198546562,59.22880146226126,8.1016387792145,68.92909243626072,74.20770671816494,2.8951161467711555,4,4.2060877350518115,0,59.32153258814577,0
0.8179154157101802,77.64726090027561,9.133634432928734,53.54616866818441,50.797723290680295,5.308057861464941,4,8.02475027499141,1,87.19500587787842,0
4.907511103495034,100.0,7.080076408718533,66.2561541413462,73.41910694983866,7.414892087925876,4,3.014769918092176,0,93.35708730840574,1
6.783608010805093,64.55064077846599,7.942154454750558,77.00242602708772,86.50586746579296,5.887722461460826,1,4.966376306353514,0,69.51159959568604,0
3.0421768624517425,60.18035514261287,5.97883665051223,67.92670631379464,58.71045246473709,3.3650121175704166,1,7.377685736411772,1,78.73298386817228,0
6.3667198395583116,65.00818798042302,7.438398184233568,91.92654875558965,67.72165597746016,6.629480051637207,2,6.692826322318606,0,61.54758816782891,0
5.969380301654009,88.98359568346986,8.994301365955787,70.26240769572198,57.29971217312349,4.329765864412087,3,9.432373157425719,0,39.01529810170675,0
7.158582999202177,91.24776719985812,6.115864882769664,80.04233303413719,77.48461977784089,6.429307960960575,2,5.006743984419722,1,56.597162790474165,1
6.239160736828307,74.87411203021492,5.70783485580357,73.88319395087109,76.08881009033755,4.262408270207678,4,4.116740910738665,0,65.37483950988698,0
4.053862118236889,86.83212404001068,7.1462334085355455,46.05551307241166,76.86249068117614,5.706612879654739,3,2.8110378378420458,1,72.11453922999198,0
8.393143003328984,93.9025532751199,6.660006694414001,93.38283291982,89.35284126841202,3.963005326751307,4,4.2640001197652,1,68.48535842622722,1
5.68294085394606,97.87346414429825,7.973721581605631,87.76188172801523,72.13195478150944,4.0138950070593316,3,2.7928020816281913,0,65.775315782238,1
5.945390920980136,77.53664718820151,6.320110711079437,89.8933866780595,79.52761679429861,1.8674692658085208,1,1.407109440180771,1,61.38050451991766,1
4.133464081853608,56.98528282330013,9.577659423404072,61.95965664486066,62.100664616609635,6.02414963832232,4,8.926785162684176,1,75.15793817068398,0
5.11343549761698,71.79121077590314,5.065485853058417,63.050197002883465,78.78603297517125,5.740339269640674,3,5.097813598550785,0,49.54162332439542,0
4.230394571946198,75.73195805064742,8.880602179329601,71.36802833564784,85.17570361551597,5.8528854325218855,3,10.0,1,82.03094066997232,0
5.654107880153154,77.4106120342161,5.8527261575378455,86.56327626643045,95.83250242302593,5.550661122263622,4,3.3214231266550325,0,61.20473666850394,1
9.423416960284687,78.1214059899128,4.3060258981239645,98.66558928452727,97.510908034153,3.475499933353394,1,4.14238278259198,1,100.0,1
3.2561977141372873,91.1889459793067,7.356812734523301,69.17403492942405,62.90610993177821,6.93179852898716,1,3.44926197648579,0,65.27026690360425,0
2.7728772042465177,92.74428426687581,6.618088020979175,75.28269529859492,72.42582442921395,6.98555860018454,1,3.7184878700144712,1,62.7973641493993,1
8.942340654987216,78.28326346075217,5.335585948145454,87.32033768262906,92.15442370096059,3.423525069658835,3,6.747207488418887,0,61.559707163366426,1
5.581352645696268,90.98484876051819,4.477934662427104,75.70706236175104,80.2800372934194,6.064247982699916,1,6.132647932528749,0,62.94696086166804,1
4.661854522680167,83.57661366631089,6.987458819092815,89.65532773101285,56.619525839222746,6.749982370735954,3,6.750818850835524,1,79.10842087637099,1
8.079809374792152,80.64505972862571,8.463755337435726,88.43093564298448,85.37046476600293,4.059803453312557,2,7.684543184303881,0,69.36585697914292,1
4.788768920526271,89.06544157109964,7.877430239629667,61.27047494296565,80.2937596896107,4.407928621511296,1,7.214710088334966,0,84.80622498942239,1
9.652019427093872,80.72252048237915,7.085059973258899,91.56653617296641,90.73016022468701,6.0682268164235715,4,2.983020511116026,0,76.96632200400668,1
7.355851742678539,100.0,7.718271359826603,77.39746020118027,82.85459866877446,1.9793404611713976,4,3.9523628726619466,1,70.47238689225927,1
5.024177183708595,65.61588833205441,6.9591788014332145,78.69251177555569,54.402966646230375,2.822965556932,4,5.242965620143275,0,75.59431503397987,0
10.314616426531007,74.84829100907982,4.855413635454443,92.61361209676724,100.0,3.020449984260877,4,10.0,1,87.94520332245581,1
4.788570153993323,78.73481103046049,4.868659022164835,76.65319329857905,81.36170162212898,1.4073672703490092,2,6.544800284262751,1,79.85043944576493,1
7.484190744018614,84.3945269045799,6.695247206522982,80.06030153468657,86.78614012563918,7.169879548374961,2,5.213377616813579,1,74.20835490160819,1
6.598585160812984,92.67960487103089,6.759020070450888,61.759140420082645,84.66663968570118,1.0237363716166659,1,6.346549443491503,0,76.34113832512888,1
8.603482578797596,79.75601432763844,8.276474017760147,96.0836107638072,95.57987654221927,5.686221326862732,1,3.7937718911782907,1,52.7097274652227,1
9.123022393453706,65.77770350493793,8.13595633566212,97.09974878273742,100.0,6.62336678951044,4,5.52485102200461,0,100.0,1
6.064008298131533,88.42513896455004,7.907699523638424,85.49761964774606,71.19604936507548,4.412808091173465,4,6.909324369620145,1,77.92188580946717,1
4.493164259307633,87.54958766141965,6.5795759303842285,65.7359491048856,74.28166175512811,3.66326475053751,4,4.942008630917318,1,79.41872038832506,0
6.919944285878233,60.58141340620594,4.929021744834791,76.80427667579741,92.29383070379113,5.465684901473279,3,3.4868934919056245,1,69.5696141793307,0
4.644569260495787,79.96195866329201,7.618106705599036,77.2375148872944,80.02067526773929,5.003666001188963,1,4.844251894640616,0,35.53647844473321,0
10.026774495053246,64.09858169319702,7.787753969893252,100.0,77.56693813200249,7.007009724832831,4,4.360846782807633,1,66.01984622103912,1
6.273070662165475,73.35348902497938,3.417202806283471,81.47703340589065,71.64567919034141,1.0,4,2.2857451606582058,0,71.13920704091973,1
5.269356897375783,70.971910730372,5.748492720126006,80.59263544735036,61.42443517123566,3.162585047703744,4,3.8568956796147837,0,57.657432671707305,0
6.3693606117298165,88.09264698241986,5.9634184339091565,78.630926214392,79.71204652608576,6.123153767832111,2,2.214374427339111,1,57.526701877987904,1
3.305747420940607,81.16830174172183,7.177525301685154,51.092431885966185,39.67418233050092,5.100894885548921,2,2.5264102190079507,1,64.91122056161075,0
4.056771922978697,67.14408999243972,5.794959350851459,79.95815380643407,43.884402628416154,6.504068318393735,2,2.7181110242670603,1,81.57293265322073,0
8.400827815888851,88.80065962957342,6.94279814676304,100.0,100.0,5.524039952479324,3,6.906902596451724,0,88.83631412561229,1
4.686211442057209,65.66194176071585,6.684197589470512,80.53879746203799,74.29416253497666,4.730525873517375,3,7.978330126719001,0,72.56444432409538,0
3.906178034636121,83.30113790470944,6.761275792693408,67.71143578975642,64.64716063980484,4.395423113812992,1,1.9278406459235464,0,61.48931911148593,0
7.073305505054572,71.85989330708445,5.925408559448881,91.33708852265826,86.07655950871725,9.650110031751172,4,8.16036733254898,1,64.56423189781333,1
8.371408309325993,76.3432291746948,6.041522418899984,100.0,91.69185909344776,8.069892548063022,1,2.7468116540789076,0,71.49301003390066,1
7.437906621330134,85.04270748038384,5.379599410328961,100.0,94.60094629349607,5.991010196190444,1,6.493760187944716,0,73.27045186513811,1
7.992095371611633,85.21449399059529,7.570101160860748,99.84573790453258,81.62813030903001,5.156927786896829,2,5.51711714153261,0,76.52438779261149,1
4.486409822861079,93.3696907355596,7.8566539428870525,73.07026136464178,68.78460719790216,6.076265098706869,4,6.271703089425706,0,63.409601741252985,0
3.1563786665163125,79.17746300328547,5.844073074811992,52.69936077833785,61.212484678475036,6.653669435745816,2,2.6685138943780755,1,77.93936698757199,0
9.002667303910973,83.06450862963341,9.280960144025567,96.56991949627228,83.54742423888246,5.837653371409019,2,1.3752854346557881,1,76.75355852137515,1
5.354640322315729,75.62262677595675,6.528097828836927,79.33897557007171,84.89767252452489,3.4972397532268835,4,3.394183179734857,1,64.07360865191326,1
5.498333967089906,81.81989882622797,9.295278435694842,84.58196758863257,68.53323640352534,8.569021535449021,1,5.853737299921314,0,44.20763466635514,0
8.656388283698115,84.39486048008511,6.0368092392525945,100.0,100.0,5.492416455508038,1,8.91380835097172,0,56.7259497770209,1
7.11246001880132,79.01690152545623,3.9601333351008465,84.6107949734388,83.82388737652272,9.027860060779629,2,2.940552804627841,1,93.51392989191103,1
6.911775544163215,61.96249515907503,7.603296737368527,100.0,97.80650158906987,5.374294973754668,4,4.80232502670338,1,44.59642610427265,1
10.330004689802168,83.31470896330896,7.372817657678481,84.05715324860506,91.56623725359776,4.508693295748932,1,3.5018416029807624,0,89.76283362959833,1
4.7129635392397144,83.64561477355457,7.0515906929613745,77.75823642081482,57.43019322033379,7.768280248092927,3,4.9655476344473115,0,44.07128649950628,0
7.855680256162474,73.19826523652048,6.036651282334016,81.2931973589721,78.07712562693176,5.602373916155535,1,1.1384292779406762,0,58.402746593657774,1
6.114026249794169,67.15612963927485,6.948141661771271,61.497911252082815,78.01711300390876,5.266845269018579,4,7.996086670779803,1,64.37921520632173,0
6.537184557726514,94.75879150503965,6.233110813195709,80.66817902564098,94.63779130414113,2.5992715887148115,4,5.048072156572611,0,96.7345462442966,1
9.056936852825064,84.91445510894403,6.546475650502374,80.71295727991576,100.0,6.320435610271656,4,6.83433132797217,0,70.39196436550272,1
7.015671512579248,77.7091896907829,8.262448383647612,83.46407858256808,58.994343071091095,4.013379234088183,2,4.535595953261785,1,66.78992258857456,0
7.076592158099266,68.62967116852512,7.27632584429514,85.7306532714409,84.95662456082098,4.104417581852052,1,5.381256152253886,0,55.9698095015949,0
8.145014674619604,71.78185171578654,7.914927080997966,100.0,56.7405519425674,4.018902309189657,3,7.257744985293494,0,77.82941420133875,1
5.270094540914229,93.02590396786232,6.652197240061315,61.274621356931775,79.57088518333572,5.878067669390605,2,5.263433646188449,1,62.30922333143543,0
4.321580665321987,81.37661940868045,6.486973981292837,80.69235498306766,77.111178140884,1.92924745284862,1,5.3354126482309105,0,66.56494161334646,1
3.910381611957933,74.49412932999293,5.269776203667035,70.5327125625876,63.05984692482574,4.5783093145483855,4,3.412117914749002,0,64.62468242522182,0
2.0672868212479965,85.09689231224657,6.444945081147704,70.62492564233592,53.24353670243552,6.960557982218756,1,3.9311528766418005,0,80.7979326187882,0
10.112414259880644,71.85601812553676,3.0,96.24455954909195,100.0,2.508662261319985,4,2.974368724318129,1,81.42681328720879,1
3.7935832685566337,95.00843030280379,6.114667050541548,55.64547047514871,54.91708042392734,5.34575792186917,4,3.5239648230406697,1,56.64417270753496,0
5.557492752828456,93.52800534896726,6.877188734213742,65.61247050198361,77.66201437018555,3.7372011594583308,1,7.502458220928334,0,60.59113012889172,0
5.446373400222159,75.33425928797223,7.845510481405234,64.31379246443964,70.36416038480039,4.192613761068733,1,8.617218620014278,0,59.11182061983833,0
6.614813395618201,73.7132975296914,6.596983183712565,87.85220850729755,88.99179746660539,8.310304520779814,3,2.505450230741218,0,72.75028056631125,1
7.6314744250785935,53.8186680130772,7.521510313367499,100.0,84.65257720527927,1.6990216329099832,1,5.790343570073551,1,83.60042278687334,1
7.720946976719491,65.18419228448631,3.730317007914632,82.95521961704524,77.71545079543435,6.531260676343233,1,4.364617219599112,0,72.94997989135155,0
4.833845122862123,66.60530225042244,6.914744721689575,80.46057859688845,53.64442402851763,4.044143462445575,2,7.793937133431526,1,37.14028458260976,0
5.665756572427177,81.35190340987386,4.4807458106298945,63.09436228077969,55.35389118400594,3.9446720297086655,4,5.269720436355839,0,81.3962977940043,0
6.5651599009765995,76.7376629555864,5.1875447265110015,84.62901199665598,92.51605284540395,2.776875315023465,4,4.9850485905182635,1,49.76513698169336,1
5.502617747632906,66.54664512584759,6.719251678204209,84.1987149015358,68.43781295720724,6.5077992745472715,3,3.5104613756805287,1,59.27139414319059,0
9.214691152039986,77.18835957535443,8.914395981810332,81.59220800743125,98.67388881305641,4.617190767431968,2,1.9364399218151709,0,72.97647047575632,1
6.981949903276503,85.05337147647349,7.556810145205088,82.87091482658397,99.7239983371042,4.364661172410695,3,6.521876965498976,1,68.7417121414616,1
7.4697555720996345,85.27839349915587,7.027346495705676,94.50794926535383,79.19049011961889,5.219673858408149,1,5.705957149502888,0,83.09102801041192,1
7.325762537334826,61.00329719141119,6.9707044157993465,57.29110621437936,77.67980038019742,4.659425748516399,3,5.754888281040859,1,60.838710515516084,0
8.34694771497065,78.71736519516169,5.929556660193299,100.0,88.76006876627066,1.0,4,3.801345794682804,0,55.50079325664937,1
6.3620431174074135,66.1665922302839,6.184024879940974,85.34700934594755,78.4665857086444,4.018351634045283,2,4.708463108979925,1,65.32535912371375,0
3.406336104088307,89.01728697140274,7.641064068206195,74.19895699761497,79.3135301270883,6.7908817818966485,1,6.582141972227167,1,84.6552900346422,1
6.799375903505283,87.84146416353498,4.921959222333259,79.86968672557877,96.45446136197283,1.9867670717753834,2,6.964225259462225,1,79.44509306623232,1
4.697286212416342,71.01972773675541,7.889581075424532,56.25920624642816,74.39247143356553,2.820124200287291,2,2.6430567681629396,1,71.30722011883626,0
4.942766636500487,72.339547975996,6.417239399321721,80.05446274567194,84.1507375089716,4.146417209202949,3,3.733303858997205,0,89.88944782004286,1
7.172728037510186,75.38732949501693,8.238335612304347,85.03773693338582,81.25417809938256,3.548753162725716,1,2.2202331558557145,1,87.17284364207737,1
8.476566142867272,57.47206605268661,8.441640185848126,92.70398526865957,93.85104252908842,4.944229035716784,2,5.402528825186731,1,81.8272335421415,1
6.042543153472123,83.35968173440577,4.49037398124139,91.08878561935015,73.24012247544579,2.8138464966425185,2,6.768676624206456,1,52.330242649771236,1
6.617666025197927,77.2715545365987,6.127628855159173,90.70896886461561,66.80231232539117,4.224290952381254,3,4.442568965901162,1,81.74858555961806,1
9.404429889270476,89.70175082567859,5.716708468089065,100.0,100.0,4.904010936801332,2,3.6742867380005713,1,66.96462630312732,1
6.4815063589771365,69.01590782037448,4.280908052390286,83.94607408362067,84.20602549376142,6.297880832415942,4,4.329396292389418,0,64.07583653936373,1
11.203366228360789,73.80877051750068,5.451200085685884,99.10470676389278,100.0,7.4895787721991915,4,9.612626629952974,0,59.7617279308419,1
7.1310192912630885,64.93474741960884,10.0,83.77092798722818,82.76143725445678,4.476905692293121,1,7.383856199847097,0,67.42425154173486,0
2.4784744816883646,69.95709436505747,7.9142648443186605,66.54900613382789,39.808698181065104,8.77612048249165,1,6.461994345459322,1,60.61369367273927,0
7.506683242209065,68.1801800393178,9.875931952908632,97.6919814009751,75.26534612172723,4.632190838910952,3,5.640135791165344,0,72.54631449926607,1
6.7623167697655555,89.95973678846445,8.243647660027504,69.14124433444059,83.9354323197336,6.657750296513061,2,4.974517070761903,0,67.40585258481994,1
8.579505508165491,73.01738151248608,5.887235258487287,92.98290369261915,86.18590637624789,8.863015469453558,3,3.1867356718092417,1,73.30807738967594,1
7.346362702539917,81.24175684744614,6.427343204988936,100.0,81.90104580306459,5.27861681847187,3,2.8766191513839363,0,78.29907306982102,1
5.723088032032452,76.19236596138195,7.882654270360461,76.21335145013705,73.29196754440369,2.252946756844929,4,3.8641786469735773,1,65.58452242717276,0
3.5514035274212685,67.30534733987187,7.656259305209554,77.06713618579738,54.48373347435651,5.181807714415262,2,3.0924402403959323,0,58.94060157925949,0
5.58195348542795,78.31699576828358,6.133986976437499,82.8409426992998,63.8125377123272,3.7767142235901785,4,3.7843740759603093,0,39.90396053404267,0
4.2989590915814,85.99103331863594,4.73501024413119,81.0534015231568,49.67017824023466,4.451135946055096,4,4.796208747760845,0,81.55980574851253,0
4.838953100390555,67.92240607456648,10.0,66.09716008595345,67.56853581222792,8.96995376499043,1,4.949396822874084,0,71.18147894620729,0
7.177156808841219,88.09112790731379,6.788275491485791,77.8317673435503,89.24902632915015,2.5544731535522485,3,3.759237449231051,1,67.35735429382576,1
9.339809008702812,71.50279078522304,6.51139166022607,96.90176396473694,79.60251263001737,5.600933644611717,4,5.99041910928041,0,87.57874573790963,1
6.7893430596459625,75.1701607392716,7.170001695857953,68.62449742582669,80.49558010687751,3.244557439356551,1,4.6219872557032335,1,50.67218209922014,0
3.6082338759296313,85.30683123010047,6.635907116033457,65.34376331353158,64.4608357824934,4.384684117598171,1,5.42939726235636,1,70.84359642867182,0
6.889205336440281,73.36563842780512,7.184093361558226,86.97479325735807,71.43942798135024,6.489684670408968,2,3.510819230132851,0,55.53912039294102,0
8.393262973291302,80.37574859335865,8.930420929174629,100.0,100.0,5.636327886946046,2,6.385745109020015,1,79.84008781264325,1
4.780434191361236,76.85309171211908,6.813177280470365,77.9293528495044,64.82545145778333,4.549935462076822,4,3.930307799496832,1,36.607880813363295,0
5.7319656666541645,81.29368006703818,5.255934341008357,84.91211304200185,73.37919711535987,3.700399349470744,1,8.217108473477312,1,82.06023494103798,1
6.0293763894583945,56.19260894476503,6.757534308282084,91.79164041779202,74.56356333077058,5.632156384307229,1,4.550017291817666,1,81.4399028074941,0
4.4302033738355195,61.70318184791917,6.303397327885134,62.50444098022703,48.87347601710256,8.41537343430674,1,4.810631877010952,0,56.15481350296886,0
7.2965608676877185,86.15967006046839,9.135848405870277,84.83197771472874,93.86688592296676,3.1972961147527528,3,6.187176972684455,1,70.99509563604157,1
5.758103702784437,90.3718140564905,8.756678597106356,100.0,64.99343453251424,8.823327770915546,1,6.623700386909973,1,56.477149899704116,1
6.839064887814056,70.89513296468479,7.161287500646198,83.40410221522518,78.66918417282697,7.398994901450303,3,6.839187360382662,0,76.41394690918104,1
4.2250156443958,77.55971647828866,5.081896217771115,82.28938570980107,71.32670387915476,7.738706735155534,2,8.55117606602794,1,82.30343661569003,0
5.125083399353179,82.94719252902301,5.161161604840081,85.26279576849697,85.35953465756441,5.616864761859203,4,6.3237710468080675,1,54.925305012435956,1
7.444762715655543,86.93217601658704,7.02268489237683,72.44267643440082,73.86925347496486,7.342259551019788,2,4.866027022310569,1,50.5487701468477,0
5.254333695816466,59.723227283291514,7.504484453981921,79.37646124914167,67.06116631895452,2.9823374350987475,4,3.9407081691963652,1,86.44655726050357,0
9.45392770246681,71.13959753021624,6.438065771010917,98.73711323438631,100.0,3.663912184302977,1,4.732343433600644,0,99.1175588726719,1
5.200727628770795,76.67420620150125,6.2797456236891485,79.30322602225831,75.84150456537924,6.531627627840785,4,7.9680329808577675,0,77.41670584903139,0
6.449369451503772,87.0314019723605,6.11080115023203,74.70572245960827,85.40793029953872,5.591690110447632,4,2.2260673939552627,0,78.52662232738182,1
7.8651816637461796,100.0,6.96490905963408,78.1567131996093,76.67977262471541,4.7032414830044615,2,3.361983767081812,1,65.01939131261727,1
3.1632685341339366,77.71994273190282,3.4258564718904028,61.056242670461174,55.187515905538035,1.0,4,4.562026512932876,0,72.70042008820289,0
2.4783823760384482,65.93022537896012,5.348010056845435,61.41396190935021,53.19193993242638,4.129051903923658,1,3.3353690609065207,0,75.26081927859354,0
2.9486873708598105,84.02268077201298,6.059423731828974,76.5932813303022,49.11317665172912,2.651892439403469,3,4.182456030315703,1,67.26140596307775,0
8.525168206854364,93.2099578954071,8.811254792427881,100.0,74.40531298438711,5.9870686226230045,1,8.612469076693023,1,90.24790783021759,1
4.8962837082151065,81.08014120979502,5.779279537106606,88.44739700330732,64.27271666165468,4.617662942865529,4,4.403813920740081,1,72.65117134051744,1
11.116398571336504,70.93351454845707,7.2707022127468095,100.0,100.0,3.743398911666991,2,5.82329713032589,1,74.58400015222435,1
4.871504802685223,89.5799394148002,7.339814126396494,64.31412139043022,69.8207634717163,10.0,1,1.6836063000085293,1,67.5705542449023,0
6.369102606394074,86.63545618498435,8.946874758491143,77.7565512820754,91.9575247740982,7.07634895338847,4,2.795125461363073,0,69.09491086848834,1
9.08421990513575,69.73919155804376,8.893866110446226,97.52036004980874,96.29552857310969,7.1117442827121184,2,6.865367219244002,1,88.28065406713452,1
10.012185776318246,83.81425617534342,6.913745546807625,93.73653850082948,92.42603736202985,9.404430289364345,3,8.336056877089778,1,72.18859046542332,1
10.123007153272795,89.97265567658873,6.286772888215836,100.0,100.0,6.604383565366218,2,5.442821194577048,1,72.5394257876791,1
8.416732461186285,91.81890042558894,6.004250345761465,99.2885233884743,92.6236561737967,3.4580919810542685,4,4.387967481220669,0,72.73303116839116,1
8.048125051622925,79.33551024690544,6.638405166301329,95.60352588376932,97.90713863401152,3.224207296616527,2,5.992323261777619,1,64.53231044628741,1
7.185053898402366,76.41920553820681,6.3489499685146,96.17661553758765,72.42704167920849,6.92980551750847,4,1.0,0,48.880899765191685,1
7.5567221523332755,92.27273822081263,7.830441114037348,78.73769862453564,95.72789581014469,1.0,2,5.458242687036085,0,93.58861220667423,1
4.897628567342933,67.89839497019115,7.630464726227807,83.81642987763664,80.07466415949958,4.844440737980869,2,2.9077787997849973,1,86.0244101785004,1
4.363602233155386,84.38579290921005,7.887701786717524,64.86155666457498,69.07928484249767,1.0,2,6.588185964448083,0,88.73565478427334,0
5.993251085178096,66.29973372635571,8.888925567154253,70.55689589946162,67.89028565297075,5.197687016779012,4,1.0,1,53.91221696421181,0
5.659630754950143,90.65376272259603,9.794303682100265,83.61931511661453,73.49769624257473,6.708140501423907,2,3.743248048181439,0,91.67380381963903,1
5.093543901345449,77.41954484388839,7.186995090111335,87.62645512871705,76.67417488045514,5.558831069207264,4,4.91804832378401,1,99.50306180537919,1
7.392774894913431,92.68583235647469,8.649195657093479,91.84400933832725,86.70234956884593,6.876218717941196,1,3.476417634088092,1,85.67233621409187,1
7.910610417141021,84.91412756355527,6.4725097242486775,89.76109232343055,93.47448988392377,8.92965388331983,3,4.249031199623715,1,94.71733618780469,1
6.176813772583695,67.76779769938071,8.777510475374523,83.98560712393355,87.18334171203122,4.7129231254759825,1,6.808868701353016,0,81.96772912389656,1
8.955060162110524,94.24627732077244,8.592263735763765,96.13956999122541,87.24589443894394,10.0,3,4.951007970965484,0,57.30088594930078,1
3.71662177173299,95.51245266427729,8.512623954914487,57.323599897311006,50.74897442079654,5.425339912340309,4,3.13883839007085,0,77.61447805648312,0
5.612681081440564,88.82286492599215,7.141104761787286,65.63720395775367,73.30069847492096,6.898330125380719,1,6.880800132015583,0,54.694859503371504,0
4.56635535879439,72.3841213496378,5.997462754013667,72.04351799923741,64.10070056406767,3.777874570869865,3,5.501961738142325,1,61.03938792250429,0
2.26692676585388,76.93986045642592,4.908207343201785,62.133202186962436,61.460024726684786,8.238627959261365,3,5.584974959169994,0,74.74420642883904,0
5.834638628314601,81.45427217405759,6.939944188718351,79.28651692525034,64.26284787329953,7.083420397085259,1,3.2149779495437922,0,72.73027706320147,0
5.756504983233433,72.96289600668567,9.299518813373775,85.5435410526663,84.7428486411774,7.942902605135995,1,1.0,0,76.94613109504094,1
9.026899486484261,96.92346572463205,6.53523264795389,92.9797302707779,100.0,5.10900884354791,4,3.1877375332872555,0,43.11866509413285,1
7.2616233691095555,81.44326471726036,8.177689878190082,91.93790866459634,83.57278985728023,2.489164871233421,3,2.9842628439290335,0,67.68643079863696,1
3.95162635134159,52.966519528926426,8.265927100778397,68.31226408344347,64.31711936386259,5.9207948792508125,4,3.7734060856385563,0,78.23497746498307,0
9.708185132668376,83.3935581275622,6.574470668609241,100.0,90.57364578370873,1.6059603733529686,4,3.31628866801539,0,81.22560508838863,1
8.442067391050706,76.51842603182686,8.97451725627928,93.01747422251799,85.22579535656357,4.327628392756096,2,5.225397018093932,0,82.20659470874901,1
7.164195406937232,79.25073443881553,3.0,100.0,78.90180563516655,5.382160873264501,4,6.761754942091406,0,73.76887391584935,1
5.547031802300336,76.31380634214301,5.165874581892737,81.25527492241032,87.71159149218133,9.754448585021535,3,7.1523228547057585,1,64.31163775033816,1
4.081121526553041,88.07046416606687,5.62655155546231,68.26883592688304,63.7680213012105,5.637097223883881,2,6.674423716727256,1,77.52206327764057,0
5.255586447857894,91.19687778553381,5.770427465698916,67.28345247669273,58.31178912074728,5.279074938166079,4,3.2047500483765905,1,65.50430327064676,0
8.177497239408371,82.83053162258653,7.504394426778843,76.45860045646492,91.61852685757026,4.873935151929414,4,5.117801586639678,0,83.51584580348373,1
9.769172611869218,76.60688812861841,7.435056704580853,88.93144021538453,100.0,2.315818190469965,3,8.130331696340104,1,76.40961929941699,1
9.086487056544378,79.5866279519083,7.590985858262512,86.63637219108199,94.26480864605031,5.171651680026016,2,1.8305313340541804,1,69.07416779818489,1
5.022301156427452,80.19599616577628,7.894122241198731,79.05970598625903,84.82594133583461,5.205765352273545,1,7.696460088850262,1,58.465073233637234,0
3.7607651334219776,71.97569960135164,5.574843146281526,63.542171956508014,70.33967747319085,3.0627830090925654,1,3.007793327220641,1,86.79213160807134,0
6.281772493822408,85.78928648571235,5.172735899789021,83.27813299465701,67.1993476640559,2.6265087711432704,2,5.587530575168166,1,78.3857416951279,1
2.4631212688742967,84.60042323860466,7.5944795230117945,75.13538996813834,49.26439948928176,4.036858634464533,2,5.825570233938057,1,100.0,0
6.646335428369563,95.40441239776673,6.054651889530342,82.35359362549927,82.14027538446346,5.129865957145387,2,5.379826073138942,1,77.89328895989416,1
5.7047948274026625,92.55349780288475,4.644287431948044,99.31554112168135,57.56687658414991,4.084891637237083,2,9.456945788405157,0,79.14875336175132,1
5.067926996263515,73.1432508240987,8.457016426812222,63.5815251779256,73.77112935228723,2.8982491006969573,1,4.398336199057415,0,48.020967769045,0
2.810593865466409,88.20298374508965,9.092652859753446,62.54713384358276,39.247738920251976,5.578544504008611,4,1.7210242501527167,0,74.6572656929209,0
7.027200213139433,70.49046616905528,9.33574133454799,79.74287182958739,92.39753583448169,6.077733648338458,3,5.71289413505369,1,65.2520762001331,1
4.934598320676177,86.9593210094085,7.28051158221208,84.03805766395097,78.68032677197415,5.24259541844447,1,4.65992003055108,0,82.39648432613666,1
3.660166328579424,74.83385801239892,7.938898143959354,45.90291533923591,67.00881158062725,3.874034572246133,3,6.109602416438345,0,75.02026664738624,0
0.25547557343670135,69.76746776624415,9.054802335042867,36.84622497540539,34.77406979709709,6.189682042464517,1,6.764190483747465,1,84.77909771538884,0
5.9449701898987275,82.80045342697404,6.037876314964849,78.65138272498402,77.37184938552775,4.618925420546038,2,4.932620656591074,1,100.0,1
9.544503193339487,53.254328718458595,8.666016526081139,100.0,92.13324428489042,2.621832585309701,1,5.872620861284596,1,58.02456541821652,1
9.32251842909574,62.490244255947715,7.413094351214813,98.87101048585177,85.62695780007378,7.072488710002797,1,5.28847586447406,1,84.2005983928808,1
5.0858074868274565,78.22508116225717,8.370567478513887,61.91356289149495,67.12741480325063,5.70701603853298,2,8.583774888149424,0,80.25389750215538,0
4.795575879276439,80.82441766634842,7.279139531313903,62.00621346947989,75.75611064057959,4.761419388608522,4,4.258876494264669,0,99.68942181823296,1
6.937548512150047,76.30681229841811,8.944385064622002,100.0,82.06343300121789,1.8578955903305499,2,3.625859603980274,1,80.58076855047405,1
4.003229121623417,64.20563701282401,7.3352856438123055,63.80479762015468,78.52647397108474,3.5102794417295766,4,6.7614618062224565,1,79.02115592115611,0
6.6035837996389315,71.82108157861495,4.774031410798873,73.58828527369701,87.27930819263634,9.037131424765853,1,3.141640369314567,1,82.77179846543474,1
7.53216055676938,83.91209327237394,9.177889948472084,100.0,91.77987147967247,1.9833158762386058,1,5.784315611165092,0,83.81899163450501,1
8.453866447768615,85.81781770628362,5.578703888541832,100.0,74.63393319215565,4.497301440716615,3,4.660821692661692,1,91.81555228391254,1
5.799691847040094,79.8377688240406,8.879587315365871,91.73905566786843,71.94656578068779,4.96732847529276,3,4.797358630916134,0,57.70932205920269,1
5.592652499646068,91.56833781036988,6.864635677839517,68.46284369557218,62.912190893534415,5.640953578823109,1,9.874609248020338,1,64.11491833412012,0
4.244034826486878,83.97397023459234,8.76401647779656,55.96911772229079,63.63418016268223,2.005658128347172,3,7.468173489844468,0,96.02929179220756,0
4.34623929192028,72.52544346041788,8.702152922300147,73.06286135322846,59.14467451229011,5.348352512809201,4,7.0431590666388635,0,40.61927581905877,0
5.547042216196947,77.19497946588383,7.645214461473057,81.08647241172137,69.5062037666023,1.6277890750566408,2,6.061141280953946,1,68.72906133702811,0
6.734731013632356,65.97133842792145,7.762802976440696,87.3196731052101,91.02001340553264,5.194857592391022,1,3.616971757119649,1,72.2433997957625,1
7.827169252466499,78.91861009608583,7.633942925788849,100.0,91.71551480485734,3.6952041619808353,1,5.5229633734754415,1,67.34632180393254,1
4.39364209863931,91.12100619221339,3.9792628655783835,54.630539593114065,76.4329968816522,3.2682614661643794,3,6.16664860165734,0,93.71422049710479,0
8.985377137919043,86.85290084710968,7.1774953283473035,100.0,77.9054317373544,6.669634317335174,1,5.397970860278738,0,77.13906673002369,1
5.457752797914862,94.02009325919121,5.325903735892157,66.32251354810114,73.3262637536458,4.528787513272236,1,5.189500654687922,1,64.19028843032144,0
5.957265411303128,76.97114756201007,7.256780715618494,88.34368026512405,85.41064228178479,5.947421609815143,4,4.20510140242119,1,60.483860335041776,1
4.505576641704353,93.46099794514258,5.285586180425177,67.77831616330799,82.09641899909768,6.013653822755635,4,5.5469172993625655,0,74.22738367739632,1
1.1515194794541168,78.0669577355203,5.222572088160888,47.61787943836547,31.428232979799773,7.539906977910205,2,3.948857297092947,1,87.4893105580415,0
7.7680907927220995,94.71585082569894,9.407401752630854,82.74142689411848,83.09370839472089,2.5834845167579505,1,6.406846359134521,1,72.07612167051367,1
7.473687794184867,79.78143252557877,8.604171082186284,72.91233696315871,95.18439350515683,6.8380313250395135,3,1.0,0,67.9836949861325,1
5.437344885763573,87.07231373804277,6.993786122583768,77.59101382715254,70.70128618646699,5.032923244876094,2,7.717487132899885,0,59.57074466732957,0
6.133981434449744,94.75112364309855,7.277152975373536,72.94317326564415,67.69971186500123,4.243750839260812,3,2.376668196264221,0,75.6105825713395,1
7.031878435408199,78.06572371418794,6.628125961385487,93.02237448604379,66.69127882748911,2.701498961619435,1,2.865489951860886,0,74.77855783556384,1
2.8749082862269146,82.18388987544174,7.854814563969285,70.77510224146374,47.76243437072982,6.213181723085723,3,5.817708371243358,0,59.1367215085572,0
4.941894645307411,92.88863425206303,5.985918450176793,91.59104375556497,52.76235118620717,3.1555509573322293,3,6.079883660709325,1,85.39624263989683,1
7.588529359243655,78.66996836069936,8.490610394301935,91.60592163162904,86.11578072380217,6.035613173954286,2,9.156555952808738,0,95.5906496388067,1
3.491421153661501,66.7910771749384,6.620369738478834,72.66388343910825,69.9116287797556,8.855661545934264,1,5.592569058618252,0,70.73496951798066,0
6.587115864333258,100.0,6.370229506253157,96.93657743994441,66.91294759691351,6.959954080718656,2,4.919090468014332,1,74.5320646466898,1
3.28683639075319,75.30235535662864,7.032569527727264,60.157554993498984,62.29831575662966,7.782868650301298,1,5.382598757085648,1,53.42598068928693,0
6.932859964867053,81.58756050937542,6.113279755111584,69.78171769610493,90.04987008366098,3.5619904455499363,4,8.180975522575556,0,81.05784288060636,1
5.9287170354050325,91.56006669451128,7.493023524244724,81.6445257683091,75.54521894394671,6.52546609226399,2,9.84879998132876,0,76.96261325391194,1
2.769736368188981,73.91506096268799,6.1939561160299,49.62234714880087,40.51147525996143,2.711570089727219,1,4.630399402182029,0,65.10843280781513,0
8.329478708914342,69.9213208677787,7.702785404228254,100.0,93.83898780011108,4.533034194850772,4,6.085544832344225,0,58.84761221572,1
4.530816846403901,82.53737296774833,8.824009808367215,87.20906715280893,66.63843163077871,8.48254411243824,4,4.851221631008947,1,97.7135536543249,1
4.379495125971238,62.069236020876104,5.921017469787739,93.537238962872,64.71192426981887,3.7843155871470318,4,4.811467317492268,1,75.74155354109502,0
6.401138394461886,77.1209392313208,6.804136814057243,82.63016173894073,72.93845790916667,7.222712368346187,2,8.758101247729535,0,56.23493056178905,0
8.29727469885743,82.45038664315406,7.691996069553133,96.99210943130313,90.651522455885,7.03129346599943,4,3.148536552273021,1,82.83316438622957,1
3.968356362043206,77.30048103174836,6.3462139675278895,65.24702749068959,68.90831725672884,7.149482500441676,1,1.0,1,73.44485969211694,0
6.123359699695944,64.56549056814254,7.696480841239998,89.44604655434725,100.0,2.4659960477574545,2,5.634888718093107,0,70.88338495490588,1
6.857633000661146,95.94177956204013,7.83309829097761,72.13273288279515,82.26911868783893,6.05040193203136,3,7.402013057524147,1,84.67835943306551,1
7.386211214526288,81.03538153949175,8.624892664441456,61.50012417788365,99.42867888728446,4.686802868166273,4,5.439793252502062,0,30.8085536802716,0
6.35288311055445,94.31152117761741,6.091014930872632,73.85730935788658,81.69484949759547,7.176993715058224,2,6.004407102416024,1,42.89440583323474,1
5.265944321833356,77.39963749819555,5.585837139654288,61.77498685299362,70.6003826545226,1.6899992005463096,3,6.5047867622537865,0,90.6882808680494,0
4.344819558702561,71.19988018309236,6.538633915654384,86.50336515510816,67.55439262932829,5.7355757781312064,2,5.221822146819211,0,68.06616825329498,0
6.172287766092749,82.6918092025516,5.54837149067935,99.01821338126692,64.8163628996314,5.452750405680134,4,6.112615246896651,0,63.59841578682001,1
3.855721976028786,77.8421287367178,7.846747306071245,55.249319156012824,66.1929345636931,1.0197665255021295,4,6.0792237973073195,1,49.933645175009886,0
0.1572990330107853,68.22238542008643,5.257373049735383,63.703651240266325,21.02314354985099,3.2291592878100457,3,1.0827908055210251,1,72.90774023723957,0
6.873119608315336,94.69784258787496,10.0,93.87944787658438,72.6120540710067,1.3396955737662979,1,5.227733787459583,1,74.7588370851484,1
7.807869682172391,73.77729777106003,8.943891792360626,73.3415815636732,87.94564902437244,3.5472893961541865,4,1.8544343340810046,0,91.61221962992744,1
1.2741351289163232,61.59733615204431,7.018863654400471,52.46800033526544,59.58463350528638,6.098434169330296,3,4.923656989785155,1,75.58667762783969,0
3.980538590580125,93.28166053957332,8.301091739496965,64.10105573165542,78.18947551346469,5.390731151297215,4,4.009438102321131,1,65.45788150422379,0
7.238308522010396,74.95701984187377,4.544797203533813,93.67149659632398,81.06438533565303,5.338800161187097,1,7.068022508735656,0,76.08515127804426,1
10.114990939423397,73.92176107384375,10.0,88.28716118806685,100.0,2.920503782137235,3,5.488825518419995,0,86.64232843366914,1
6.041587415350816,62.34612412970026,6.114678081699266,79.21921082015925,86.09314918792518,7.240900983021064,1,5.946385692176458,0,83.36829520778578,0
4.543994117541731,97.40941486596991,6.819253879150961,65.86062554821248,53.969028983321195,4.96236064327732,4,4.617098564075499,1,79.32152186982617,0
5.63420711779032,67.10519412790313,4.216100069217346,82.90444742280303,77.85271775989696,5.067407624515017,3,7.104362525212725,0,74.1187277396883,0
8.74975283829637,80.5844948070565,7.729430957111342,91.58084387460256,84.21958835612013,6.880799137892261,2,1.8053493189545327,0,61.28009181774323,1
4.708071641750929,89.12620322540441,5.340483764384336,68.1879011693507,66.53017940373839,3.017308504614923,1,3.208995095757321,1,54.50801781257268,0
4.401615986699493,84.21716933003097,7.152483642349043,69.87511417717668,61.81946341525381,5.457095539743846,4,7.572614243217606,1,52.134908914334694,0
5.034512955635935,79.40345688007808,6.183588350613193,95.5329931065808,74.5606590042971,5.84692498320284,4,4.128703001735632,1,75.90949431812587,1
4.0933427834825755,62.98334141712584,5.383384097604485,66.29771755621898,70.06309344098636,3.908863699412304,1,1.0,0,77.47420104902614,0
6.245340631989591,71.90275164232716,5.793457747356074,70.81665097711009,86.38283056591152,6.304746761519552,3,7.905282553227771,0,86.41456723905847,0
9.24935691693912,81.87800338042523,7.3386820511282815,100.0,98.97812978627921,5.954246341259134,2,7.153872142719596,1,78.42597778374792,1
6.6461585462320585,72.12825930013004,5.077763540696763,81.79554603693072,81.59348897708131,4.7976465754451505,4,6.421938813221465,0,85.76307173718938,1
5.495292995747425,82.03359459998768,5.876782493464635,63.324125670072405,91.51199597887057,4.735698219730277,1,5.188812013903405,0,68.04180054037121,0
5.416377462168912,86.81743408815142,7.994910071896717,99.39685066286921,57.254674071041705,6.04709531574261,1,8.321494036317393,1,81.56263695154479,1
2.873618382606686,89.62502885800102,10.0,60.84330245716695,74.19780889693251,6.576942080026381,2,7.517236858125003,1,54.977942321044715,0
7.766219554294318,67.73820642187317,7.716383229329507,85.05240323185808,83.69909823708196,5.1257998348132805,2,8.09571213758402,0,69.09721222186113,1
5.8443256059743955,100.0,5.624107536734069,80.81998154895295,80.77486949952942,7.2403789208136935,4,6.391000960894461,1,42.52771593642177,1
5.639040172818749,87.67479344554131,6.449328744891534,95.49636855618215,70.57764423097649,6.3170519248611665,2,5.245591702502163,0,70.47376984158504,1
12.0,79.98285846330936,7.047383509228867,93.20254673481004,100.0,1.4230721005463698,1,4.2016702579704015,1,88.37179726061548,1
6.597505816731372,90.89536583076641,6.475862574046439,85.74738757786226,84.43080682833053,2.190206604915715,3,2.4621523150682565,1,71.0531597512416,1
4.496417899809631,100.0,8.3545872501054,93.35481111698444,77.39979048500223,7.364470438043322,3,6.00409123093269,0,80.82737488259836,1
5.147284807588913,65.6127989894313,7.326210224521337,77.02371084534104,75.61378839520754,4.506453737058204,1,6.1707146695912085,0,74.09777821136981,0
8.29689141839351,77.74737357508647,8.361778577364806,79.13111729893276,84.36019064353223,5.328351645594948,1,4.300437336185352,0,61.44361281040958,1
6.226540821075529,56.215683401266716,6.528334314553556,74.94873557577112,100.0,7.27858103531829,1,6.227362056233267,1,67.20028284473142,0
3.1234440433652666,81.92651532648024,8.988250329581884,67.68604551439424,70.72640096885412,4.987177565256318,4,4.335644336801712,0,87.69526740476277,0
7.838457869150407,83.65394241925141,6.750271623577682,100.0,96.36417025697497,5.074535219178697,1,6.7348553826939215,1,80.75011083711809,1
4.663711828922012,79.6083788455724,5.543215196293012,69.92520070044945,64.45262866611003,3.262541534416542,2,3.235785413714562,0,60.73606299319929,0
9.74659555243509,73.45466429001691,10.0,100.0,92.22791543172016,5.739989014455041,1,2.889776929982596,0,49.18792681152227,1
8.160096131429297,59.50485483811675,4.262533379558325,76.4467923866776,86.16218603014639,6.1730244379336465,1,4.518842545562705,0,73.1026987534671,0
5.1053562086824975,83.73533683411769,5.891891912042609,61.08959734746195,81.44620269601981,3.844236325994288,4,6.657570791004574,0,61.271802643453704,0
8.562032723470226,94.55434483915325,6.059458222254408,87.98215673050163,81.46615297006308,3.1559572433882663,1,2.682429070681953,0,67.33847485355076,1
6.1357110210548065,74.08981544266568,10.0,95.05884232400665,66.13222781178567,10.0,2,7.099374038018391,0,48.18366125358283,0
7.705547350244439,84.40059929023145,9.710288326219768,89.21648314635988,91.62875943507682,4.814183060303434,2,1.714823731229575,0,85.61129286266942,1
6.96946563458895,64.3185568657995,9.240892215463298,87.74544012861094,85.00875825395491,3.632615320781417,2,4.506508248811419,0,68.54533289099233,1
4.307286690018253,84.57213063692514,6.504012006435502,74.31722940582654,58.14058476120056,6.413172890584523,1,2.1738477457947183,1,70.81989956702134,0
4.712900335365076,76.06617702255343,10.0,84.65658150269269,57.365366228038205,4.898411929544216,4,1.0,1,57.50604676907248,0
8.059921635162322,72.37582049397085,7.552528005761457,84.19740125043307,100.0,2.8284673534757934,4,5.732903609550508,1,65.83922941210572,1
5.330449335786918,72.39636358783869,8.465895055454684,83.5350977638169,75.55274026771713,5.9661071433028905,4,4.64437778273777,0,71.83689664490902,0
5.1927030735160065,76.0638841796699,7.26954307165931,67.65468872902873,57.52085980381571,3.2937580618483624,2,2.2058021343390224,1,60.801141602844815,0
4.0897548413012945,83.82433315692535,6.925800143015123,90.28150076571407,51.60227368698483,8.152916004311267,4,3.9667722840304407,1,66.76207374899995,0
6.847198131186922,66.87836798804483,6.622331989110431,76.23207961296771,77.46806906261685,5.989009259504805,1,5.883650453858627,0,90.79437136829988,0
10.12504983848629,76.02884668432146,6.685540009871256,91.80135616164524,100.0,4.446239150947832,1,4.263700666021662,0,43.74937045547033,1
3.8649341714914542,79.58528222000852,7.912737473017119,74.82136899233777,69.13969305003152,5.218694036044226,3,4.602637768863203,1,72.76842551592001,0
6.0484389133455165,69.00960775468141,7.5507996981630825,81.04007888105082,87.60741885008528,6.806576242196387,2,4.203086859353899,1,58.21800899572764,0
8.824441110830858,97.96665201675017,6.952792944694474,97.39072961676364,78.04314859037717,5.371922507121597,3,3.8353957371400806,1,90.04734984751573,1
5.84071721750857,71.46504519938658,9.264285989048282,81.47672404246603,77.28277020284798,9.244218914467098,3,3.809325450513845,1,67.28909048744084,0
6.904743592499468,73.3056308636651,3.0,73.61979597442296,95.68756487821042,7.2717350327910495,2,3.750605267408529,0,54.29268138412692,0
3.8752129437062406,70.21692050177502,7.764830871881792,85.50965400932606,76.57929496699843,5.975214735122243,2,3.493714247853852,0,66.76584943471504,0
6.856614194415297,97.98480087138117,8.07660805998847,93.21849303096758,84.72878498061864,3.1260282529830317,3,2.965410804618395,1,75.2445138660297,1
5.625711469990902,85.52905228599482,8.720444302382754,91.71805686262567,97.23445390648416,4.706223792196018,1,4.240575364564342,1,100.0,1
7.971459991359726,70.63407993756358,6.902692838419958,84.57399106569439,93.92161111231695,5.957749940104906,3,3.7201442953439656,1,38.35284953005592,1
8.374772103129501,91.06231558859969,7.3118801010759364,96.03909596279922,100.0,3.354277168483723,2,2.8566027389686135,1,52.01325797523351,1
11.179127284037229,82.00698694288879,8.478922574972081,100.0,100.0,7.586853749925899,1,6.532029310713906,0,89.57828320702072,1
7.1592663464271515,82.57253421111501,9.23674960642027,97.07635799415084,75.14584515012004,3.051685316443919,3,7.4652719438334305,0,47.365605360509136,1
6.6515926331643325,76.55522791247547,6.549196022231848,94.86044448411785,71.15746379119852,3.7255486039081958,3,4.999794450793201,1,70.14447884273682,1
6.388768603154672,72.50584013043027,7.40046367469134,83.8743510453545,80.14876376687224,3.875401630210237,3,5.132945975861678,0,62.74952681442624,1
5.293667414378623,83.37766099054602,9.517860946523136,61.2888257534606,69.64698441776967,6.487648921266266,2,3.614872068260805,1,60.39363929837742,0
6.6769676869233825,74.5491277000441,3.8139593861817236,100.0,62.37594942240548,3.390127265658454,3,7.1340627135819945,1,67.41711076587269,1
5.409197179721941,98.16755629575104,5.964981100278122,82.6058602355111,62.197247229074236,1.4000468591618902,2,8.47636223015268,1,65.00975918261166,1
6.336921952539228,67.30708894756896,9.198753967904445,75.60023934878473,74.83749597469443,7.176077671523426,1,4.672412341948677,0,85.85592421329875,0
8.63519507121592,95.36156772854946,8.638806750412455,97.24139673874654,99.08396418666712,4.111227429788876,4,3.9571069432149564,0,89.92442061164547,1
3.9869148694407177,78.88681151202199,7.783667816390041,54.82363886267835,63.76075035502356,2.862984735696126,1,5.6829505319096905,1,76.39455945491129,0
8.27975712225809,82.99085734021106,6.32710469033632,100.0,88.9579006285434,3.4902828935949204,3,5.257862088076778,1,66.4589119324245,1
8.634230134679731,88.33157766629435,5.67727225152187,78.45903323060713,81.93625453804522,8.4335254983687,2,3.999689049085421,0,73.87704806212626,1
5.763862946017842,73.69750704995563,6.11317657113644,76.61096980971838,74.81483847672804,3.6859126054541784,3,5.942391666064701,0,82.07538350116653,0
1.7562902019828108,88.64248384698637,9.322012331228038,61.22599550596955,63.72875148635674,4.753263789246197,1,6.876315214779795,1,85.02547459606271,0
4.784356025811135,52.92456144618823,6.05733596626698,84.31017724887661,70.26188728245239,4.106163275427968,4,3.428363197350441,1,75.55070270477519,0
8.593989093122218,72.8001046677806,7.1521344463594865,94.03539222995482,76.4907987439147,2.534674913132487,4,10.0,1,92.91492328064028,1
5.954263875402236,70.75937192658935,5.869438532707381,86.12094811313668,63.210355309368104,3.514562875506073,2,1.9341156858043442,1,60.75231919112732,0
4.001395535410179,67.46493987628239,8.26416104514854,69.72530859255536,69.8962619846926,2.3977831859870102,1,3.2966185473181984,0,87.09934443677132,0
4.990450157543565,77.85045161921049,6.191910579480338,74.630391278275,67.69954619303519,6.911762551361428,1,5.4679360606047265,0,80.56539794140956,0
7.681240053009106,83.85749968181695,6.853609164768379,89.26097276852852,85.3416380170195,5.2017581292271915,2,9.493746236753097,0,60.849994348969425,1
7.093467136402759,87.02659998499306,4.474926800435762,83.57675647349005,76.43346106826898,9.965355524348642,2,3.87481861663875,0,73.4902882401696,1
5.522135801660611,82.40876757200408,4.57994764569259,60.7449765774887,78.1669369319628,3.5821785500188223,2,2.8685073748088263,0,74.52144367445999,0
5.266351176370625,73.34306535106452,7.011509789982259,68.64852094488685,68.58892992577026,3.282279507708761,3,6.098482956857491,0,67.86951339464977,0
5.216483701912356,83.69016437825167,5.012264267203357,78.53016692067877,69.43276999418809,8.067519536710657,3,4.502811184563858,1,67.70596750093192,0
4.155179631002995,81.2428569485085,10.0,68.28468812012778,56.418843869386706,7.115954064136269,2,6.330511389908864,0,47.12758552471607,0
9.230751378938884,89.36056167936016,3.907715331831626,94.59566607287536,100.0,5.769530043542044,2,4.85843890019916,1,59.66099180498294,1
5.35535906157732,87.76936702931516,5.799737052003843,73.54325861349945,69.9208264532997,2.772616969823457,4,3.2856669157400886,0,66.42441801715711,1
8.434317041650992,80.30476413920628,7.025051300901326,83.53560128093679,96.68470558110354,8.489992535455869,4,9.69775194082846,0,61.41147415504899,1
9.042632103844902,71.02746993838743,6.452300593306323,90.28216590946157,82.31987698272923,4.855793680459304,3,1.0,0,57.165038973659,1
7.996621796295921,73.4704984416792,5.343781815004121,86.91479153759366,100.0,4.138649743009928,4,8.640477500699543,0,85.91637029678522,1
5.136759374563903,74.50210640361966,5.5631082407570975,75.735228278238,83.59429663251565,7.285919473836559,2,6.866523808467854,1,68.44112370032981,0
6.807460180673219,76.84733666083744,5.514018883751142,87.97108434806321,61.74678438745005,4.95540975749254,1,3.5088214169455707,1,100.0,1
5.951608787218167,82.68050427589753,6.569917457769906,77.95254102723345,67.69027797267185,2.6686598287362346,2,8.74484020966753,1,73.34121248599394,0
4.192596278539744,87.15174390128058,9.927893634276135,60.666428835774525,69.9319215813373,5.080605198997164,4,2.257161601511479,0,85.60232789027044,0
6.6487185634432056,79.48881306984623,7.116905944837314,69.26277241802819,66.69502481916919,3.437302396858472,3,7.016221924015049,0,66.878169325476,0
3.641920417680395,80.16124787900472,8.774350734081287,94.18397416215423,60.53558168444911,1.0,2,1.0,0,60.07487851117041,1
8.375358776923127,81.43306305000004,7.7604645187422125,80.57864358197,94.51847052130672,3.236579615699736,2,2.7082436140592496,1,73.9427380770369,1
5.070765405403214,74.8409468686766,8.670793596973331,70.16757701437224,68.57733331262445,3.9445288582642983,4,2.7032763487042457,1,89.43274106141722,0
6.4023193117456785,70.74607742357044,3.0,87.18159958386775,83.80230290584504,2.688709781413904,1,3.498686679142402,0,68.66391346818412,1
6.566575743092284,62.4456210268929,6.543312968277656,86.44148481111823,72.46615541253489,6.150493064228075,2,5.0231622307573165,0,76.7016727567179,0
5.482190052591846,73.04850641923127,8.96070313472607,82.61960718857496,50.45132489386985,3.4451044853424366,3,3.3480472717836847,1,73.8634064717859,0
7.17338760295055,84.73145453267787,6.142396265875999,81.43976731943098,92.86147873935391,5.956852401668913,3,1.0,0,68.52998616610283,1
5.050192686754951,72.97088561960433,9.643709747304419,77.63654414017023,80.05930265655502,2.5333605272633704,1,5.926901537401357,1,69.29763301883146,0
7.742594594914488,77.6219296257406,9.225835230651642,89.32640961698107,100.0,6.818437842165077,4,5.097901845854958,0,55.022880569196374,1
3.308040639506503,84.66431287412317,6.2963039258088065,63.41888952211964,37.77637865769587,2.4470349466670167,1,5.81785468179636,1,69.8336719974513,0
6.2527591590928235,85.20689496422669,6.245254721430465,83.71789321317752,85.02487604802509,1.0,3,5.3438358185319546,1,79.79940945091496,1
9.87785799811657,69.2046714783396,5.479591236468297,100.0,79.58032660786554,7.474525170326455,2,6.908470563970331,1,74.43568177215549,1
3.9993373507888506,89.97059356453641,6.055608652204303,69.774684519591,81.5609569214863,3.288212392537657,3,4.849035293677794,1,72.76270791454681,1
4.6445100589502974,91.27350089355485,5.151116403746627,73.06707875831574,72.74572869066188,8.513858116398817,1,7.025041269620619,1,80.87517169331294,1
7.02781569931783,68.7015014278144,7.643216770649508,95.820688845349,72.64760571914445,6.12918380241614,3,3.4486067037975445,0,72.92402365527825,1
6.359163563879196,71.76163130358846,4.81593025998035,91.40942141758411,85.95720612928955,6.580526636762507,4,3.562659241322294,0,70.2087390827773,1
6.701260198547119,91.91090683146192,7.905599524285333,99.34566540237043,74.67711111411336,7.0909450009321455,1,7.752078790796386,1,81.02740610441548,1
6.978374260295327,78.53146478744699,7.942118045350373,67.32956895668087,84.87440655728466,5.225358692498139,3,7.711337316454578,1,72.04899427523452,0
7.269442937123539,57.80222052548149,4.508193392224117,95.3984065173116,85.67626478483209,5.248110835677078,2,6.147484285561665,0,66.45107058786337,1
8.219399683912446,66.00318495267314,9.324727909492509,97.11279887358401,100.0,7.562680048388618,2,3.2217841742803848,1,77.02405382720401,1
6.819637313857025,77.50630374827519,7.770413941622833,75.24166259175247,99.06708298400727,5.222716991396196,1,3.060735129408487,1,69.47172391649168,1
5.517484690762915,68.36957349715398,8.124547032167303,80.10330263380303,67.13225441184244,3.5436463064067802,2,7.656127924722542,1,65.77729814219197,0
7.345147402405463,75.86576229363558,5.862002197685841,97.23695448960729,94.65194059439314,6.171517120324447,1,7.545329855156319,1,72.33133337801115,1
9.799763869790432,80.32396213683579,7.933568677709678,90.70723012409816,100.0,1.0,2,4.87284128465975,0,72.50636268881097,1
5.7347325072348525,94.62254604034729,8.689590174583099,83.09928682640233,60.28157437333999,7.639117603120427,3,9.683769853939706,0,53.44562914097523,0
4.050941390658717,77.09546083772211,6.852087401492984,78.96824371060376,57.343364540230496,7.680878271930183,2,5.917800143892278,0,74.99845700950185,0
8.214161338573945,90.72541799572758,10.0,80.36061106755484,100.0,7.396333336246158,3,2.7856012519377606,0,97.69769273627755,1
5.759237672092803,94.28760162036771,7.066096952369406,77.37333143601253,78.13397004360337,7.319543924755388,1,4.448737800664217,1,55.30583212287244,1
1.6546609079719277,94.34309669352076,8.711178700678712,61.28298830628375,59.92576124300679,4.831649349317754,2,5.010941156010747,0,62.461364145422685,0
7.694843354300843,82.84754593385568,7.4395132108879825,80.51290171607467,84.04861700213516,4.786635231013955,4,5.172797273498227,0,100.0,1
4.9293436280921545,60.36710852161026,7.878282299285302,65.85518614952531,64.1766426213595,2.5407198204582877,4,7.5000064357034155,0,57.668009675177046,0
5.818933435391679,84.60824865403865,4.493001598547842,77.74422115833065,75.18624568869481,8.496082503422095,4,3.087422174671282,1,89.29585115744501,1
6.663960661138029,90.48399887813541,7.556580607323045,91.33620047472706,77.32272341436601,4.029963653947444,2,2.3369754017755664,1,66.569407664639,1
6.380999359558133,79.18932894564583,5.897537348114101,88.34233680971175,63.35346684703281,5.679770619503762,3,6.204647366010191,0,70.90209988464584,1
7.418903634278079,97.44583870075249,5.7304025413334685,78.48039087952696,74.48016723112815,5.508090565909557,1,3.9860309821482924,0,68.03248289419759,1
5.129027258860313,88.59833561467458,9.616154776698968,82.16681514545843,77.8530086972842,2.3191616367916867,2,9.847012246933648,1,76.38550932221,1
7.026211596352166,85.68273377152784,6.6793446279064765,76.77166022009575,78.35036268708889,1.5106499517535887,1,6.886440762951265,1,46.303702352515366,0
5.4809066448321655,90.86380711205838,5.495047253536756,61.302835244226486,73.14248868927206,5.011173241734697,1,3.9492070953195197,0,72.79390686097287,0
7.477620961775006,83.33369851260878,6.461302557836688,83.71666909840272,87.21495627562214,4.092487764776982,2,7.425707477568412,0,63.949572259531536,1
7.230734968026107,55.07189500604646,5.049324656617129,97.38336855598789,86.51491029634384,4.82112628151333,3,6.460821590166011,0,42.053891575840055,0
4.129122595910809,75.00861048529634,9.150826702294404,77.20521850096779,76.24052618861856,7.130831260406465,4,6.267394294926556,1,86.81333541533833,0
8.171964232350064,91.97168027247854,5.956478883750227,90.84410308801839,78.04482724341506,5.449888301074045,1,4.755512136823015,0,38.38745850007304,1
4.928073109771904,71.92408659901704,7.7939499009155035,70.47331071294894,75.27096589406767,6.517045081529462,1,5.8409017032769315,0,100.0,0
7.61611559656229,77.76527494763062,9.034160071315487,84.18295662164714,93.24697151457022,5.890656324351155,2,1.0,0,79.25429777731313,1
6.734574626802681,69.5516368609693,6.2497709781779065,84.76072219262137,90.26596555083114,4.367331613520337,1,7.634178808444101,0,49.585063168334244,0
9.676367353590244,97.83922595201769,7.798033648409179,87.69746190949294,83.92902812739274,2.9963936656138723,2,1.0,0,90.07140472025807,1
5.553068035256295,96.81492457418015,5.454870917643355,74.2842667242685,75.86660039500775,5.529435736226937,1,4.11575381194817,1,58.74430798462355,1
5.301366407763605,71.16131104859271,10.0,74.35113742522034,88.9689579105668,5.167785238692183,3,1.8085788936119322,1,59.4276417567975,0
5.961160788224535,81.47298000389084,8.404570201924933,66.29505935660771,74.77575953778097,6.830312675009495,3,3.9982977175369534,1,42.98544530846115,0
5.3936404343314495,73.19505952235953,6.711090341858791,68.58371966268149,77.19678962563161,4.698199860555014,4,4.851765455175789,1,57.04055650160391,0
7.5998838038841,86.14944639031378,5.840749403666554,92.10448693428432,93.40325876915645,4.405316909768954,4,2.606412932167577,1,58.80746842152308,1
2.767378783126824,85.09683077242329,6.829005170740561,63.93201231504406,46.34957425477834,4.5410012324368,3,1.0,1,82.27219128437814,0
3.892635161707292,88.11705571613265,6.490024416472721,66.37555789660263,81.6940582602435,3.162546729989108,4,5.414131448282116,1,87.50790799193886,1
3.864394156841614,83.31918447707888,9.92941683099926,60.20769640882843,68.18137291073872,7.893819889640915,4,9.17287956405579,1,51.38816832033635,0
7.900615183947151,100.0,5.161697916677647,100.0,92.59871924561716,7.279257509231523,4,4.2974396662999865,1,74.05809954036818,1
9.42122674516385,69.72076234989261,7.202202134935305,88.72634157902607,79.90708669087775,2.5739403420839064,3,6.9186619124516,0,42.396180201137426,0
5.791101562925057,62.89396645563485,6.972492900049435,81.47143588724266,82.69205735968347,6.607896283945099,4,8.008769675113772,0,74.11517162333038,0
5.662356553619979,76.06909799298539,6.823884549482695,73.43309188736194,79.03824273551125,1.3099898721352692,2,1.1999241509084038,1,100.0,1
6.140104326226362,64.32011734439732,6.837075017592486,81.06331455751516,93.0825392345788,6.970578466222045,4,4.085449697043358,1,43.30281356793704,0
8.323756605216381,65.07537729994007,6.825893784819275,96.19488044548564,86.82988748825476,3.607299097784649,2,2.447228776622397,0,54.780001867497504,1
4.145293731618851,69.98685345802033,8.30959909949815,57.0239027660154,54.995179093728694,5.7198011153565025,4,3.3874459240436723,0,80.90912821860432,0
6.47673796546957,70.77811094568372,7.913476669738653,82.31752738581298,72.03803784507409,1.1409806209166562,2,8.404023402293259,0,82.67791712455241,0
7.95039525956486,70.45381898049939,7.62836741705918,100.0,82.65258920731617,2.6025915366440993,4,5.447358972848384,1,55.88324882388992,1
7.002188339879691,85.18218950445412,3.0,100.0,70.82466485796441,5.937405934498819,2,6.577647202090348,0,92.10372603037143,1
6.379163233197486,74.93810938914663,7.449692311244746,80.59567643343613,91.17657963684485,3.5981836332344397,4,4.912201788072429,1,57.766323512909906,1
8.002092185134282,78.2048542512752,4.5165409597448765,90.4272729978405,100.0,3.3200742592556027,2,2.5788947085289124,1,95.10201411404498,1
0.5935354140015257,88.94232774500935,7.969480244703738,75.08100735602295,41.6032954726086,7.791723394904196,3,6.356231394437412,0,77.02977532061387,0
7.3557506390618155,72.33677475218573,9.211746051355771,98.12799601130106,80.20690461352895,9.42191842254575,1,7.505150742885643,1,89.06822578055545,1
4.691848633745153,77.35454101295278,5.610641331117174,67.28639747617358,49.99627266927779,6.874027873638966,1,5.6347484323373145,0,75.56242189398192,0
2.338734206287086,83.65759986092915,6.6073289164859395,55.5038365225742,60.99201779075857,2.8162388565298726,3,5.97824872351987,0,79.85446156531495,0
7.022405199049961,60.584321993797786,6.100966442420504,94.6775206131225,98.6688322825582,8.527038665635398,3,2.5303972272664312,0,80.65198789868855,1
8.747317090325915,56.150944910494175,8.853147663635202,83.62621415117226,86.11195536935992,1.8771354807032354,2,6.413727266298452,0,87.17179813950091,1
5.725102970744616,83.46117328797723,7.14254182790811,89.5027823671116,73.18277256670372,4.391017091849348,2,7.692027645852698,0,69.50758299763852,1
7.905749094405878,84.92014280566899,9.5924940708495,92.87174510953948,91.77740917959258,5.1095555339747465,4,5.809170948542907,0,56.50144247371827,1
9.22455651597729,100.0,7.620631304421082,100.0,100.0,8.848075687677497,4,1.4064335082462147,0,68.81591309495505,1
8.629828907168095,81.5809487586681,7.363675270953729,90.58180650103995,93.77673566135951,6.8253182751034505,1,8.271259001550563,0,59.987682531386,1
9.279929058742786,88.19739717258095,7.102310173904255,90.10139725124984,97.63387351272189,4.07248461040096,1,3.1103522127124723,1,60.96891838243653,1
7.484254982143785,78.04527356414026,8.226988148886004,100.0,86.69871490446074,3.1100874584405007,2,5.775573653779823,0,94.82165859700612,1
6.150867277803186,82.97227221585086,4.393470702631985,78.28696358348118,62.654878597782385,7.004385307606508,2,6.905952537121837,1,79.34091836134519,0
2.796068376205663,96.67256841749534,7.128015933280765,59.8709911152897,42.30850371893533,3.933282085559289,3,7.159236644101989,0,78.65106223349372,0
5.507875023740103,58.76007181874364,6.894930334408053,76.73800443990243,64.9672984512919,5.43348017572995,2,1.3998863764403087,1,86.08965313631688,0
4.313506809367617,84.13616257571681,8.08812824073665,73.49775537401752,76.00994659657943,2.2604470214817685,4,5.234434512145875,0,79.26265739148091,1
10.341885434995628,100.0,6.718447591188944,91.40117590778365,98.69774190451383,6.1385157104484005,3,5.102043221765218,1,98.00616242250663,1
5.648228375135327,82.82034219209342,5.441898348755995,72.59242693360751,68.59332976278904,5.977390291494957,2,7.878056375453022,1,38.58033507530824,0
6.2464096135689715,96.50572963232848,7.011026012379549,75.05172732878428,72.00671163997615,2.5167598766836567,4,5.9174470848212595,1,55.03611082304833,1
7.102970752080935,73.70787850470558,5.375739206697485,93.96765680647316,81.24125572775884,7.06324622574328,4,7.89623532208992,1,59.489922277402435,1
6.087204892744907,79.67952505836287,4.112106681118772,71.57639878372564,93.54430869748585,6.109491616485563,1,6.079835199770307,0,49.36425283793654,0
9.390102080861507,80.33524702388587,8.09068372222824,79.39283182672699,94.82863862819782,6.4800485055601955,3,4.8516675908775655,1,71.6938415698194,1
4.754701276531096,57.824089206412296,7.868592359042006,54.102560753593934,60.66523360543799,4.242642614499739,1,5.3877188430763185,1,72.39899043144948,0
6.389214910474485,68.31822172149799,7.7006364159903615,67.24227320561525,78.58774575366323,5.357912822572885,3,8.047193834204926,0,99.63004357928318,0
4.5150588286039035,69.03124920616014,8.954392632918717,86.19067617150063,84.64118902923879,5.126757737730649,3,2.406136328997502,1,83.55683712779059,1
3.3599549775585884,88.22066078032528,6.0024521645441125,66.96184088263345,55.13148267599537,4.703659190491539,1,6.811909020241064,0,62.38710352767886,0
4.776461818189429,88.72153105684055,4.853328785843118,78.89479995901917,56.848720824827126,5.341006556331692,1,3.744768017558426,0,77.41539220746121,0
5.9259264059031755,83.24036442706533,6.894955334787933,84.99450930072916,70.54564573811487,7.512885947592765,2,3.315041831502594,1,42.59529819357034,0
5.1413955509654805,88.24102896855706,6.478749550441134,76.2688169387506,72.13601066927721,7.149901277407853,3,7.046852733232346,0,72.13382839744102,1
4.615158040252288,78.35850587278226,5.736556424844897,72.32797723474836,74.57335774976713,2.6362786450622866,2,3.2338254899780123,0,71.33180971917959,0
3.1873650726563323,92.01931669539543,6.880226269768306,76.38208966146307,69.19302622276045,6.97080363381388,3,5.75414943385065,0,56.46853903952548,0
5.83378885474261,80.08788442632071,6.082592280693123,80.62890341683945,64.54556038883237,7.382286745496071,4,4.02211715568047,1,66.98203946906568,0
2.9905592519379955,80.57864047426756,4.245992074964754,78.94377105232412,48.43490216703728,4.697644653295267,2,1.0,1,59.61193766085225,0
7.520111927379205,77.34407366737588,6.338234963809359,93.8088590897947,81.88804897040033,6.016894207595553,1,5.955431960208697,1,56.01182022666607,1
6.164879505869006,86.84450477636427,5.295437249944214,74.64643479453476,83.834207282183,5.988003334606035,4,5.252642545913579,1,80.11748710791814,1
3.084897001070139,75.78801183387087,7.347472107416384,60.453144766651334,45.90930302989828,3.3000667666513976,1,1.1798389711703634,1,85.50866790722506,0
5.381581845900273,89.76431377198068,6.015947862639018,69.63326116495857,66.21622197122467,4.236087424943344,4,3.6028209169222762,0,77.64993311472219,1
4.495687188818834,68.67850859283993,8.667447211211577,84.65391616360132,61.04668583879352,6.501620477703215,4,1.3860157665753907,0,63.428429958706246,0
6.638349020838361,69.01083745271806,9.405799100901799,79.14123557473627,89.24758267867387,4.008355526337097,2,6.463379774592826,1,60.06169605101972,0
8.680900892046289,86.87426755126504,8.019072059517859,85.41977649223512,97.36801295892211,6.950999118524615,1,7.775986405420193,1,63.89500025970352,1
2.249655060708511,79.11455785416987,4.67346072702502,64.44605571481075,62.53511397475026,7.609944881699523,2,6.698981210092372,0,66.69988158716961,0
6.230052158294835,75.46108583846872,9.25779399831856,80.17858972774914,90.76709269209955,7.287343683960941,4,6.978260313600183,0,56.91864612712315,1
5.679734408866719,88.9005773247546,9.363580675560648,81.34435717008523,71.02190550230951,8.959609206338914,3,3.9643391886663717,0,85.80735980764032,1
7.342680152900932,73.92738585913915,7.028185766961911,100.0,72.18201936886877,4.818535435417775,3,6.0938560222207485,1,66.96589402914374,1
6.426393256475379,77.9979874569963,8.984389240503297,91.26267434166549,66.74872336038207,5.354402147938126,4,4.9818627397156785,0,81.47321274967608,1
4.496061336522362,93.99227950071159,6.172487292929983,72.75041222563087,48.59529236854577,5.64132609552528,1,5.370629032177639,1,49.001187363916166,0
5.361892128666764,95.3914234581065,4.200631097725616,62.725226801273735,67.58368447533866,4.8792041500185235,1,6.914862920909044,1,59.674892630080166,0
4.407948286393022,95.72398210270327,5.859573342067609,67.04011645987876,62.605463570040754,6.084357948203289,1,7.350974841294472,0,82.89090095728852,0
8.152014277197196,77.17874223066089,9.593951299067134,97.87053241143902,96.78761973123366,1.577591941976022,3,4.220487220722968,0,83.10318964626042,1
6.0426232973438845,92.3070290498447,4.763380114582789,68.50270609010127,76.42488195582935,5.409810777385038,2,2.1847103772899024,1,51.962050827867344,0
9.802381371506016,70.51047172231321,6.999281922897242,100.0,93.91100378561003,2.2451267002342084,1,4.625190930614288,1,74.5460331399617,1
5.878678372370758,70.93097125277939,7.051215840010318,79.53755748820927,74.1120829726187,3.074753444784844,2,4.561453429372231,0,74.93971417827717,0
4.583186466179074,56.49544147375639,6.2305386340482825,73.40441626299022,57.1093839599268,6.465779622059827,1,5.569195760028313,0,59.37679931945327,0
2.9725712147743457,96.7286820189853,6.3347176002443275,58.19640414429195,68.08949299615894,4.60176752310196,1,6.665991836928246,1,75.35496989544326,0
2.39372064748811,71.36020150923922,7.108373701354304,66.93598080519773,46.503168256833575,6.395228949431612,1,1.1708360690318855,0,46.29322450463199,0
2.8317281139890205,78.7346742025294,6.156756487097909,52.57862250472279,45.59105596457516,4.55844679279774,2,3.6581728976170482,1,56.09662220544049,0
6.534253302022967,70.89675658071717,4.866912254248104,100.0,87.3843394792125,7.212812632782311,2,3.072223621365119,0,78.98436918484236,1
7.017450046459867,86.9516524833014,7.322547914415184,98.26076327881945,87.84634236239772,4.521838588757393,2,7.501787577383581,0,70.44250388050433,1
2.837618595935733,76.2436633928266,8.610049873667458,74.03105743164913,39.78885779002428,1.0901630208737534,4,4.583258213295225,1,71.22130491377978,0
7.790076628152231,66.95183109567051,8.30435877798013,75.04609308286305,95.29047611601561,5.450785164022541,3,3.974232860876424,0,67.37375972821562,1
5.033877896633121,84.4166256418606,5.785396798915283,77.22352218774311,62.78734098885816,1.0,4,6.076603384893156,0,78.05353872298625,0
6.293586023971098,65.66269975189772,5.123158126933486,93.55879409999554,74.0204708681874,2.094558194935185,3,3.8139872981679543,1,78.77645340119521,1
9.224441256510849,71.62594274684508,6.573718176767832,100.0,97.21684861600446,3.23410694200286,4,4.969610446406302,1,81.87247169133968,1
7.793678631731064,58.93110885373919,9.351687264693496,78.94730211231757,92.6283206165546,2.9845810444596252,3,8.628142400224053,0,71.88503800392765,0
5.4629387041883355,65.76041887802393,7.968397118439318,70.81375596785513,77.23242397200528,3.909898391167429,2,8.572580647773288,1,64.17382239354205,0
4.217615549169425,81.78529169720478,8.05594701519135,66.56871636578722,64.80750998595653,2.9158643529377883,3,4.185231353874362,0,61.64475385720515,0
1.6963691973413901,60.35463961897075,8.334785427678241,52.44746764182087,45.931781894889234,2.1880946728286546,1,4.635276395680845,1,54.14730012915563,0
4.56169336151516,65.18854275378284,7.631149843777879,88.09625516467887,71.49236710474543,8.083671489681548,2,3.761942998538389,1,63.958152679472185,0
5.577739522344611,79.97631083867192,7.180912821420368,58.67856622349049,72.28255876062539,3.6437109072162084,4,1.1482694499196597,1,60.904235154357536,0
4.025640945697632,74.56393103906947,7.993460344971952,76.68739612507653,82.20739026544504,1.0,1,7.072378690193435,0,94.0236813138675,1
5.737486065815391,99.92036635959309,6.18075084367297,65.76439657979245,80.28900649459138,4.278163253981486,1,9.84268423334353,0,54.29593613228494,0
6.153703765917537,98.33896546024376,4.878305482950519,71.15600395507701,67.68806634560167,2.7505378839448924,2,4.113101124698454,0,85.56043176225094,1
5.550288036383843,71.32077537248847,8.084495401936485,57.65410651323204,68.52572870456655,3.230064745414373,1,3.366412545421457,1,65.98393085012768,0
4.6999948383530805,85.57137618403482,8.856607158623838,68.00942988017675,68.68189080271678,6.4206849627049705,2,4.4543064073199865,1,66.90290568864236,0
6.337309343933455,87.49282556879452,5.322652090965953,96.79386323505942,91.01816821430528,4.103684762429564,3,5.1700920956571705,0,76.01782135917088,1
6.883881299138818,74.02521141975596,8.23288222362385,87.06764892034187,95.41433788595427,2.6948067975642296,2,2.728939779586239,0,48.72193671815339,1
3.819201845114308,65.04458463501797,9.521148570082286,57.11239375558057,58.95386386703021,5.892507019914489,2,4.0830430780317375,1,58.00037397579783,0
8.82186475949254,79.87701550691942,6.996630697364319,100.0,83.5948463910608,7.299881661218171,4,7.029794507876037,0,51.38291830073072,1
5.802823735431477,78.27154325185889,5.772996722887381,91.32716131284424,64.20196600052698,6.07374432527969,1,5.254761268934543,0,64.29612545734686,1
6.037699245889695,75.64235503029381,7.184528010290133,81.22896103983933,78.75048304749598,1.0,4,7.5407720562579605,0,56.36207287330225,0
7.4164288465131145,84.42316868164485,6.174199047698948,100.0,100.0,2.770020995205972,4,5.729535705723004,1,89.75714765958689,1
6.466432262527003,72.49270392994401,6.074904835065397,90.54780255888116,84.18953461771304,5.09489706127241,4,2.8221654624541626,0,61.24984788998857,1
7.90627326782649,68.48002452420857,7.649776100907314,96.35789141205834,71.49851434011887,4.511401189471969,4,3.847972046560481,1,34.32256239657316,0
6.574248330403648,81.09082970349831,4.594405787455157,74.83745458035534,72.18544894996188,4.345449692121607,4,5.4968241271089635,0,64.98350814102938,0
4.775125250719125,83.85970092568876,4.834106616261659,80.14961110980903,62.41160948586562,3.034486614318332,1,2.754821448077785,0,82.11183132890174,1
6.723007050412203,68.23355056099948,7.0289363205609146,85.78294802810595,72.11801710132414,2.1888318338451205,1,2.495360534178787,1,94.45402677184276,1
3.7125475853586765,89.28090610991082,6.966537191631353,73.76102795350366,58.396347262809854,9.01556343562604,1,2.615598893268549,1,66.55760169570941,0
6.217119411553046,62.29518862223922,7.5153318655599035,74.23974086635192,80.9966650795177,5.0542219062778235,4,6.031608775627632,1,62.24649897945176,0
5.933540018711079,74.21886541284357,9.812838082725083,80.94868893714526,82.42105180549294,6.284243577734836,1,4.267519969154924,0,69.7832205759921,1
5.583766285454921,77.41991463802391,7.156771054113731,69.75021642512502,84.42023262189596,5.012502347167618,4,7.364883262185895,0,76.22584209302656,0
5.742924977122138,73.6377628734807,7.897258225502192,57.24330388595037,79.69957559320461,5.0926973972759795,1,3.2071592341067268,0,53.06673989190805,0
2.236301909004722,74.34939526448808,5.5367005965780525,71.16455523080745,33.87630905073992,4.875793200381425,1,1.0,0,66.33324457773273,0
4.902550184518077,98.71074482308114,8.151906495274806,59.488861105695214,58.84225523179533,2.7591082818511357,1,4.73858976239357,0,69.25698154472185,0
6.185689802282229,71.49115910961102,6.210413702333984,82.0003136592353,75.53319844510146,1.9710210839315048,1,8.295110060787641,0,70.68704883839091,0
6.319712783994801,100.0,7.10713124887164,84.9285852144644,79.39107526164359,5.772450747489974,2,5.069138833897211,1,67.83185522951901,1
3.9446497181480837,84.37126779731052,6.836727062396258,72.98887874937097,72.28208190765108,5.375684814542333,1,2.255813513734261,1,55.963269917562194,0
8.531415681729401,80.92055137311992,8.549461352371047,89.8262876726645,91.62033585254414,6.876561796919415,1,1.751446807586508,0,75.08113987655506,1
4.267650303570998,84.76240353387666,5.035035168437501,74.05036627065473,66.11297436006274,6.470721653284053,2,7.395803827846981,1,69.33140850927691,0
7.938914401053474,100.0,3.5751420480774407,94.404242703119,90.01146003771143,3.3829756145006584,3,3.3851264571161774,1,69.29493174856707,1
6.854388723743369,70.06406996068552,6.6798509543681135,91.6215917762367,78.5761149546482,7.2651826178437435,3,8.08359065531306,0,53.762077811660106,0
4.707545380312394,68.79582081063612,7.702796885357686,90.87214029540459,69.11412368065248,6.530054390309035,2,6.3081868977025675,1,79.60281733735468,0
9.550621785219024,72.4513380342808,7.22840406371125,100.0,100.0,6.381683139714671,3,3.46086257119063,0,55.780970657233716,1
3.61272633648704,80.3214314696456,8.848306356120867,68.70412013261222,60.83724903108221,9.498653583957616,1,7.334273688623282,1,94.24656851046092,0
7.8383083472200035,62.74228875187427,7.656059011269503,80.12425208259907,86.7277228154772,9.087917525016376,4,3.152205693473462,0,52.31118145241063,0
8.001164636085957,80.22339239318607,6.15422750221021,94.36528641942316,87.67113376884384,6.379827533109772,4,2.105325775110004,1,81.43323915280267,1
4.65875958184671,96.93547133413672,3.511869768790479,79.96762894063923,80.93029562899196,6.130394411675059,1,3.2665092133111093,1,41.37725088182887,1
8.784930600128657,81.51407390624777,6.644031648707172,92.00162115782702,81.62905033247752,7.163310363539361,1,6.5374733031804375,0,36.12539916906963,1
5.499906970802094,77.07314541024724,8.541938503386698,82.94565989585084,90.75791077272451,3.8320924606592577,3,7.275933978002673,0,61.67849358487865,1
6.577387258559714,73.81839551316372,6.4119283259993285,79.96177435730515,67.70050500620314,3.8603414848178996,2,4.207945474264177,1,36.1044914078893,0
6.5206436775424415,88.98511704551565,7.042480395516646,89.31314490860144,72.58165945197706,6.346842814183827,4,1.2633773777217088,0,80.94584725871142,1
5.731382517058904,71.74167226761952,7.632040381460063,87.78293572559195,81.83567779950661,3.2870478217448555,1,1.8864670777438879,1,69.67294811332964,1
7.621616546319564,98.46395920599248,5.477061438625276,97.09436139890268,96.0328662326541,6.18553897104651,2,2.8647088562812733,0,91.01545942076729,1
7.586977441104426,99.33359747714357,7.934853844958226,89.11333046693514,71.48687447664167,5.31366433307238,2,2.412006241499752,1,67.492099029621,1
2.5029360535236385,82.56750798661787,9.455682685002559,52.11499875144767,44.09059768867097,3.2876197908157625,1,5.530860752129133,1,73.64725371499915,0
8.608680485756306,79.88484911923355,6.74077997215989,86.92427190236333,94.43051100925632,5.051733020576599,2,8.876231689448902,0,65.97708179876382,1
2.6750160239286513,90.30659808241559,5.306403367251548,69.32665335849055,79.49429002120986,7.610163184276832,4,6.591553148051175,0,56.89104184035524,0
8.065092408683315,90.94798502227326,6.900098459467039,100.0,100.0,5.164740901307675,4,2.743538310018521,1,63.89838473689417,1
8.253410273655167,71.94008268940584,3.6634238370866967,87.85984365295502,87.0394911456129,5.173095295235955,2,3.6112484686668895,0,51.940712121373274,1
3.8180671395696035,74.73444866863298,7.505354895964924,73.64871248172942,38.717111456660064,5.657970557809192,1,4.001418641402386,1,75.8112788545931,0
5.17837142409083,66.77652565316704,7.678411566472868,70.33133154566012,71.88665588875656,5.918377045783218,2,5.778428333986172,0,65.38228875095987,0
3.7885906630281285,84.09064938334058,9.513454440768344,59.20328287264964,66.35451201463431,4.338319067837614,3,8.142509471704019,0,68.49628615152047,0
5.570157939422529,86.66627883456891,6.709007811150062,71.08763106133902,69.59399622570714,5.700522095934096,1,4.065199241098292,0,100.0,1
5.383931431628517,66.50074362138727,7.612728007219705,56.09493739111588,63.796348684305144,2.9018592808185337,1,8.077554582136377,0,63.9542531671832,0
7.55932106453868,75.44801095183841,5.708067846421148,100.0,86.94757899044596,3.401857886332224,1,9.207821916844456,1,74.70638187909688,1
8.620617492239216,66.5274608241865,6.465359319212382,70.80178493204994,82.30109301449568,3.657701783848754,4,4.300186267422549,0,69.18796935173656,0
8.791367621579912,71.01200189756162,4.712221845006703,91.31855580389323,100.0,5.9395253792682166,1,4.248710757877384,1,87.36391384954531,1
4.875663946843396,85.51017060226299,6.707815568075147,62.59704078071643,84.42143165639854,5.320465655112554,1,4.278761265217767,1,73.57687499916847,0
5.581556252510945,72.66517933321721,6.542036269722153,69.06397910893267,80.06846383099328,4.731280845512094,4,5.124979971375773,1,65.92865933210517,0
2.6331236155580995,76.99174043967702,7.448799649133344,76.93084467517718,56.69584738454176,6.381539979170574,4,4.283641806436348,0,100.0,0
4.388259867007623,63.726882720526845,6.064604679501041,73.95196923535204,59.72791833591014,5.757724165484672,4,6.768354922778611,1,57.104730321321256,0
7.929703266194915,81.86990209724664,7.125018026462638,79.99455473915756,87.37034775826048,4.420046440034256,1,1.902337439214436,1,67.09241240133356,1
9.231165647096464,79.55726680155351,6.499929916588502,90.26065691051721,100.0,2.929538314360376,1,3.930755809407776,0,83.74723650139751,1
3.531302256240156,72.71040749966838,6.5027509175507285,60.00169907677992,69.87435412180722,3.3605823975464943,4,5.658349346144471,0,57.72799020629738,0
4.815071481694211,78.10985702317525,7.120543488944545,73.63990068768226,70.92735167492987,2.0663810692142164,4,6.740169014321023,1,81.48418137903101,0
5.947188486082146,81.80294880503445,7.060784413475515,81.46485927828766,84.92287425816883,5.281139100301652,3,9.390570127361482,0,62.807927767461024,1
6.560322317639214,71.85131851090657,8.141761058577458,100.0,84.81804053964356,3.275722435092656,4,2.421949544738118,1,85.04854391717572,1
4.3807929601567075,65.23737455998221,6.819035448805248,52.74095714080647,70.24753315980897,4.009354036032258,2,3.695915171625488,1,84.65517284267881,0
6.8481220889281795,98.05574432686815,6.475171976315496,83.89248729706138,90.89436512348443,4.744818638742272,3,1.0,1,68.6487470801272,1
5.052321305858168,73.66727295289728,6.728788832369161,72.10592960394563,75.4842042833966,7.087990382661371,4,2.7802619852942714,1,54.992901261956575,0
5.9710954582434415,79.0323989681311,5.928003824738511,89.32096256838503,84.41208745049444,6.857581196633639,4,1.462149406131915,0,64.12786522353564,1
7.092568496007399,90.10839735020313,6.460133359649992,89.01102366182093,84.16928147238949,4.8905830574920515,4,3.957405209871343,1,69.77775561309257,1
6.0128445396218755,100.0,10.0,85.96784477925883,73.53580900583023,7.531006978800598,4,4.543268814716738,0,83.3240681754255,1
5.127228218946863,67.55513550111134,5.630981858956199,79.08700295488514,65.28174052427968,1.0,2,5.938908479675123,0,74.80870116417145,0
5.780780392148339,84.4982721372651,6.582015499181036,69.5839907079063,68.01158629818045,8.754441099533025,4,4.402800939360157,1,78.06861312996797,0
5.82327408158933,72.92447714705894,6.418767005095464,91.22902537287678,58.88794006512065,6.38499942860917,1,5.939874160824308,1,75.23993364217743,0
5.2599779402357445,74.6120969542329,6.629242581633401,84.28493874733542,62.44046817329782,5.205606570039859,3,5.228148334187885,1,82.69328522556762,0
5.482407874665795,72.7978797899321,6.503141036682408,86.5673372905764,63.485911952172955,3.2172806384958736,4,2.9333535884996333,0,66.99383526218242,0
9.197294341009433,68.74345032199415,7.4188601518315,100.0,90.11031408621625,4.123865267739071,1,1.6274525883182442,0,72.47334940860979,1
7.121838895882478,79.58708638215339,4.434737347912309,89.78594548593199,98.35347548167778,6.218701791156082,2,6.167363999792132,0,70.42562593099476,1
5.409039363941679,65.25497312951765,8.555757208798006,91.85512086088332,70.8786166281123,6.264158767062828,3,8.293005970029014,1,63.430665466791226,0
7.393908809021472,89.4680756651187,7.948874199463296,90.74593976297376,86.78112175297193,6.336786741181574,4,10.0,1,85.17560961820051,1
5.33236102048798,80.55002936033375,5.1356926209052975,74.47121922219381,74.72736256804714,3.5430065312670793,3,6.870909402469242,1,84.85962961029256,1
8.346249275173282,84.22434972901439,3.596384090571398,91.66520727103276,100.0,3.1403045739695807,4,7.915030423888124,0,88.08683205974499,1
6.739284384396187,75.33811388053778,5.534391780787898,83.45798424061977,74.67985176792422,5.390410488705013,2,5.92291940807787,0,58.5445081609535,0
5.7853957119915425,76.32796065788251,6.636000307859316,73.73306533905227,72.48715346936865,6.539707915542946,2,5.604018771180423,1,75.26213726616295,0
6.895433851620555,82.87563905167328,10.0,100.0,80.3106093919815,5.006369699009717,3,5.222002047583056,1,86.38550566625639,1
2.8582476958630014,68.35949367594175,7.8148854474614105,67.25419213435168,68.51483473292569,7.962968493770335,3,4.788380711958272,0,92.54344634881352,0
3.7464650621803894,76.42009565586665,4.288615526227813,69.67971006923102,75.91984731062688,5.066274924380223,3,6.21415311085827,1,47.37052627189638,0
3.612149987201889,71.40386486121545,5.965516742648584,71.94349248527378,66.41873812015078,4.998582712334027,2,3.9588058372705524,1,69.95670729790656,0
6.285886189527414,71.09431189408986,6.9201813455905254,100.0,90.04441087778328,6.341119982385338,1,4.705115096825616,1,67.16175664248556,1
9.465029998970184,58.90161759374358,7.380525331447146,86.00790810885432,98.566789958511,7.438460275184077,3,2.6440674340712227,0,93.862608541153,1
10.462600292385265,93.3932658948,5.0278767095343655,93.86261634476357,100.0,2.3014894803909103,4,5.949853338129818,0,36.85975272891015,1
7.276102202881514,73.13461246846231,6.797514658034408,72.57480083993761,95.44385408314531,2.7639765839288035,2,3.081804917706997,1,54.29025058955069,1
7.001688949888914,91.6337605516355,5.923541293584189,82.68245236508972,86.88631045167145,4.373477124511924,3,5.067489980960425,0,91.49548930144553,1
2.397884531694522,90.68792321394292,5.344362156096525,64.4446070917462,47.03200053109131,10.0,2,6.000982187284761,0,62.95420142185837,0
4.914652400531956,67.14000293483507,7.3893934700484305,69.920036819249,79.46212378443525,4.477062874918136,3,6.171782862739627,1,50.478101804604464,0
4.424432496183522,69.11588764327155,8.160815760164233,66.72489449939991,64.46166866689833,4.756434113978862,2,6.543017075630869,1,92.68055712298232,0
4.758304803497768,100.0,8.26156191544243,75.21557268377016,65.24159359374457,6.236703859615837,2,4.573416949703889,1,48.52277954161844,0
5.663712362830421,97.50925941927143,7.861579526700814,73.29748356585513,82.91231785897965,6.953857805626948,3,5.972127558779375,1,85.33054083484373,1
5.055818844605746,79.68481486671895,6.253945700289606,78.38085249485711,69.44659165918534,5.339570232909511,4,4.026749473775592,1,46.59615805736803,0
2.0414003792484245,82.5737310641735,8.071824642195258,71.34934536366816,56.137987635893445,7.328694990080512,2,1.0582525739795536,0,48.362030348944344,0
7.495820512235068,73.69153597052811,7.463581657156432,94.2494072591834,91.5943189141184,2.6120576339481603,4,6.060618547483119,0,73.00211984469365,1
3.854513948520387,84.3235271420034,7.20091282442802,78.08270321425395,55.29765289839848,3.46782315051455,4,5.596976213728284,0,57.27536424654358,0
6.478493728222299,72.82818099277529,6.082460317447302,93.25165275617869,82.71946801615582,7.324973901159279,2,7.026647005798272,0,74.08502600142687,1
10.148165339499947,59.67646235701615,6.254685808987707,100.0,100.0,5.021886229566948,2,4.949422574256797,0,97.03067362427478,1
4.161230816827153,66.78444213488949,7.110830404186831,69.21974382370476,55.40271346356682,2.4750987899826704,2,1.7936732685651768,1,67.67479163854547,0
0.9394249545073405,80.21092747850587,10.0,46.97459406370475,50.13563861535632,2.354924136765585,4,4.816738431271555,1,94.41680980590972,0
5.427991556239778,68.68932764497413,7.451863720137085,73.22817614484168,64.2732719916358,3.3781183893105906,2,6.7731611294794565,1,74.86437631481142,0
8.201919269997141,79.32722535086465,6.083217246624571,85.77274102321675,99.42549245838683,5.0042510843158325,2,5.952069617592854,1,84.33808636636054,1
9.916694908441187,69.25338960567137,5.7514158325458355,100.0,100.0,5.934759139453577,2,4.706510854210329,0,34.70150759069792,1
3.5409008110951663,72.17646077498006,6.262350081015696,71.1723296014178,57.70218146408001,4.341880000111721,2,1.672881544173634,1,79.54457044523272,0
6.993398446473043,88.53165306413192,10.0,91.93457085950823,100.0,5.769998378479038,3,2.9479660901921547,1,77.24145378198841,1
5.069379086439893,82.47480547640104,6.401115031081057,63.74352687119795,81.4825276100122,4.12586702661277,2,5.954477723702736,1,64.59896122021368,0
5.788103291391729,79.90335578686653,8.360305801915427,93.25801129936944,81.79790959971206,7.447840403233835,4,1.6696856958514417,1,98.43296359322883,1
11.28868669403407,88.78963973070651,6.436107631792965,100.0,100.0,10.0,4,4.363510170486329,1,62.601874235202985,1
2.9940593432096936,84.80608593347347,7.391776811919443,53.97013029530184,67.8036251513204,4.214774535831152,1,5.076844357952844,0,45.866886672170054,0
6.5074793229891466,94.46563291251367,8.187617911013083,78.14521896672761,69.08845186549328,5.959865621597891,3,7.299874311680123,1,81.72935565620111,1
6.935386343530866,75.4014073768486,6.142145725285114,100.0,83.55839404579544,5.796821648300225,3,6.228981102261082,0,48.644855313475205,1
8.171572649878694,75.70365021472492,6.038332518770845,86.9806945844778,92.86133975304544,5.277390852519851,1,6.925622465647928,0,71.1488021097076,1
6.1959663069417905,66.98890733608656,9.488304541682995,77.7288668199997,73.17443720862514,6.306501890682583,4,5.603706648065218,1,90.09796394375626,0
6.616101079008205,75.7101928262758,8.476889342343696,81.15945858874426,84.34455916848889,5.957642377959655,4,3.3091780355770153,0,77.47717471900006,1
5.216702865156417,89.64769894302445,8.186008478036092,74.59731049146754,83.61716019527856,4.05789285923021,2,3.772679064182906,0,66.28917726939726,1
6.538253882490214,92.99987372262134,8.180914439684372,74.87650875443853,75.01183241728222,7.633091545245376,1,3.134680721517442,1,64.73310632522656,1
5.313615449005179,89.60305168086668,7.689363232466598,78.0002080770872,71.33744969031801,5.403332494973552,4,6.181561683852411,0,88.98013942995968,1
7.243143779712102,62.05808133450564,10.0,96.97166798054381,75.25300971973317,4.230399160339274,1,3.612155562154885,0,51.7012753466346,0
5.260779327912732,90.83145212660735,7.065862452815735,79.44678979435074,53.69478586936847,9.886405047694803,1,4.2119993739430335,1,81.62582609121992,1
6.754200787804373,61.614813767279294,7.865893550801379,72.659350950022,88.31452653203135,4.7675732456888005,3,5.044982476373697,1,100.0,1
5.941474372630044,88.98117324122347,4.823630607108981,76.26391281381314,75.39150828738778,5.5098876828474985,4,8.28262489316256,1,78.15155132381076,1
8.252100501544337,76.32215473428946,5.762558970113139,85.74522850670539,89.9883971807939,5.3508806891606735,4,6.314267815886462,0,66.42972431222229,1
5.897212552823028,87.02533313933856,5.198771500247439,80.01545744646316,65.5155391352029,4.740210778097584,2,3.4542931507977817,0,67.59901894682227,1
2.453935063586237,66.67551652105433,8.911095375274224,75.57419203355435,52.86857509115551,5.897329410088031,4,5.303695314465786,0,62.79429432078249,0
8.523843001427984,91.71167632706147,3.1711897719688755,91.13038704693109,100.0,3.3100001818167497,3,8.302623520991677,0,60.234324011304466,1
4.188535398274762,65.35025253895111,6.3965349658709165,70.0611283026699,65.13942575744318,6.193086773046115,4,6.230358656857883,1,71.76663546189086,0
4.6924673227023606,73.31545089146823,3.0,91.23878480170609,68.4466415167683,1.4832919432151406,2,1.8034952810018794,1,80.1922680098999,1
4.808677411913016,70.01905372230965,5.753068156777164,82.80544697628169,70.92734725011232,2.403860497485742,4,3.169521142724471,0,94.16160238398079,1
8.748876186341635,62.457151471775006,6.2635765754022,99.48519375277351,80.12943583398526,8.65144909433703,1,3.0161289949937595,0,40.65190038117659,0
1.728651572042609,80.94527567588469,9.077306640691067,78.2245740132308,56.62111407327922,2.487639946556427,3,7.881459650719936,0,33.41430115372585,0
12.0,98.06089117836962,7.594941908832186,100.0,99.44801885084169,1.0800822959262786,2,7.512562471727311,0,94.45119148140273,1
8.112113618132103,100.0,5.75028771500655,70.69529667088528,79.27652589600235,2.537167661867625,2,3.7499260444287703,1,70.85705140875142,1
6.4464778282583195,80.97155787086248,8.59894557959774,90.55904672009521,68.18671927947827,8.480114538393469,1,3.7068395603853412,0,71.64263144282282,1
5.890211998767427,91.16681275067522,7.026748381794636,63.530975422650634,73.5890223262991,1.41627651945457,3,5.089383565324567,1,77.51943682957678,1
6.571108149715314,82.32094637928537,7.056350288060878,87.37559443440105,75.9021218629133,3.088371634816898,4,5.14933809218692,1,67.19710477274401,1
7.042244856758677,84.98883194768213,5.195992738342012,68.07378854250098,82.24121875746951,2.083615031366026,3,3.0753481413540054,1,99.62734883469273,1
7.290431171900114,76.57851348872761,5.514979429145291,81.78360175550137,74.69002543363625,4.451741605819983,3,4.501738650202914,0,77.3774307643492,1
7.111208932006897,81.95076925422602,5.762354050081713,81.91819936393577,92.72220679510517,4.127958203638527,3,2.0927934602935814,1,63.28599673898837,1
6.179161362510498,85.37478704606428,7.069691909731285,73.19461574023495,85.41524386232629,4.038486986545933,3,7.544641409822072,1,64.62726092442885,1
5.605323159385348,74.21540271123669,7.1168285904710125,74.53809582501475,71.89380382739488,8.712267598810273,3,1.479338974336641,0,67.8470344826969,0
5.697453432692977,79.22505700107013,9.316138995286067,88.81288436707041,69.40105343027848,2.6018493647249037,3,1.4571211562145048,0,58.34341282378739,1
5.610183439294638,79.41569881002512,7.577582751906752,70.91138807487766,67.86752570231585,4.795624440565779,1,5.87007890902386,1,95.34231055707068,0
8.26754019373413,88.26403317330525,3.0,96.78910976377605,86.50379121229798,5.677202492641468,2,2.526247524331892,0,71.85937609231871,1
7.1871134445617235,69.33967828372319,7.393962981807536,76.27907082673562,69.12022837985857,3.0395814758557123,1,3.99807008373092,0,52.44249099657036,0
0.11922273067143951,79.48457791392349,4.8249754657487,48.701117889435906,31.119263261910234,5.973179962493205,4,5.126345722205232,0,76.07803096346122,0
7.311801553059522,99.12005469052697,5.551043613082696,89.7974004285721,92.4720132382068,4.200379010893385,2,6.350601659733674,0,91.58564476868841,1
6.389472389437549,91.64060152585938,5.781745792410505,71.98207778100215,81.35495919738398,5.748618132379712,2,4.5578357641022516,1,85.91224560583493,1
5.962582487108206,93.49179048888705,6.004992514731548,66.69570810643413,92.11823978241453,4.784001496948694,4,8.558343594559588,1,58.60284271737835,1
5.222963093822228,80.24431840178035,4.937275911939546,81.03359697490004,68.34582706124016,1.0,2,4.999122022680181,0,53.36393055792073,0
8.248225439972027,83.20997563686024,7.305223005178432,100.0,85.87422036876349,7.612197425531482,4,7.381589416517485,1,91.40983427767054,1
7.895052924245716,90.02236166702926,4.883796572363561,88.68461442635487,83.2913283000378,9.140916630708144,3,5.557111560732987,1,45.63534463287633,1
4.454244664352782,95.60255529530932,7.53500141087477,67.69809425619687,63.533823153935,4.646491636130373,3,9.262419516014663,1,75.56376338879099,0
6.81410457424907,60.48397087117114,10.0,85.62727674812922,74.28508731402843,3.204095896266792,2,7.116727007848377,1,61.47212054810555,0
4.056686530917428,66.84558692950154,5.005961411598904,70.83823184224094,67.05000133237657,8.012025442351376,2,5.086939550945226,0,89.70464568804955,0
3.240763670422139,93.09444101402647,6.573234543491167,68.6328437592232,59.735622694016946,8.780765805734942,3,6.257661433814961,0,54.178986583033584,0
4.74656555082007,77.23110644231197,3.2148139562312954,48.4503767509632,63.38024828653769,4.662409176820005,3,4.478368288938136,0,58.052965903432636,0
7.724786944765517,73.28279210741923,6.5485970605448,77.93289181216795,98.86021079878212,4.562638769558971,4,4.4582003232897645,1,79.25542745304257,1
7.906250090752174,67.45839013004397,7.9640757289472255,81.07894939939233,100.0,4.840177804657001,2,2.393178343928829,0,81.93273796415207,1
7.026170840194586,74.44983298455891,8.0809588470359,86.63953048608856,93.82279709690152,1.6509022215093903,2,3.383476795065743,0,90.39395200756948,1
7.450191573695994,65.97630716576175,7.1160455954261455,89.10973670470264,90.28238957300991,4.417748242613544,1,9.121942770311442,0,77.09390705154424,1
7.032356574229917,100.0,8.333895137138464,91.52358775798994,89.81183670801724,8.42988377509849,3,2.591937257442841,1,75.2422691141901,1
4.717036809554095,79.77563948019427,10.0,76.16100153987485,86.86637603558792,4.662622678458879,3,3.689014574432723,1,85.73674208940825,1
6.8638450893478815,79.42049458237283,9.568457031156399,71.31187474286605,88.78626369368152,2.9199309442555896,2,4.812562646081795,1,49.44086082916316,0
7.600819050455365,85.88076675167832,6.216218605885545,100.0,79.75305577673934,5.99337123860896,1,4.879181410494859,1,56.80522902458573,1
7.508582659627148,89.6234516926657,4.823344020299892,100.0,88.97422122426838,3.6656024030117758,4,5.767451639461921,1,50.69805175923377,1
8.377826742949285,89.45888156554639,6.3907728751392945,79.30716081447716,96.52940311832889,4.867095752664146,4,4.061758583771874,0,30.0,1
7.416607694402128,90.73621943907571,5.579525851573978,90.41009141575248,74.55247342605357,2.4623024389054415,3,5.890752733992675,0,82.63236606326873,1
6.702896415083166,73.69154449209144,7.677021321796949,77.56023822298567,77.36807030406722,2.9267516776265365,1,7.284770882293451,1,91.44527673096246,1
8.140300476632856,77.02133195043139,5.228209690855753,92.09014227516977,99.8457211003518,6.4753185097271855,1,7.533264687963,0,78.33992446565314,1
5.9469574815018795,87.69031655442275,6.890766351114487,90.2678902039281,57.44681753851542,5.231733558802175,4,4.46497639872632,0,75.7011121074948,1
4.236250697544564,74.7261093836038,8.257021081804465,92.4822961509324,52.913218734861445,3.4478852263143676,3,6.222686857805929,0,71.27443657614033,0
5.673866072112472,79.94893367972774,6.848956190774235,85.88210741198846,72.27912589639155,5.239070260609806,2,2.7077327557176227,0,70.82715768956217,1
4.510194710387102,83.98763764424814,5.5805292658783054,75.50032090303688,70.59796421737965,3.785706582545482,1,3.5565679094553393,1,95.42835147665863,1
4.6496434500512365,87.85185082310376,8.762221086378538,69.85000556717321,54.32153625081835,3.432479661259661,2,2.6525332026189155,0,93.23777448819379,0
5.710962658568964,62.22319037629799,4.181528582869259,80.37616200295659,72.99788343475437,7.3280687944966125,3,4.908510622480699,1,61.22454135470597,0
4.415160158000077,87.14745649888945,6.508307416183805,85.67351972328352,78.02864633888613,6.5657551063775434,4,3.2815614472801116,1,86.63203513975398,1
5.384076940721919,77.66275942148275,6.937509964927998,76.47329713601374,72.99097621507435,4.95745430073781,1,1.958612882390411,1,88.44141204298441,1
2.2127706660924287,87.07457710864381,7.023862987599447,52.20272681698564,62.667513432865874,5.288674674499407,2,4.2279895548376984,1,79.75589994618456,0
6.426587414745877,87.76931692354829,7.270744084117122,65.93603841856313,72.63838327512522,4.983203965331313,1,1.5428324484380957,0,75.8137106917433,1
6.002410950724449,96.07915061119158,7.91565972971424,85.14253342772474,67.91529713645488,5.974018518347078,1,7.654386207292284,1,75.29909430232355,1
4.365822737863619,93.53453647621203,6.946888841431973,74.30199494559548,74.6836747300322,3.4009966830886116,1,3.8849538775134524,0,47.76978457646364,0
7.31849133686481,93.46571662610296,6.4479125767844785,80.13337495170109,87.60360336775076,6.725009466737286,3,6.970632147276258,0,46.43974981539045,1
7.875140275253116,94.43670319166239,6.388615983010457,99.63584263333856,75.39488157377411,5.707131675781626,2,4.0158650199300565,1,81.7493708171554,1
2.7848802712620517,82.91378984815945,6.082726296942468,59.70663271243396,48.70087246594442,4.473887324220897,1,2.6101243480987986,1,53.49431074857557,0
4.474550442867572,80.3218508703684,8.181314986490298,71.02631129608992,82.49311506777957,4.024443936982916,2,7.351047942711839,1,49.16071950461979,0
4.4617153004254035,88.72817083178334,6.030207280785228,72.14193516914759,57.52473960785926,6.6822618835336165,3,5.177407166215477,1,38.86794244465999,0
4.120193797782271,87.32080951433022,8.270156663512367,67.09144156753047,74.0644502539536,4.699027367699787,1,8.773818571824593,1,62.86439407401903,0
7.658949683863497,76.9093376326174,7.028498623389806,90.6533990768132,81.17183113084398,3.6022138083403252,1,4.066954147533569,0,75.61504265068795,1
5.612347722454393,84.04823408808268,6.218117789715806,89.57689007160198,73.64232776705504,4.230860466051353,1,4.110139400867134,0,76.82381219970841,1
5.470970317378779,79.64903533215406,7.927610823616202,65.93003260570967,75.7717481137064,6.53840929777832,2,7.009581684438219,1,82.75892661338654,0
1.992275271186493,71.46067091539945,5.908819112915323,64.84657774067256,30.94383952212297,1.7788935975079196,2,7.023505300998091,1,64.1275199021006,0
7.2708360604184525,92.9046074137635,7.957276061092319,88.07576699815667,68.99784300823772,4.289182188839055,1,5.306860773029303,1,71.60918669377689,1
3.521483210293055,80.5519924253009,7.319089181787677,69.14505434691233,61.99222944962995,7.141165339351527,2,10.0,1,82.68727082834977,0
6.119865260532657,100.0,6.105512966362119,89.3177720014042,69.47611592535713,4.663566455793484,2,4.438878415359297,1,76.95967044739383,1
6.554753875916384,63.745077298001675,7.792952223001839,83.26674363175351,89.29433620824452,5.545633464555682,1,2.461073526061965,1,61.2269634098759,0
8.721317191677302,74.43221227156634,7.819884588532958,98.40887857744355,76.26669434138257,7.1735379290743895,1,2.9948899188385694,0,74.49467464985071,1
3.382359201761776,80.32638836690872,8.736279408714937,74.07044230452036,65.94670577315053,6.784659306794341,4,4.4505210212815465,0,40.23652887509097,0
0.0,91.37381097628914,8.449220518613943,44.956347996193934,26.237787795956738,4.119882453920156,4,8.037550010983303,1,70.00184582306402,0
6.36769908950739,83.99469372602185,7.7369110310894245,84.83033005567493,74.68514459560005,4.739212895592328,1,4.62731227570664,1,60.72396983897519,1
9.601022363021707,83.10472754180752,5.308613573186856,95.49723574300222,86.96235653575062,6.809527803458027,3,8.132104196732275,1,92.77865069476087,1
8.477892705878874,68.72736207445853,10.0,91.06264573219542,100.0,6.878938974567797,1,5.86885023075625,1,55.34163827338999,1
6.419318830549251,68.43058602770529,4.894575683392285,78.87598018796294,65.12099135359514,4.823899749370118,1,7.166738592721033,0,71.75017878117764,0
5.0167276287359055,83.22504660289904,8.423894761423464,79.7944421846484,68.8797688187252,4.892908695415146,1,5.774337253253608,0,63.567508725431665,0
7.614245193274621,66.35894006181641,7.646925725329448,88.88767305655564,68.41710967944621,5.535367389067702,1,5.7584960132438745,1,61.626623807683565,0
4.0529076005910625,74.68122249710672,5.238786441278328,74.20997834612206,80.31314682425227,7.733801380034586,1,6.505421202212149,0,75.65997813282235,0
6.952715538712439,85.00917329085857,6.813548591682252,84.5884040646047,85.72911739404668,7.135132241315913,1,3.8665830358285094,1,63.72695010542676,1
7.010940318333254,70.17675727723224,6.881870670633039,69.01349146696302,83.43537280598619,6.386773407598037,1,3.8885729109050247,0,97.77985756977898,1
8.12041981499776,96.05355962361807,8.958374073715785,90.91578323598588,100.0,2.8426614478722168,1,5.699093972329189,0,40.38110635921031,1
11.519320077822155,92.2393634423789,5.930033649579682,100.0,100.0,4.450333186903486,4,8.882222951012045,1,79.46756188243168,1
6.784831934357534,64.285800016617,6.607082490363469,86.35011904332228,82.90470516755597,4.555426652620194,4,1.91849354946604,1,68.72807860515853,1
4.9820727485850025,70.67628756818013,3.4958955924681057,68.9730718060676,71.20968937216153,7.836970065206946,4,1.0,0,69.24526231606396,0
5.9488513756160115,57.142227555050496,9.602144189685365,67.78955971142494,81.32945150812726,4.522271217640724,3,4.472512327542774,0,74.53183761894618,0
2.4618481902217635,72.17408637451867,5.3942976354698935,68.55530740005159,49.84667530211796,7.506885646155227,2,7.061694160987489,0,84.96629125731394,0
4.610573737821884,87.66388476572399,7.490366296358762,70.31680312376773,65.52056935329799,3.8586026589378317,3,5.102752171360362,0,73.97609576098422,0
5.181435123773792,75.86105057725143,6.847888255417204,77.61961609571891,79.1919570272172,4.018232084678482,3,2.66134030636991,0,85.01994954562029,1
4.951823204130815,84.60797243615967,6.85299854982499,71.94451522177111,72.4846687403637,5.9629082116262815,1,5.158186993732776,1,70.69603045677519,0
6.304709744067444,64.77665681718256,8.214792977306313,81.46293046260128,76.68581932338341,8.136293411143514,4,1.534053574233682,1,54.488354495603204,0
4.355160135235598,87.97975254581905,9.506893690455453,67.28294719681992,52.125736901106464,4.576445741464246,1,6.25783412174835,0,68.66284132388306,0
8.242061334648943,74.4489077207165,7.377240504912987,81.52947078170644,100.0,1.0,1,4.381783967093817,0,87.29388931733938,1
6.000414129836394,80.12169682282905,7.982617026445789,84.73938725686854,69.38794367951067,1.871633195322226,4,4.8359350009091395,0,63.83978157657605,1
5.981399357722771,79.07125498606948,7.493337305090561,73.87579590635265,85.76076853052919,5.595923112328913,1,5.854370941022284,1,53.757945896353284,0
5.344210566974164,67.28451479107716,8.52629713589594,78.36056764381892,73.82279991872585,2.0504079464364637,2,5.411377834752218,1,79.29181735550091,0
6.310381367717958,68.46915668260218,6.305625430770509,85.65650905761056,64.92778297900904,3.2688743472071753,2,3.9174808525377776,1,75.04917281203832,0
7.650196529335269,89.67794469003427,8.613085831624621,82.38285549064554,98.42393395131776,5.024683901276514,3,7.067225675292942,0,58.43689466862895,1
4.2657395685782,83.98992157501695,8.665749798471076,59.28984149916115,68.13984387546459,1.0,4,6.5938651292781065,0,66.50413535741299,0
4.683767021849487,90.50049041553427,8.623805513024365,97.67969124777797,81.45605569846734,4.240548421349091,2,1.4514316155514706,1,67.27493608427206,1
5.3925479424466705,83.24658235502518,6.009778198995286,71.6850209527791,70.53120064732084,2.6703828842794617,3,4.539514657054803,1,70.09572903378324,0
3.30825815305357,81.42990634809216,6.747493548644214,72.77546235127943,66.89006121799197,2.001640564198499,1,2.8394264126074455,1,79.69848564728821,0
4.361484280557004,62.73989381333233,7.359200483170652,91.20205689848626,48.543634569891886,3.3956311215638797,3,2.463883801609155,1,63.92195102192995,0
5.047558252910682,77.2963330323883,4.943736932756492,83.13686873309234,65.28319088152652,2.8615821498611376,3,6.070267247023239,0,80.47366441548314,0
7.748778361425455,79.72615679596257,9.392380312129022,85.73946371885175,73.76273684624002,5.9389604359846055,2,4.161477438669519,1,61.99766109353625,1
6.52512265800385,99.53107198272573,6.981585199746736,81.95444941466815,75.40289744763918,7.393053573365767,3,4.71445670210718,0,94.99461119570506,1
6.387179822735089,86.86956632098678,7.425891831407083,73.60982691628696,83.04119633147198,4.271146296777874,4,3.6606301324458794,0,95.31780678146623,1
7.701795924335944,95.36061181709529,6.134493340409196,97.32594389125714,80.16497466947422,3.8077484419063277,1,5.740350905639655,0,57.153905130385446,1
5.725256423201206,85.97537705894729,5.009683660949466,84.28898919659292,82.98995947559506,4.171589997684203,4,6.3566937706380635,0,51.61746907771237,1
6.780929699857779,72.8869677305052,6.093955171787844,78.76039031667146,72.11945176364657,2.783625784123075,1,9.34050972595265,0,84.67311720748485,0
5.793556494135007,81.17124216149851,7.328806281450382,68.5460343996906,83.61370510130982,2.4225162087606438,4,4.638051471003697,0,73.8682520467723,1
6.530724698799257,82.36223646264233,8.01014321913054,69.44128611735937,92.2819198515359,1.7088910942133255,1,2.1031650504489767,0,78.27502310652523,1
4.834482684776836,70.60844430229318,7.24268731090408,84.0375534619262,79.14215745957087,2.340958083363653,4,3.9922126191369642,1,60.178672042048255,0
1.1223656834471418,76.15612623407078,7.520086024362925,56.81555970679131,43.292303582385124,8.263982014225258,1,6.694119842763313,1,68.01319020765601,0
5.731441675627392,77.94233006322828,6.494460437977935,80.80705374146447,53.13411407432292,3.6191579292730838,2,3.4547096197393836,1,64.8274874078442,0
8.845496272199881,96.05619832565118,7.744372849368142,85.99799510237582,98.89464760057277,1.0,3,2.035744801090039,1,74.56301478327212,1
7.852430804483185,59.192594746090215,9.22424929957886,74.62712298937187,85.86223767974607,3.8258861230379866,3,3.49636462742386,0,51.31419977509455,0
7.930794969182341,92.05818420716044,8.05718416365848,99.28011059302803,77.80084041382051,1.8191709264783569,3,3.9332681645013716,0,68.50998330963787,1
8.472261443612435,70.63204765040618,8.21431283237941,92.78169758803449,85.27077801297051,5.118969879994326,3,2.834660904070687,0,51.16332347737327,1
6.177315181922875,66.27920812730386,7.441024598959946,89.95892251019058,91.40814425598526,4.9032926895259905,1,5.434953028232875,0,62.26654334348887,1
6.394631414811191,91.79942130038464,4.745267395600598,78.11382580890032,66.9943864827656,5.111771275384109,4,4.84195543758656,1,68.53978281594638,1
4.7646962091313,87.31898069234381,5.433000204053135,71.4553026152879,73.27126901099992,4.91854784250963,4,6.579410481637594,0,77.61150594666282,1
5.3678542879459,92.5451870238119,7.682313700995765,83.97225320593583,74.38670748404944,4.254579390760502,2,4.108280330148822,1,78.85480377513028,1
7.231542299542284,88.00701947545576,6.983591422059871,93.48119229421667,79.81537715062137,2.0882077569200272,3,6.116129537137003,0,81.41372225741294,1
8.407768874337632,100.0,7.659764329709242,100.0,96.89194011915626,4.850691856057153,3,4.015458411952668,1,47.75814905734241,1
5.721107448638001,85.58723836944485,9.51463512676611,75.65352471216305,90.64909728081666,7.037849178271388,2,2.740775276382528,1,88.96129594185098,1
5.099621470297177,78.43522623876842,8.089053998844001,81.64357972799456,67.63801378292108,8.627346167590408,3,3.9139617295081344,1,60.32800821264046,0
6.001055917713194,83.42926377321342,8.888329308614232,91.09627424333316,73.57452602550815,4.524017345387987,2,1.7634656218994054,0,61.423126027412565,1
7.202413497858229,92.43469128345964,7.142022084206095,84.9643473724758,89.43513003705138,4.740780109432629,3,8.576431279965957,1,74.03121322850815,1
3.1122903677329163,72.20624674739884,5.789176483773341,60.426568200924045,67.8561704207475,6.0008543581777865,4,5.284999495572005,1,64.94497818459689,0
1.4076380937255237,73.4811141746862,6.913200761178489,70.46566650179528,47.16875649086679,7.986483118944209,2,3.409186219339074,0,75.42738729572494,0
4.898926301016833,76.91039985402092,5.792872279421293,67.95017416957108,66.33982044516452,4.027406778990906,4,4.244711675435879,0,78.21088849010282,0
3.5585751481716827,58.954172012346675,9.337442435158671,74.08764071200318,39.174985681832496,6.385302633900675,3,1.0,1,58.55236505245775,0
4.983719604705378,81.38078408417547,8.185586614803205,74.33437491832828,62.122228504566735,3.3543614689512227,4,7.868706450143635,0,67.24410921777397,0
5.704439362365057,61.13871296048974,7.780768744942419,60.10654064697968,62.83351945351484,5.659697980531005,4,7.673096088428467,1,67.68824566332293,0
5.093503181953973,80.53059312932619,8.853914803342155,86.75345658455566,77.40726905484274,6.941208353236741,1,5.215083808320193,0,84.3740887347224,1
8.90493506894149,88.6528975613525,3.9699153782151617,66.94613904923378,90.99058092764052,2.418278786904407,3,5.638924592126813,1,63.02255699191869,1
6.65348952920464,75.23123539356165,7.882206927013989,63.426166978447114,77.09072111983855,3.9497105559635646,1,2.4646464461486794,0,62.36956799803754,0
6.600948719221657,96.77115870186871,5.0340313235434415,88.278044390915,79.51512967910014,6.9095661933900026,2,2.6100602094789656,0,54.67573068240768,1
7.244414288086804,65.39499100581511,6.989116452301508,91.49278342721517,74.76472102726683,6.2323224610295895,1,1.6054077016245358,1,56.35729011171305,0
3.7223337644384618,91.91260681631833,6.532438611299178,62.23587024341695,77.86647445351831,7.07189228062971,3,4.677863828452818,1,49.740913849683196,0
8.078223574840537,86.7513705640692,7.992604918145422,91.86933877723513,100.0,6.696879292908133,1,7.122070809731865,0,59.45404296230517,1
5.8484714269290805,62.83966751689311,7.342280933441433,53.92805667686535,91.27189639205136,4.317792944166589,1,4.23357074259531,0,93.90347517038072,0
7.340961234482425,100.0,9.017675760417683,93.77456081711811,90.87993971928347,9.398380296789382,3,5.695391660355234,1,80.36361013756535,1
3.856285533919689,79.36254714496035,6.09715425860108,71.77868254013441,62.84293205329877,5.273819981506789,4,6.957667789787132,0,89.16019513367829,0
2.8924824679678713,71.22515977844368,8.063671584449926,64.0059838065014,73.50218783787608,1.0,2,1.7517986440439235,0,55.74773894393849,0
7.6357793160500576,65.92912805215983,7.2433348253482475,88.38731140162801,79.00500753717054,4.435307255245401,1,8.691130850758553,1,40.7840384756354,0
6.752819052195033,77.79981972340326,4.547064594892671,88.69663702290549,71.80482452284008,4.0616574860013435,3,7.314640774862535,0,74.74572998468886,1
4.1958968912849794,78.7259312761004,5.6220753122154505,70.69046922144629,59.16026620001128,6.590498334734556,1,6.027785435520852,0,97.80396841275342,0
4.260673837450611,81.02645528539665,6.775182949716748,52.56281415994086,70.79275569384666,4.097629369603739,2,6.848189061072145,1,62.71996411996856,0
8.25086956882954,77.0220384377604,8.668438674837592,100.0,81.88416547910052,7.197939991638275,2,6.94215260655014,1,71.52724532923499,1
3.6211762142653443,86.33225310115094,7.695584586335672,80.11388926561123,60.17332740341208,6.116198744813415,2,5.585279773179624,0,46.456972656651374,0
9.285345906511926,76.12370167336753,5.248748764178929,83.57728291301135,79.69352250022379,2.9998190770598794,1,7.856555905785139,0,70.42309635610228,1
4.1987585307042625,60.65035882759529,6.789525657929261,67.5424203487554,70.00352783850802,4.7192533287771505,4,4.094679302765092,1,68.12518322029214,0
7.276783851216766,78.50638504350358,10.0,84.02357735452341,68.48966943546951,3.4489331114491986,4,5.923622410390797,1,38.60433465384879,0
5.3427630485020305,56.32522346626722,7.166835002261287,87.50231090759979,62.73496774235856,5.369517293707339,4,7.64328560250012,1,54.43995459552079,0
7.206374862164687,83.5377063089139,6.509011637391406,64.43918495762576,95.40992052195456,3.437018265529758,3,1.0,1,53.249048010002944,1
4.911771995771614,70.20699769717365,7.737609461134331,69.56877733456018,81.27381514449078,5.148870461018124,4,5.875926691948315,1,46.30410224300405,0
5.674414187855412,81.63360354915801,8.145089619372955,60.765706505902024,77.78961602259744,4.455388498019177,4,6.449209956886709,0,59.12717974659872,0
6.081838350791442,93.14074981524604,6.315747478779912,77.55823659567383,79.24766592210096,4.695553490640352,2,1.5831172682311148,0,77.63155549997153,1
3.9956250884370546,70.51251304732,7.753862161557156,65.25311651133623,58.664154059079735,9.101880759596199,3,5.563640172033168,0,60.50226312650085,0
7.4816486908402515,90.61256258512118,6.5066657549937865,88.20518412802838,77.16085550761949,4.2790295465855905,2,3.412588039280722,1,87.22733905072515,1
4.97357286705683,75.66610433313846,8.078991402744158,68.81912034519232,66.21902022476718,1.1311338247656195,1,5.793612563182473,1,64.55860505421381,0
5.542800169319963,97.53194802065585,7.254539736956926,70.20376693269458,58.120259271296604,7.0316522894686955,1,4.810001407178498,1,74.89327252443861,0
4.011301250782975,76.34847386801786,7.722951740579338,76.25307317154636,66.59229305423449,7.015911803604016,2,3.1073436616594137,0,77.46219523064356,0
0.875332682409379,71.59507014493309,5.861224680748744,58.9233908214727,45.74030734254037,1.042119652406348,3,7.219327327202902,0,93.00819941838957,0
5.617944474799662,86.87238450395289,5.768070423890711,83.60370580178073,64.37345418169531,3.5982007575838653,4,4.16326995202099,1,59.258350823794885,1
10.825230843225832,75.64210270376364,8.418245956989093,100.0,100.0,5.871621113693046,4,5.539927588043166,0,76.63539261232484,1
7.569208575796048,71.58550485870991,6.88090542792176,82.12865705672834,91.48438855764678,6.048406522434133,3,7.628095246968197,1,55.800598711645904,1
5.961479240531211,75.2216014929621,7.4275521131490425,78.61887138244835,82.68729348327582,4.990552473094559,4,3.1666110112336376,0,95.83143532141611,1
5.474218341583464,79.55393467816998,6.54040685937022,82.38271240860185,67.97191078910913,5.035650757866569,4,5.016098495945655,0,54.40466583788529,0
6.044931785624093,93.42180131244854,8.348090161020465,58.456861918401984,76.25628993348133,3.122824253833631,2,4.009345709913321,1,75.75514343734972,1
7.09423823035042,60.65912254540423,6.088285029955514,89.41231045546068,88.83915608397675,1.0,1,4.455640710924552,1,93.39190550097328,1
3.6383743693823103,80.23080658950421,6.796598140148676,71.28325372025952,63.35806988729621,9.099014636367073,3,9.312170415812915,1,52.052174557454535,0
8.228643389337744,86.24903594654043,8.178989219054698,91.76472600754599,100.0,3.0626654445865715,3,5.913551768140559,1,78.92645810110803,1
7.430762630882488,81.93448574991797,8.759451548746398,85.66067893569569,82.54670009112742,5.353011380128965,4,5.627185353244412,1,55.108300489564066,1
7.436371451415869,93.09865169433535,6.214361063459975,61.52066339775521,79.57262338613411,4.682304008681328,4,6.04817466786292,0,100.0,1
6.876951477619454,79.25654670241475,9.939525972933824,79.98622475709321,87.60423763043099,6.794395104547092,1,5.860519255164932,0,41.629433145071836,0
6.03923331538798,78.15448557814055,7.469862540540425,98.09055368771364,63.58892716946276,5.229794426964317,3,1.3483729220296339,0,47.24035984643632,1
7.34572247193364,85.92329547013344,5.435607607286894,86.85762531535126,93.31730415468296,5.306881906184,2,9.593521641044415,1,53.17717675075993,1
7.1836282674827565,80.9931381495135,7.553578072884952,82.8452429506666,70.09465159897671,1.0,1,2.071260949722711,1,53.660205268869404,1
5.2919185781179525,76.0959126171953,6.425501178274813,76.62865484649089,78.13735812929322,3.3333218549154937,2,8.465188532052563,1,77.81304949119945,0
4.852796454206198,85.16144039586379,7.651102730774765,77.81171095731108,62.634043183510556,6.489266093197994,1,6.236030730044503,0,96.99520409264385,1
6.203712590523973,73.47471706783355,6.935715628509493,87.6067653995145,81.98811701297777,6.309336450143858,2,5.361558036268943,1,87.32693628264919,1
9.098040302990375,73.88822847980673,7.111410535285217,93.20139988337246,100.0,3.096694352765577,2,4.389030047846717,1,73.50853430131224,1
3.5217858486921982,74.72005978234387,5.632609935120781,71.85812526739784,62.66492704719238,1.843942834557756,2,10.0,0,70.14374343514586,0
3.06494946849512,93.53069160166407,8.485091846074539,82.0912553700892,46.39348729456392,5.253158613445861,3,6.208979120348852,0,60.90456566994639,0
6.329521682473033,50.0,5.265808949273452,91.71011640669232,69.00937764976669,1.0,4,5.0353761298367985,1,75.86609485803157,0
6.101775403712036,83.95598834762943,5.336852656892507,100.0,69.32406101193439,2.7026514953244747,3,3.92947459097932,0,66.86794265125721,1
6.346683328740816,80.34271814200223,7.55104052372123,75.16571306018692,59.13003103646716,8.520322150310621,2,3.689703462505829,0,72.84116359007128,0
6.487906395817,63.191295407618796,9.404266370766955,99.20142705410515,90.20221696222129,7.890134657747537,4,5.101221694344429,1,58.88642602870365,1
5.55359549073039,83.09726779136003,6.47111035440339,69.861241054426,74.42264880194563,5.97449871753029,2,3.1387939366775135,0,51.972570965932036,0
8.979726877204165,84.75751991831532,8.05145848405595,98.43429585342545,82.52318081133504,5.614672628962513,1,6.3593020958894915,0,70.38204015695284,1
2.798192043046969,85.896392313574,8.610010265295319,71.31572550761584,71.34590083286538,1.099658430951202,4,3.7087152655273252,1,70.0505473827448,0
4.343005950439508,53.48171936955051,8.222026655941104,66.60725783315281,59.044754701255414,3.518665526701767,3,7.009911028891649,0,61.061007064718964,0
5.793490479701905,93.66389411854439,6.533187566239478,79.84709517325228,77.26666776896015,4.409662804068447,2,6.965174762622573,0,58.50234860774662,1
2.7136223776916655,72.6226329531516,5.363429924208888,72.67272291297674,48.029028814187974,3.561172500997622,4,4.889128641751616,0,78.37609433611205,0
5.648291191135858,86.86567746753175,3.6886786514929675,71.13874697256021,53.70714561352487,4.299513330184271,3,6.160604459709954,1,76.82422293631562,0
9.322940331456037,87.41073780682287,6.60573925080641,100.0,82.2932364002236,7.5984488486925885,1,6.260727819053596,1,98.14825234959733,1
6.041772976591924,71.23302914380707,8.767131052843261,66.36289863568612,71.76573355088723,3.916353877457355,2,2.075336781710399,0,90.71394739682289,0
6.461401811437367,86.6045995235155,5.313751022857099,100.0,87.75137958068467,4.318121638886469,3,8.463385977307247,1,52.092362851280654,1
3.4796704696548395,76.14506759087642,8.050314771278147,77.41161369627012,64.3433542861215,6.479062573367503,4,4.488512571425691,0,67.13761261165197,0
4.7672771839210455,59.28622820661843,5.574771204922191,72.93913015632745,70.00571436523873,2.1610485627943934,1,6.391147026831401,0,49.528469257932855,0
5.249607239352126,91.67741925527778,7.159108864580257,72.22135408439331,51.39736720866394,3.319590842322307,2,6.447247022105648,1,42.411461963957095,0
5.364569806487532,72.2495503698376,8.061687421232527,71.75256640452741,84.88828031572615,3.524554824486314,3,1.0,1,100.0,1
8.563287590007537,71.45506537261946,6.0107568447423585,91.45848154746753,93.61652250500077,5.111184293103495,1,3.6861416105010614,1,92.20444755667731,1
7.115382121450249,75.96934131963278,7.255727021045371,85.09195199176298,81.4981160297799,4.310075865012669,1,6.6807376408521115,1,60.55294126855779,1
3.777084086125936,82.72236725327389,6.377362994912007,81.4376828969755,73.98673561664458,4.3733181813057325,3,5.124504918870406,0,88.65064208428916,1
6.49300955686401,79.42729589177898,8.057722988407265,100.0,91.4330245768668,3.67029202579501,2,6.377938672676139,0,90.87580468967663,1
6.99644349699357,85.4806692470717,7.352975752726956,86.97601669150792,93.52456345805334,2.8583394795704904,3,5.184733122890368,0,41.193037448016895,1
8.280298077042533,66.60510633471341,7.084761511643901,82.94520550531863,87.21092349522232,6.218285848421155,1,7.45876358760629,1,82.75905485525877,1
9.161081373136748,72.57613629569265,9.337524940212965,90.3481464593218,84.93172263097853,4.324391762075491,1,5.228067776888821,1,62.62519598262125,1
3.9698116163442627,78.84002927678466,7.993459213552454,68.01815023560847,73.7080988694863,6.238037960294746,4,7.848178193560953,1,75.74642542566468,0
4.378284977579323,98.97887292658706,5.964472200810566,61.59020383492886,52.61916543477177,2.776745339037705,2,3.039942845575911,1,100.0,1
3.4848442821707675,78.86187461586242,6.871204148803357,55.63480738978005,80.38163307966742,3.669515684500715,3,4.74471986104211,0,93.78043608132147,0
5.531960281786037,90.85222263661632,6.8861518223805085,98.63107353266045,73.47175714266186,4.557633944306468,2,3.8132008628359237,0,68.07681806485499,1
6.932716748892669,80.38555168784318,7.120479358937818,87.68971900392589,70.98745793636017,4.744265926367579,2,5.7772721281245305,1,91.3251025599336,1
7.974669033178204,75.16341362562432,10.0,81.54201382908755,75.52932865750313,6.50873745186442,1,4.442664110234847,1,41.16833292042517,0
5.848097952714954,77.5327557588556,7.556277839066495,87.4065254671519,62.312539475729125,4.138981420815283,4,4.540971625812727,0,77.55359246614978,1
5.360304953490312,78.31580287971119,3.946146144842836,65.0180635193831,73.5654587881503,6.49348448562175,3,3.5904672734995065,1,77.91215084542993,0
6.303515984497481,86.03645738960739,6.185801542424552,70.55745944377686,77.75717270638702,5.749888017119389,3,4.078528966142913,1,80.58539546935762,1
4.329714196739954,93.74611267576554,4.101441868756288,63.61814697305732,53.6190634453478,4.786294779834102,4,4.979445872166646,0,62.37269881214192,0
10.179077443389547,83.59680847686322,6.5053026144312405,100.0,97.50990679477826,3.0974024070069603,4,1.0,0,75.72960655182425,1
2.7846779457638826,91.87077678741755,4.0190346554103575,61.39458907103567,43.028713813669874,6.5137505309266395,1,1.0,0,82.83959045191645,0
6.369481157791449,70.35210262370315,5.692614293397358,57.430335919932375,84.10990500619042,3.1473250653726987,1,5.118291884614965,1,35.155571825263415,0
10.04721243845928,75.85369491185969,4.7189177055488205,100.0,99.73734196962855,4.957439239685442,3,1.0,1,65.25734841804436,1
6.013599689119996,72.75697465792334,7.576240266951216,77.0041848039764,72.2975730755455,4.892119114127841,4,4.613715446383858,1,56.45031598975717,0
5.619921929997011,83.14444590874852,7.000809043943318,59.605529591201,60.83842427930679,4.585809714765435,2,4.245672477617572,1,79.93209325740479,0
5.285109154379145,76.41041614820587,7.454443461248097,73.25871089226163,68.70909892404723,4.2213605540293715,2,6.084075739721747,1,90.66757479257205,0
5.639216636475185,87.29772937034195,6.843172917147211,83.40612214842496,69.68802100538784,3.3558466100766573,4,3.655963241896141,0,60.822209562759326,1
8.74569694935306,70.68998288367558,4.908553374693373,97.768976412095,95.65144870821433,1.7661271252598434,3,8.139029538583932,0,53.66959697314306,1
1.5762761773409864,80.43030973321281,7.770282053882103,75.86553067835312,51.127836845215526,7.807609465680704,2,6.696325746460868,0,71.75745918151466,0
9.066867402592651,86.86857911012257,9.88333684040418,86.80665838726395,100.0,4.016553071485501,2,1.9754119366969718,0,52.70183482310034,1
3.15208569509971,59.3469722495939,7.61381886790982,66.22762967814828,54.066748735547634,4.7437758097650615,4,4.431307285051315,1,66.60350534479356,0
5.46669534153117,100.0,6.361113101023651,70.33778392187163,54.196057027222075,4.7315452321321185,1,8.05437028836775,0,65.02176664413149,0
5.141511159402676,77.16848115120125,4.857899235841833,60.285626855141146,80.75999572239647,7.191208674457497,2,3.604736189200932,0,78.70154119902529,0
7.177106539541439,59.74960086323827,5.637899543860052,94.74080642076675,73.70231410676683,8.86638844303528,1,4.894215349949177,0,74.72793377132803,0
2.803751296232505,81.58093898576786,7.679559484858088,68.65145217263772,45.75333724724247,5.319694839177373,2,7.808255151709554,0,72.4209537036767,0
6.9243453321638855,80.33443467973152,8.609677040199063,87.45851115780795,81.11490654184578,4.685994663086165,3,3.9188087678744434,1,94.55275766935695,1
10.048619246573704,79.18105620427507,7.391299262082964,100.0,100.0,2.7530859856811754,1,7.245959880165785,1,74.04594290631192,1
3.273651990814379,89.91191112926666,8.199830934558975,59.513531427187694,54.33354788773945,2.1128231011744703,3,3.180000794772762,0,63.73243335831722,0
6.379412335220791,87.47444971427056,8.061517366040864,71.84011080292203,72.88954719664348,1.452050140711798,1,1.0,1,65.5721438284534,1
4.676035644406782,82.97876191023845,7.759801587078877,73.7566519437275,64.14595068878515,3.408310080953064,4,7.457058632881253,0,58.535428743613345,0
6.851774412386072,84.50155633946648,6.012289607108116,95.8709860860465,95.27604998424786,1.0,4,5.877470080114952,0,54.720455670038994,1
6.038295554831504,78.95641550561913,7.2608852679627285,96.27224912869299,76.2029924534077,7.157659907480224,2,6.009128550668931,0,49.15986369272271,1
4.717026181911381,97.75490849240049,5.727433294176793,81.53945797763123,58.622528696850324,5.846192487986849,3,2.814074417389451,1,87.01348670060113,1
6.975744569742148,65.20803981642233,7.026143429437153,85.1704671163917,72.27663384942322,4.49671897063044,1,2.9732947670062733,0,59.22539414069824,0
9.608696219573487,81.39651674215897,7.496295296600368,100.0,95.14333552161722,7.21876796152158,3,7.30087303947228,1,74.73873212759905,1
5.618192416545402,80.6502463118878,9.518175711080282,78.20690067598073,76.0877338395525,2.85768784519345,3,5.486414614808526,1,65.50200649068869,1
7.439515884296364,88.13280406064592,5.035402038448552,76.93814602448754,89.47689692544009,3.360037889270891,2,4.765087885324481,1,69.56164007116153,1
3.4134540842576726,71.561461225751,7.722261446486958,67.3137442033938,61.72231054401819,1.1324134393965104,4,5.441853324228328,1,87.30701677095882,0
4.087127246363982,62.56327397603464,9.221854887435391,57.08736805593498,56.104029969013006,6.548707390040424,1,8.0170110600246,0,72.64984642543074,0
6.9448125557607545,81.56823016098193,8.138271648758195,83.48329051777338,77.4294623389567,3.3793174273814524,2,6.4473764541051395,1,56.15987875181753,1
8.96823205707193,82.81230492218604,8.249418164237563,100.0,100.0,5.031391226551648,3,4.0507096052296845,0,61.53831191819514,1
6.71122669757132,94.89599409447649,7.881542352801718,91.78472571569012,68.80644058089696,7.005152801149356,4,2.1930242777598963,0,82.89919041930082,1
5.373883938953691,67.29637953674914,8.947501734663126,67.63822785240316,67.58576970294752,7.741701510998842,4,6.1761075236555705,1,77.24767806152457,0
5.998582810846708,91.5469376671672,5.368782747831448,79.2686233578107,81.96612544389377,4.941707297018859,1,3.1520639787315425,0,83.83619981208612,1
3.499184532060565,100.0,4.92111000104463,59.15215954275544,69.74792145871515,5.768474872542713,4,2.6352461247624688,0,66.42247849834065,0
7.209030652710734,76.22235112477523,6.990498789302116,85.42001558178157,81.32503020535057,3.1922995079126784,3,7.631498373748135,1,49.05934276878397,0
7.764666124646818,67.09057780506777,3.7582568446424354,99.23440878847973,82.47592864217275,8.366746686015066,4,6.744811493516293,1,77.59971983036873,1
5.095819334333839,75.93025633626628,8.845968706267017,82.00917605476823,57.353736591565635,4.667698879401268,3,5.7713718533609955,1,73.79228357412971,0
5.059915704480997,80.1400496737138,8.831072793243163,100.0,75.61589345415693,5.16056990373624,1,2.523205878125501,1,74.18513330740697,1
6.531756459304097,85.63787875006915,6.349974167373211,94.5835563215962,92.37833560729247,4.186293855473548,3,8.578532121534165,0,49.273845380368115,1
5.126560527918809,74.08605270161952,6.443844105009235,77.67280645037096,96.41090375350976,7.398497996827513,4,7.057736629431699,0,60.396753006486115,1
5.867734770748355,95.55198534147343,6.891478787273993,86.11017359507471,79.0708704596706,5.399187846166379,4,4.392428797875212,1,55.92447623588126,1
10.199443578333032,68.85467684991939,7.07803097565943,98.9727861498318,100.0,6.5218691548272485,1,3.9694398836782687,1,75.99049964635293,1
5.505948598508007,62.607948478272,7.190760878791428,66.25470052167508,63.83758545953897,5.707916279957764,1,5.156979482617869,0,76.5069111133022,0
5.283319695957555,91.06710424287317,7.837348160317455,89.47436426266299,52.91134903831384,4.55918123356799,4,4.043162666922698,0,69.34768163151695,1
4.704916388729682,57.253789687938,6.741060470487283,83.6144967129649,69.99909082977643,6.858937122599183,1,9.423707913570215,1,84.51377077970743,0
7.4883839429998735,77.95870231127284,8.41478995521669,85.03137756905971,100.0,5.690632389150762,3,4.22894325059027,1,92.3606748485492,1
5.637551653563794,100.0,7.668921665687955,80.92711563713235,86.5334322179519,3.0780418783055326,2,2.864234256919546,1,75.29584559017206,1
4.701253923357148,79.87956447040068,6.089554831191046,85.91566149063381,79.37316623128088,3.0215772323812393,3,8.176831716666156,1,80.06606544886436,1
8.642608064546025,68.7923234930375,9.002669001706145,100.0,94.3116765578553,5.297653458063269,3,3.861876333425787,1,61.8767494026307,1
8.839206009027274,79.42602536213207,4.9626145208162695,79.56501753263939,96.63046765696687,6.814915804775255,1,6.572860216233458,1,59.118572775704884,1
4.79915286852259,79.49199211380467,6.861751283767785,76.4319645575112,44.55744402835577,8.278841097012807,2,6.350775212172142,1,85.14615828609446,0
2.2669200972787675,81.60649940353116,8.450376101613202,59.6582852315102,61.22662639131258,1.4455730848383945,4,4.882875898909892,0,56.87886614497545,0
8.015027379673844,86.62262982159619,5.915390342631783,100.0,82.29675858228491,5.051319698197442,1,3.054006470954608,0,80.45595030997292,1
4.630740348479992,69.6088883163226,7.464333470150727,83.46412913022658,60.76716862492108,5.979295324349993,3,4.903634146043219,0,95.79206749808415,0
7.581251198325537,96.87548055236793,7.815009395498572,100.0,82.25493765946715,5.591338269989526,2,2.6602777873355623,0,79.80222817155295,1
2.059792364576329,82.45114284372617,5.709214198028142,49.12001843567957,48.78870929294783,7.018654210067418,1,4.952564474926193,0,68.78601312282014,0
7.785194676598619,87.26794046401804,6.891283420608947,81.08485804243071,79.53481213987509,6.311067952983004,3,6.545562932919316,0,49.895136064162294,1
3.5776561414384376,73.71850600244358,6.765244254686185,79.02910506854658,61.60465757039039,3.0289996328393203,3,8.435560132383996,1,72.44954186719423,0
7.461528238133049,92.86382136995533,6.172393222251561,81.39118303724078,79.18639346671776,2.970416622618538,4,2.824301768111423,1,85.13644201588595,1
6.028546135672868,77.42947591186936,10.0,64.92840086922126,77.17450637159867,5.624909712303449,4,4.499082792008145,1,67.31560085686375,0
4.092121161206711,82.77552513493532,5.855340469831786,75.78657068217422,49.68094882173993,6.981010848845051,2,3.9503778315494387,1,85.32240891777666,0
5.185927374146439,70.6689392281289,8.507395441101824,70.45745246807246,68.97498653855845,5.286835105905391,3,5.547478755014977,1,75.47536043845214,0
7.372636913913402,70.03068373597873,6.410798474678288,100.0,73.2728655866179,1.8441338608634434,3,1.9563832473783598,0,74.37010822879867,1
6.211788906230469,86.88205306452883,5.370045716672077,84.02079007103697,70.85624025240415,2.9056571693674544,4,3.1426746457500667,0,65.24817607323972,1
7.168825960944968,75.56393169792614,7.154221364732603,87.4467226711415,84.44694419600512,6.383031711730661,3,1.615966883862729,0,48.159342540752405,1
9.95288116903097,71.46176912495623,7.973640076581251,96.07196692899728,83.67731086663625,4.302709818165735,4,2.123390918669792,0,63.62333743508584,1
2.8715167765778973,73.56816657972969,8.380764362598518,80.2659372221592,49.00502688674601,5.235914606406576,3,3.6791244121758293,0,63.5041851379175,0
9.234425149937248,86.9895307171742,9.343397665982604,99.75767034858445,100.0,7.130836078303515,4,8.341765225651775,0,78.63161239129059,1
6.208711875046426,73.70962138796389,10.0,76.95856419367007,63.120492831620545,2.595581904760089,4,5.695200953865267,0,69.77163060891888,0
4.202431903353744,78.82345068397836,7.375771305633395,63.07132245071425,82.99326282291054,4.171514688196092,2,5.129991747199613,0,86.24752031837349,0
3.3393727485220204,80.15027750287096,6.005361739261918,65.96213319696793,72.08031605243859,3.9542543732521125,3,7.693772008056969,1,74.22029535249247,0
5.621759218445933,60.82651113989701,7.679311490192337,68.3323277206816,68.7852844661528,5.710805073055734,3,5.767195762366838,0,62.43475265291298,0
7.843300223848919,65.28873594626482,6.600680574390262,99.50527553603403,79.18770446524287,6.545776356543984,4,5.955152222794014,1,57.77686335274915,1
5.744901759244931,83.36277889247563,8.388949194778345,60.64108825598232,76.48880958882441,2.0394650862024366,3,4.053951069640398,1,60.94937964745954,0
9.022309860494694,72.62970638847302,5.054253555451417,93.71640901914276,79.65923659269657,4.988927281667461,4,3.7253432887818363,1,72.41153403989303,1
3.0976486198968822,90.56724911280418,10.0,71.58957855036375,38.564464471056965,6.738658208092423,2,2.377746100537162,0,64.40810187519338,0
5.975822104307891,89.66807104250545,8.28407214216327,83.30030472263603,71.26158138532168,1.2904270970783291,2,3.797820867917216,0,53.85341069908468,1
3.495213111173762,87.19168666355438,4.4739939733057525,60.30323582571212,59.63079100202066,4.871215117120786,4,4.438953171801895,0,85.10073784033284,0
6.727263765249936,98.19771787312598,5.9364566465275415,90.23890589331518,81.30785483503492,2.568431118433544,1,5.689437895033841,0,72.28467036699995,1
7.773774780194601,79.16910672256817,8.224121566170908,80.00848001711392,80.49524251998876,3.7168661929009343,2,4.926483169910593,0,74.1207924244016,1
5.158476412637894,86.4888192590384,8.764516084257181,75.56853549822137,83.69032577057683,1.0,3,4.269861068264622,0,57.66064353145919,1
0.7915722867457315,74.15599023403969,5.091643559152055,60.476277153532216,29.798037135635557,7.785468237510054,4,3.1766464962065015,1,54.37603391566319,0
6.397896293592989,100.0,8.069538775649423,86.61860926289607,67.00475641197696,4.288341745192975,4,5.798253615910421,0,67.5664601526706,1
6.873477103467019,99.83633652436019,4.078990191007115,77.61699540314041,86.10722218225024,3.3856162719281713,2,4.004467825932318,0,39.576768708119474,1
6.8085895099233955,80.11880434517792,6.865996201793431,96.01789271526061,69.23506320316896,5.656534090914301,4,5.707593015983979,0,81.69719964946513,1
8.471564383644308,83.86586229905193,8.66807026315481,93.22476763307688,78.82618177989269,2.9153795346255014,2,1.1734557808129273,0,59.439649391827274,1
3.8578926407019023,93.59297599364805,6.1727264048455295,76.71941731290103,64.38090376628305,2.725510942237412,4,5.672842325939788,0,65.98442884006434,1
7.360432210900899,78.52860495185892,4.739616551292979,100.0,73.62736706224507,8.020658339627454,2,6.4938138055924775,0,76.40378947378903,1
8.38501502495595,73.43375929200295,7.219322194566339,100.0,88.97924587052883,8.617326056653598,3,6.239061718727496,1,66.63047383590894,1
2.4428248319869663,88.73989751006883,6.092921700046783,73.41541822324527,47.65838339534423,3.8158726554350357,1,4.606559149298611,0,52.47438316342247,0
6.639303651837954,80.7843924608367,7.944337549098753,85.12331755768449,71.21918487730032,7.134709419832358,1,6.830636630848755,0,92.58550539716182,1
4.9916403379846574,81.8299444964526,5.67201035167291,82.89755289902838,48.926788114458546,5.712080887976173,1,2.4540822340883053,0,47.01126987195957,0
5.836954653796708,71.65728656932035,5.84104466552035,81.3207390146267,76.41735945099362,2.172337416579301,1,4.821587869586939,1,36.451823389231535,0
6.695352967076673,62.82327851636604,3.968496518685635,71.38352015759924,67.70021788133074,3.14373621230043,2,4.613208397678602,1,83.11900504182083,0
5.025542871772895,82.361424098791,7.2549170665772245,78.1551522839149,68.47083519533217,8.10219959839387,4,7.072799378082173,1,48.10853214178728,0
4.648583841676777,89.049620414942,6.758642592585102,75.80652904576854,62.77045406657501,2.1464099343516465,1,1.0,1,88.79174311801236,1
6.0683048349760496,77.74193250923958,5.217422993889894,86.17881779009844,74.34474842285746,9.561998676149717,4,2.8837405641454006,0,75.65332306567481,1
3.8255081222743947,94.36429519558867,7.290698070650638,67.84757085923802,61.456294993513765,3.857275648176442,2,8.494501617261031,0,74.24505588762493,0
3.828349742229629,72.96083674584456,8.540605450966208,61.52719314350964,64.9063809625604,8.161629812586467,2,1.0,0,61.4645754855353,0
7.358746565913007,69.4529554503408,6.676648084871575,93.3587936613173,76.87488638056361,4.388872410714326,1,6.628847943375002,1,57.61899322807797,1
3.702411929682688,79.32769692803869,7.40225042473296,55.37933677589096,74.64143637082981,6.599807183002302,3,3.5993456739457157,0,64.35618741356966,0
7.332625001818424,79.1740742464871,7.409966874377746,100.0,65.52174940235477,7.790066280241378,1,5.5094052072921995,0,56.84173177742689,1
6.925182585707902,87.69968731335223,5.193505259231559,82.31173231648958,79.28518432897512,7.779907635362019,4,7.827564807718708,1,88.11502007390293,1
2.5483865424188066,72.25037175936015,10.0,65.19721443265571,63.65262901862151,3.8312689384140595,1,5.586413742157661,0,58.85876857727018,0
4.64487069532869,93.68094236814898,6.293725254816574,78.80993500945917,72.63694970199818,3.2852238002017478,2,7.869066753522035,1,77.59520890856773,1
8.388218806094745,99.66916962508253,7.984174302790406,97.84797447891563,80.5809570712825,4.83757598049773,2,4.015301638426397,0,85.07811592197072,1
4.037668937720637,79.60855973031659,8.153822915843575,56.09850168908584,56.143558696443584,2.3990407579320436,4,4.279647488314184,1,56.78223189969854,0
5.071191475381225,92.49710420184319,6.790607309326372,83.59682318234877,60.359223259021306,5.478528351221117,4,6.57368449769545,0,75.6488712762475,1
6.924121786503793,69.43502929374739,7.910192537589452,87.65214721628169,87.53700702566665,3.3584066954449696,4,4.121139079435337,1,56.591802773392274,1
7.566781018565191,90.75221541181917,7.3687288327245835,81.48129124723987,78.00144882623607,7.165419547085831,1,6.194692762076006,1,67.39711414250321,1
5.496922227911009,90.47276408559463,4.873540364158891,69.9879416300959,75.53276424870056,3.8597751675637233,1,7.367608433155366,1,63.12047595324052,0
4.804979610616717,88.63437280189879,6.501590948124868,70.68436723251513,71.47289180445985,1.5154820610399593,3,6.736673788574778,1,59.568392432898264,0
8.844739723397016,79.84436911129706,6.0811736464689075,81.23628175088015,100.0,7.801829552338592,4,1.8421768691068356,1,72.3667955787362,1
9.477799327595157,50.45751058757969,6.307382437980809,100.0,99.99930856358799,5.366736006663727,3,4.317238445900957,0,51.78824747064266,1
7.957716101563591,73.58272856347871,5.0439952332450435,100.0,79.63485646187691,5.0582697808401464,3,5.563664968109643,0,83.93838868413741,1
6.1706362851300485,73.74083982315398,8.689650575119046,85.37018343540964,62.4223150901163,7.188789569892419,2,4.512212920741216,0,53.776934474074494,0
4.383468556718148,70.21745061939522,9.40298898192012,69.68335862016983,63.54228419393144,6.743153004596314,3,5.158732026783066,1,50.99367166626785,0
4.3391111868868695,81.22243004547066,8.467004463997613,69.72447605506039,64.84380869704803,3.476292911979149,2,5.59014148853852,1,66.2155519657761,0
7.045028210531515,75.81036554478766,8.905793836220715,92.80579811439725,60.163173989283536,4.100436787947679,4,3.9468637585648607,0,64.4124646897452,1
6.836796441777367,71.75387990234978,6.483047744487766,100.0,73.88223704773407,2.774089499881324,2,4.6131222390882725,1,75.3333580938408,1
8.80319718589286,69.4119985175218,6.045614747520945,88.31201853349685,95.79270854363268,2.0710958897503695,4,2.6379305439862897,0,71.27248638485382,1
7.300900185072278,72.84487014514771,5.832119429782432,75.32864049912814,78.48184440777192,6.157185069830779,1,4.044316426185357,0,45.58959274557003,0
2.993839396480364,91.21499211849928,7.966097384435834,80.44560471835453,67.64927423594055,5.784368620083363,3,1.946642794468369,1,84.79850236870936,1
8.103895235445837,73.38974945372506,7.340594579716225,72.64809030138467,73.03980696546982,6.521658423045033,4,5.232993391385382,0,65.83990815189293,0
4.003878745371174,74.85061293566727,6.884167432602362,59.9340856443294,70.79210067375921,7.563210882991886,1,4.613555591282901,1,73.62188947900154,0
5.232057456095297,75.43302384976754,8.942722816293013,73.69170835536795,80.53124215183131,6.548949589851345,1,3.168409575902742,1,100.0,1
6.500400412503389,83.3899351380942,7.607412030723014,66.89766738446664,88.5673672334357,6.726918952610516,4,8.570519617657695,1,89.29663419785574,1
9.99133497956793,84.56249488528533,5.742013543719123,100.0,84.28944603086379,1.0,2,4.509177033906318,0,73.15793894816501,1
12.0,50.0,5.978636756296458,100.0,100.0,4.386029516150012,4,5.57310588815924,0,49.40395249435308,1
7.2134461182723655,90.21635213827608,8.022989948881218,80.31929831920866,76.59313552441904,6.929152989339974,3,3.722733670309075,1,49.65497544843844,1
5.633606762559224,94.36368034243753,8.562599278981896,90.9641750045736,59.74021615552633,2.663582527589567,1,4.1713039585253995,0,87.4306650626173,1
7.069011296961101,69.4981346263833,7.827520348383954,99.83798076884378,78.27539053202952,5.183342765675527,2,5.648826941697072,1,63.97276379019712,1
7.775310851747673,70.27701755265166,9.845333121808121,87.74484777583774,77.60208519147794,6.0389288812270125,4,4.335497900386224,0,67.47377713206895,1
5.358664748885617,75.49746612221729,9.452510748597128,72.286641968748,81.3594931749524,5.885706987676973,4,5.006606713776536,1,52.8179729779704,0
9.590422711824644,72.43995980543396,7.661553752276144,100.0,100.0,5.7375926159166,1,6.613649230706929,1,76.68776841803361,1
6.460141518382804,82.23926873946607,5.742129010777747,89.51232581275556,67.23640442920815,6.197825438091151,4,3.963947640962295,0,87.1211923063942,1
6.995486178182788,60.534747136411355,5.0350187324023485,87.54067742060248,74.73070393078744,5.361487789856438,3,2.335677633524227,0,92.85325188731993,1
7.3318485041089225,68.8207239196326,6.418927382477928,100.0,80.1841167684873,2.0741435852179735,2,1.947471420643173,1,63.27775271154151,1
6.843173221228911,95.39197200174908,8.129820169624235,87.23517245617477,80.3349878541945,6.013911070806987,3,7.876878072773726,0,79.67317698818704,1
7.677881000939225,70.71780032651982,9.739970618967906,83.33319914550424,96.13106875367316,5.569493121107488,1,6.862293401151139,1,68.57369771820355,1
4.765493626906154,92.43428278102925,7.6261705516162,74.6290657394063,75.50078502624325,2.100503098289093,2,6.311599334375479,0,83.20417851769125,1
4.883396492107939,83.55338195590137,8.753084191346854,84.80352533373704,69.81429864239604,7.759470422173141,1,4.127894388255974,0,69.94049199109355,1
3.79969153405661,61.90732285411742,6.632038770718297,49.07660200679092,60.19166070539045,6.06767539949608,1,2.333839978024332,1,57.63810855725711,0
6.879002461240453,86.35329195216207,7.9341536878413255,81.51470491181004,63.54047442136799,2.239303358045083,3,4.435396773007705,0,89.80236389491385,1
7.557873007024228,78.82332697807146,8.235035244215759,100.0,98.26721430340594,3.365549672055699,2,4.813291257427909,0,71.47808731417344,1
6.915545732303771,75.4453294375026,4.0306085862212075,79.45904465058368,77.02230841516607,3.8718959165076408,1,2.736896666505442,0,64.7281037088463,1
9.348984866695075,82.44957093172005,6.379841796435235,100.0,100.0,3.8704731223987032,3,2.06068737390276,0,72.66670200837889,1
5.988807962341907,84.74633485566793,8.424550576416804,94.09147800530766,77.89394069536979,5.586100377636884,3,1.539374787192135,0,58.950395426785846,1
7.337483311185025,87.0759182197462,7.411702503454848,86.03212540103561,100.0,3.0472964978834765,2,6.314786375087689,0,76.22878189829605,1
3.8165982477213714,91.78252847548002,5.2052274277736,63.39759818971685,68.96280481999139,7.256273494243869,4,2.5892833695939714,1,67.05550385805144,0
5.225800595051198,84.08135912778357,3.3548164364089654,73.25541423375964,57.034607258098404,7.0916069027359825,4,5.618820641431876,0,58.07807640101933,0
7.391075515131555,66.24365911213638,6.45132888204699,100.0,78.20229828817722,6.238634619199179,1,4.204400293185503,0,100.0,1
7.698204221486288,75.2635454234881,6.892621460659181,100.0,84.49787572219807,5.088483550787702,4,6.179275817552273,1,54.89061508387225,1
5.412066104671635,100.0,5.674115575257482,78.31424024142555,63.734567756946575,6.874895030303074,2,5.671649023938034,0,75.29925507123285,1
5.856801496283866,87.24491060381727,7.214627405541991,73.20247196521524,71.37020080588276,4.448104554391982,4,4.536125164217427,1,70.85194808306946,1
2.964252506638381,100.0,7.759580120849342,65.99167288900455,44.11612345400919,3.5510222772335815,2,5.260906850418435,0,54.61604085481991,0
5.285941598386781,93.95434082199185,8.006030756089348,78.86797725810155,71.77286240131191,7.380219291239482,1,4.779327783246575,0,64.94003964857504,1
7.780766327039572,82.41802071555749,3.4661216126015164,76.47024425910432,89.05871745234683,5.635085514038019,4,3.7693056987338567,0,49.861726622803715,1
7.1504100322131325,83.01407069781118,5.02857235328782,86.55246285321826,72.86136612121761,3.6318847188372168,2,6.960165570915726,1,100.0,1
7.001331442762419,79.63419960123154,6.543066027467897,98.23070046192939,100.0,4.164515265916842,2,4.153852493516004,0,65.98063562744824,1
6.09954737436192,62.621953841535,7.858259696556195,62.50417005964487,77.23241685897611,3.5271440324694643,2,4.82629970749704,1,67.25780071344178,0
6.014126317256353,80.18047252468224,7.733851020325053,88.33647123765425,67.917349242309,9.044349717657209,3,2.1697498006849876,0,99.17804496792641,1
4.679357721053106,92.10674552542197,7.707804921815014,87.14476830581333,51.78075332666646,5.008196874901049,1,5.5480892076896255,0,57.64034718387553,0
7.3976568404050695,74.00360005178797,6.424873087046603,81.38271075108167,84.9853699364021,5.315542622507337,2,3.7788368057090778,1,89.41613533841068,1
6.841945888778779,84.11952999061809,6.508549844035059,100.0,78.44679000453914,6.442438095723881,3,4.046302681684195,0,78.88789718384359,1
6.984037695985599,88.51591045893197,5.9075060973673885,78.01681785544454,89.73463524877802,2.5692780347859885,3,3.3208782782311164,1,40.31522165382671,1
4.9479303146648395,70.90319560687524,8.152291192158772,79.15047819192823,68.25387923826936,7.193094532572447,2,4.752007104223303,0,64.43363914441345,0
1.6933141602575112,75.48697135656336,5.619266818390633,55.398843954651255,38.2226971388578,3.7843077384242942,1,1.0,1,76.54908986896027,0
8.19430542350739,69.8208850952284,8.275054592784354,87.90156354591092,100.0,8.660032572230298,4,6.364714025826519,1,70.53357742263718,1
5.042325087983191,71.77834393310593,7.311779857206469,69.0386347423355,74.610199322971,4.374682539970814,3,4.922670450641544,1,70.57390095663771,0
4.274448471913759,67.12394716346938,6.93243328231727,78.357997168189,63.10560371549897,7.075280029526372,2,4.065428797595586,0,60.892528868409826,0
7.386957823827988,70.99551538621974,6.0149344003353,95.42284369645444,85.9681322574653,1.0,1,1.9035386684181645,1,59.30691260110335,1
5.215974720161741,94.19455680797839,4.966687208253811,75.43565160503681,76.03626788658703,2.649733847828059,1,5.866133372959941,1,65.37389914235483,1
8.119872768093243,70.84522970909708,6.028520865432932,76.99968170374348,74.43067046962511,4.412785682004747,2,3.731344879409848,0,99.4196408131743,1
7.234011899153395,81.2645921906069,6.504989697062671,90.20176116211087,84.98101359454847,1.0,3,7.612173740496629,1,56.384866438116475,1
7.367138646400955,74.97131246329045,3.4464635326281226,91.05583682611172,79.70159714546682,6.2017688976828085,4,5.972637924659565,0,62.766914799978345,1
3.2680885775989315,91.78865937036939,6.703967266998004,64.17329277413039,64.6815313218911,5.625916250872498,1,8.069311377374246,1,70.43269703979294,0
8.423887970772801,93.11162296603617,8.386536052039009,100.0,83.14150857857402,3.0183447002802453,4,5.273940081577144,1,48.0526951005655,1
6.522501062467712,88.64069982138948,7.850826858150809,66.97321266333202,73.08798782383545,4.968082740271003,1,7.155645522324311,1,76.47922334708588,0
5.261445721507593,83.06134553102756,6.255691186387739,54.134391505002284,88.19738531468614,6.61295445984625,1,5.925542090596434,1,50.679930625103,0
6.286776934684502,77.68940463159102,7.070404447622842,74.12553567644579,90.02978251692838,1.0,1,4.098037175592407,1,53.69136682519121,1
2.44752953420336,68.0812529580875,6.165753145867001,69.34189301193129,21.729565405547074,2.4530219675306864,3,5.374420036968269,1,52.97118722564514,0
6.817305622961341,99.43528881122197,7.223141100003544,73.5280817404683,92.47145356241117,4.329823401553312,3,3.3320274670821277,0,45.3912844099992,1
3.941256983635857,72.40326982247447,9.310161735616047,59.89657573291853,62.911021639237575,5.047447253264951,2,9.137558865948744,0,89.02491928870808,0
3.294659428312931,86.63646347032841,8.452748203937315,75.9835105033462,52.68613594088747,4.882777156796913,4,4.798269780589173,0,77.8238314570279,0
2.9552816275642178,90.59565572623397,7.781191458539129,69.40188736579859,47.6599424083088,6.778589570871421,4,5.052420583037302,0,83.83580847866598,0
8.225376749979851,74.4471950309467,6.2606726314244225,94.89749284618325,79.86108421707922,5.954422491310794,2,5.779971723267038,0,82.46894551568796,1
4.741473212614423,90.38012527315962,8.124907589417258,81.52165525772739,61.649479828102386,6.393269681142119,3,2.8261093513665445,0,67.47834708742504,1
9.067455419833,87.64213203338855,4.46968457294042,91.08534756643616,83.13340668217955,2.2202485343912697,4,7.64274221133315,1,69.55718709039252,1
4.928397073895404,97.27963835381766,6.621469777013664,70.8521446288951,56.024385832646004,5.289647709598761,2,2.949340898463898,1,85.20568860975297,1
2.5852840848141065,75.30653533573289,7.875567129735925,71.02421314968478,45.10790300044553,4.385714981524113,1,2.497058875277212,1,94.57643664164016,0
3.7669511201026817,67.14135982720285,8.110631821071626,55.38588779270141,65.83564527127297,7.9241437633375345,4,4.666951974593949,0,51.12864038767326,0
8.471623240013876,74.9451024455549,8.004826735323611,70.93091773608393,91.33064092579123,5.3487912747558,3,2.4414050044208313,0,100.0,1
5.688203644126665,82.08853542534332,7.442246033814541,74.10817648435477,79.68778638027854,3.661892130567942,4,8.123881072382753,1,50.26523202271795,0
4.903425407018798,80.58212727085056,6.706412531374175,83.8258599257509,68.75685405001224,6.70500255191008,1,4.53859346063389,1,63.070674266857935,0
6.320036451705575,76.0656210372545,7.806963954739733,84.15577924839592,64.85342540378554,6.126595591729295,3,1.0,0,71.11102437662049,0
7.00356547233509,60.908025410227566,5.5707084391205495,93.5907424029056,86.9658020689466,3.356796654719041,3,5.399897036250084,0,72.48857071545764,1
8.234797631804922,84.70482996129107,5.732984105060125,71.01104505479296,79.36189300208038,4.30302059446165,2,6.107011973708081,1,99.45748130109816,1
8.896998459785852,99.723444790822,7.092602014690445,97.63996038216418,99.84813377860445,4.3371070807832774,3,4.157135503219564,0,85.17860599738567,1
5.280462708421829,84.64251238123003,7.259796464063121,82.94095858853292,60.02357622096136,7.4549221845590745,2,2.2882139484775825,0,76.19252336286391,1
3.3479046278359235,86.09135519053514,4.26157723215303,53.23154891307277,53.21266150298029,5.406483747756884,3,4.793385966667004,0,85.53239963045905,0
5.173069677753448,85.72445306155102,7.682719571424277,84.48592429423269,67.42450166084154,6.453564957120344,1,4.036589065546311,1,75.18628404918364,1
6.520561013165772,83.970466698824,8.15909256687909,81.48761610077094,85.86741408956412,4.0134565577398345,1,3.0488561602819275,0,59.86877343241326,1
4.0724821475787785,89.31665966868096,6.884072143800557,100.0,66.19486540674663,5.669600582278882,1,2.872349859810499,1,77.28457701264743,1
4.085698170209914,83.95373681185666,10.0,48.65613016208222,64.71420224276874,7.606721805859316,1,5.312471497874769,1,71.01329888528444,0
6.687575763099771,76.87322830346724,5.975597340527221,97.12902249224636,98.98214242915168,4.277846469498705,1,6.8060436007793115,0,57.35716303292381,1
5.902695296859098,72.04011089991246,6.458369254919695,75.57189551903474,57.04634016890313,5.230309607675553,4,5.923087675994195,1,88.94185359777438,0
6.065593990823173,77.51026344719325,6.407399640809186,64.15645280971543,66.00978751793352,2.2733874875247855,1,1.54400428282324,1,69.18316685319643,0
4.483009330599861,83.14129496450666,6.885718583063474,67.14549521734939,56.086171203209254,3.468883820179945,3,6.230956009111965,1,53.19248993783966,0
5.539198571588465,76.83917038877027,6.5069127805505635,80.47078527131698,55.52866833030805,4.331114216004353,2,6.544948024054098,1,55.560173056168296,0
4.151533711463391,83.1433868313143,4.889784183092692,81.13233525296738,57.71400713992007,2.878321382096558,4,7.787393501695533,1,78.02494053057497,0
7.780396822249574,84.39150133700417,6.180177555645287,100.0,93.5600725714645,7.643947355043693,3,3.1002244878162104,1,85.74148435011526,1
8.070498669447506,88.33179431270182,6.8535689563388855,100.0,82.50651803152752,3.3239859595169743,1,4.8867947212707445,0,77.22478426234771,1
2.3076242755238123,92.82794968838981,8.842858123092997,51.88430117057412,50.51571593327978,6.573597184234491,1,6.135048500607664,0,77.29347127527606,0
4.1409782796151795,80.78007418478857,10.0,82.00653832073706,47.62032139888826,5.373672475062953,3,3.9448926037207777,0,57.845148477458764,0
3.006941489819842,66.92223434852339,9.003210846775982,68.94755702030795,50.07639318731558,5.061703897020926,4,6.103819700693256,1,71.39326824992469,0
4.699952131186204,76.5489590318081,5.83693145549109,66.95373044664115,63.58272563124138,7.972327289930315,2,4.951947347564184,0,65.04834535553587,0
5.833124060419278,80.440625674066,5.956285584060751,77.04651436732158,81.4227485879868,1.0,2,3.3070903666889073,0,67.07550730595877,1
3.10070956060294,61.6423124382291,6.761007133735974,58.40512120856746,41.85509338443543,4.60759020635379,2,3.4775155226189076,1,68.32311614916712,0
4.156280373749373,93.88664520102482,9.67683833328038,71.15232528811143,60.38759478528486,2.839239326869116,2,7.498578712549713,1,60.10096385167807,0
3.992085255837003,81.42377912510466,6.75186392172716,62.663847456243815,74.82069183571093,1.0771591817339248,1,3.007162675206656,0,81.27499843926878,0
6.414534658797888,83.81352834580285,5.008738764193854,71.79273256181506,74.03637509655469,2.610536532484617,4,2.6639994316607725,0,54.86326094870498,0
6.138688674072501,93.65526462526266,6.248234294570447,85.48463464819022,55.67651790324822,5.034475070006142,1,5.688757729463619,0,50.520580722321405,0
4.556524893325493,73.69857169857653,8.135584002729125,79.06992994922385,80.13090713343487,3.549305741587109,4,4.938854431315011,1,58.221959341302565,0
6.353641744278796,85.7404193088403,8.03491041534413,79.89223872047786,85.4708198910561,6.793227179650297,2,2.376757245146523,0,83.25092659036264,1
4.906639830825469,78.90135876898064,6.699675000262516,88.20971219348706,78.13381073574072,4.572308304117339,3,3.961159651820951,0,75.08737843997099,1
5.456689779347894,78.1591313298408,8.025122010340045,74.67914303178834,55.30230220863342,4.350523290558114,3,3.3664370434788933,1,43.25137144005003,0
9.346904180597074,72.2780761219562,3.590241696179752,93.70677545172998,100.0,4.359438098987814,1,3.7166649075061944,1,78.95910530951797,1
8.680922103580695,96.65603213686528,7.155743852549047,100.0,84.35277177037219,4.803011187740922,3,10.0,1,69.27237880716793,1
3.4008375261448047,76.2449995992443,8.291028132052945,65.67993178129065,55.31063571466652,4.163042930114494,1,4.3948401906519425,0,63.73925994808005,0
7.6594648357583495,86.99464246895703,5.750705087268197,89.14530146905318,78.92901735463006,3.2974926048716737,1,3.2374981116557033,1,66.3702996552692,1
7.622793108983184,61.24992612528064,5.745492195255568,62.90958083872527,95.20613047345117,6.978369767952072,4,9.0435749815993,1,49.995565885618895,0
3.7034734224947634,91.79988529689787,4.200327770854787,68.68444095985356,60.422857009915624,3.751809899222108,2,6.776509596384791,1,72.5986119990594,0
7.637555287509722,90.52211155957059,9.384843392216041,69.915817062836,90.6427420509346,4.232946767307628,2,6.4496511211708185,1,50.98672741103613,1
9.075863836825105,80.97434110297303,5.91976903446765,83.16981347413682,95.2141932497943,5.858810160180622,2,3.3338114113972663,1,64.74990954093768,1
3.7549103875111722,77.73057533862075,7.361564916793167,55.42132655000081,61.57904228813783,5.637482492314506,2,7.382966715373012,0,64.76934431216591,0
4.164994357971473,84.00000005613566,7.905875562225062,60.399140254519104,55.52212551036688,3.213123875307901,4,6.632549176465677,0,81.54864137431099,0
8.035322933687006,100.0,9.26810192371218,84.6880760721125,100.0,6.509963888221494,2,5.29417916367603,0,70.59616373780246,1
6.542990621651296,62.36763301096515,6.769153339021547,77.85002695280163,64.6240074448555,6.07534067967681,2,1.567393754255506,0,80.58986561264058,0
7.1029525504790465,87.82027387574128,6.190855309332372,92.15751479496649,86.74025504322113,5.3559496683745085,3,4.960159995044344,0,52.0638610438042,1
6.681178432800993,70.88382697846097,7.25960147285583,85.62977030535194,83.85363651787875,4.137366298837017,2,8.459861428330758,1,68.38299777114382,1
6.781391841856288,79.80081603700269,8.92612041481343,64.89621492110157,92.23191391266198,4.186538618957183,2,5.4407656394840815,0,77.95474667386131,1
3.347055743377834,77.52119880921337,6.744741202898824,67.56822509235724,73.96323478405978,4.596405793996781,1,4.2470669458362735,1,88.63448709699898,0
8.094635413242896,75.71681742202244,5.567696377623886,93.65572953204875,87.19392648528961,2.5363361177444683,1,4.543085313822662,0,52.91221767332153,1
8.339179984855548,79.8953487094727,4.6888632875269565,88.41023476174816,95.33902296838082,4.921463102806087,2,4.681495386372367,0,57.38572996504445,1
5.541218511863945,68.6582885472221,5.168053923092162,77.0972327902527,90.89604817570876,6.784204080893998,1,3.4007715724461223,0,77.57930469554802,1
5.913046100372275,90.29180436127967,8.296587246109997,81.46833175583194,74.82650893301113,6.752742379668047,3,4.91751034127437,1,94.17389945032943,1
2.9377849948885557,62.058564888014,6.519063285539783,72.33492095079858,46.96237521867957,4.2382964574470945,3,7.885469059091099,0,74.28819724339564,0
7.0285095120356695,85.39764512828341,6.088718635118934,69.393747685551,78.32637594521981,7.128166545451073,3,7.658909757821958,1,53.35058923290677,0
7.144114883428288,76.73464147465428,5.926049165224087,83.27740403074495,69.81822931442505,8.81180910905889,4,3.491328179351872,0,53.64333744295111,0
5.875617966001378,68.29075106192546,7.1275687903002725,94.46145081058417,78.9718759059555,4.367584929474345,3,7.551794769101388,1,72.02267830576399,1
8.248706719741005,82.02383370598696,6.640817359351624,100.0,100.0,6.383029412864337,2,6.5222826253055,0,75.36364942723615,1
5.331845538040119,64.43048913293522,6.590301784421121,85.1685969679584,70.78065830756533,1.0,3,6.266677075223324,1,66.68089604064623,0
7.1292118517872005,80.39713821719634,9.023985891716109,91.01430609849277,66.5656706161868,2.4837065436360177,3,5.863823763280268,1,53.81393960727397,1
3.960671322615769,65.77123092188445,9.30702442279245,86.34970409709973,73.98053628627139,5.18224205866704,3,3.139247242441089,0,86.52122851248208,1
5.952895698251524,84.61272084317831,4.584967490636505,98.94295850732428,57.95438457385136,2.9865338749632238,3,4.188843630085769,0,64.76920279695867,1
5.651291484194329,70.75642666369625,7.491389096714436,76.96565754050312,58.44820112593556,9.078404089444897,1,6.665836806242652,0,77.90447751652219,0
6.4506158440818835,75.49005982970691,5.834706852067912,72.55875478752623,76.92031118954411,6.1957593745931065,3,2.586259312250105,0,43.40248093283803,0
5.260946142333283,82.93949387943162,6.62762332920836,73.60180753542146,74.0835293107547,6.9316632937162606,3,2.918449789208248,0,88.01731608892443,1
5.737054808656664,72.27457888157764,7.463917577690042,100.0,78.64480383952352,4.941947187678826,1,5.612394849531812,1,59.727847676554,1
7.652094342883013,79.42036000331697,6.680920124603621,72.56690828716312,85.25117053683334,2.9935839602726957,1,3.4209346786817934,0,90.17026563170768,1
5.126471525523565,64.86169498755146,7.34568982094145,70.92696623232365,88.35926680448996,3.962379435650239,4,6.647788707401533,0,79.1910628581651,0
2.7868457985226414,86.30875603596155,8.009455309047876,49.80731746768689,57.37275820196787,5.50876095925272,2,3.4915640874869096,0,48.568900562098165,0
9.499167808410842,97.6491380555077,7.44186520081048,98.74347767082807,100.0,3.724169323181978,4,5.488760289726294,0,73.68290118459497,1
8.762908157380974,100.0,6.0297455437485645,81.7876304979562,100.0,6.3423839834544,1,5.656143129301462,1,94.8479911833955,1
3.4154746097887627,80.91168146666439,6.056200589544514,65.98986282060764,47.56411033668728,6.422829938409277,1,4.035810644205046,1,61.03123975436638,0
7.379415610490389,87.88204140797187,4.840442055072947,67.39612645226435,82.57918879008712,5.009962607879177,1,4.520706740690813,1,94.87488313900434,1
4.994050458897314,62.19374327092511,5.719119553718922,81.14645894533307,91.19750788619407,1.348729825966001,4,3.6399770399200904,1,75.78600315540203,1
6.526974430662119,95.02734326305588,9.943102542847793,94.85832471799034,74.11833804457015,8.429569867331917,3,4.962790588695527,1,90.10536630922999,1
6.588448258026988,87.76228504724106,5.811994638857133,79.10280506950035,72.78448430459503,4.574654286620965,2,3.076625519824147,1,72.39228646297134,1
5.531184399367356,75.16066555048766,5.20993178133427,76.30462192607976,74.89286221097436,10.0,2,4.552984497005883,1,68.14036114555307,0
4.432468668827207,92.37180800289009,7.47989179276716,70.5282710368229,61.90961272036273,6.30507139270439,3,6.496982015590431,1,97.55744249938134,1
4.618917895367481,77.45523923354658,6.834452861062211,74.90369622908766,59.7764615771825,4.580089846535886,2,2.726497841878658,0,80.82102863837694,0
4.167616169037515,75.41974816985443,6.706610144726162,70.45638497552329,60.172863071249225,5.895643752996008,3,4.025861176044212,0,66.47016950606125,0
4.3363555835391105,84.75334925427491,9.113568949618134,79.3629474420025,80.33823021492091,1.0,4,6.036524819969898,0,76.35830377444918,1
5.865643419901289,69.3664550016968,7.823690013337548,91.6586084340159,73.82767360463201,7.052284806471933,1,1.0,1,61.527318243792095,1
4.568480021778496,90.21624764399948,6.205010602444787,64.70168788397066,54.130129803123864,10.0,3,8.711168072798674,1,71.61825860735013,0
7.36410413142524,69.44010188073156,6.36328612361233,83.72723572938322,69.06715940766979,1.0,3,7.090515828061867,0,87.93432728815435,1
8.974492310671854,69.49945210176814,6.246120229141472,100.0,100.0,4.425181980348585,1,1.9233288395253596,0,67.57219540148907,1
4.839893517259914,70.90310211591665,8.312109432370386,59.982777105709246,66.80601740921847,4.789323754416947,1,1.0,0,56.88218329702558,0
6.478809001070754,87.59500037516122,6.537778555820294,62.68683218689807,83.21863901607871,6.7504572583261275,2,5.059235174668124,1,55.49675997500971,0
6.999370220605868,73.83224638480293,4.310269746318774,87.26001063201412,74.28244906023912,9.211951348331073,3,2.759511608195769,1,71.10427135351867,1
6.944004541838549,66.52004215632832,6.927520481898483,89.68348681989767,84.87388694374545,5.7657642451911295,1,6.922986580396824,1,57.8867033267074,0
6.151910535832175,73.94320000064202,4.694460998308106,73.53655079962496,91.50475973100836,9.283583648431055,2,5.788004324263376,1,48.50888418612219,0
7.4853648367194445,79.67957629319513,10.0,81.64031364239267,78.38955718287912,5.340864953769325,4,5.246758032674541,1,52.02117658475077,0
6.9644979053613145,68.19027516335615,5.551498129229154,77.22056630939758,86.37285523165372,5.902847637592459,3,3.859487229952795,0,87.62649555835065,1
3.5246751553454043,68.48318890965656,6.757202851963404,58.95412338328268,47.09058817316854,5.65647113232051,4,8.200015279578706,1,67.86441396148864,0
7.738312128778547,100.0,7.387304102051705,95.62651884993873,100.0,7.440599566010173,1,6.506904201443371,1,70.86645739979595,1
7.774581674533485,71.39434596186113,6.567012758981155,77.06792350269103,89.33284934964665,4.155357883779593,1,6.2063316180412915,1,55.50086194487438,0
4.473427791642837,76.76957631226993,6.564954397800711,69.7119103438807,62.712628306334096,6.636573517523018,3,7.4001119292548845,1,61.2775892997039,0
6.075875670895204,76.32762999200715,7.632740929241316,71.3260166793275,73.4765127925096,2.538406787487146,4,2.9622782730142614,0,60.79368034751108,0
7.366657985622139,75.78643192229558,9.289323938194418,72.28040016909854,79.09956616858948,4.430991790697181,1,7.5694757380781805,1,65.84846294403467,0
5.581372360841277,86.21346739969103,8.151263622725946,86.60864355167409,68.89918252381273,3.7265127541223837,3,4.470783407274725,0,45.12401749062331,0
8.145956095532023,89.4814295047205,9.217770817860314,85.53152825592473,64.40078514969554,5.175923117235884,3,5.6694593932048996,0,86.34512449666842,1
10.727744989238722,76.94045568468408,5.430071337859747,100.0,100.0,4.367840501192436,3,4.687073980656133,0,69.75362283543475,1
4.428027934730036,67.63521713407651,7.476043949883042,57.05938087564007,65.16938080232309,7.26426738491395,1,1.2442687872528295,1,73.03129127443061,0
3.2379107936924503,92.74440227848903,7.232869078087419,58.77015943089749,64.31408013475948,3.2426638096567153,1,6.914696521944496,0,83.71507576096889,0
6.607637191209752,79.04658908803317,7.526636937515102,90.59906476299881,74.41438568284325,1.5373681283779748,3,1.351033354185088,0,82.56613820842428,1
7.443125010252287,97.30321814857169,9.064347955953359,100.0,76.9483869201035,2.2854323605768854,2,3.06695879997485,1,61.37378611701305,1
5.538267252310462,57.54414102434837,6.668816275311919,57.92917561764919,73.15185406933301,6.988336092602639,3,4.094350739143757,0,79.067011371416,0
8.906521326642068,81.9540322128332,6.391744950168868,92.52152868031607,77.31544677894757,3.0608853133675558,3,1.092768907981442,1,78.91268256859566,1
3.3227884005535024,99.18606333876208,7.800971196127996,70.73674798420251,61.37096227866686,5.795688831041417,3,2.798754754392584,0,74.73971397425899,1
7.385837246063222,76.46735864561842,4.332695908651229,80.76818469792326,65.69683088116213,4.410424993503841,2,5.489640181568062,0,85.91681016313908,1
4.788278358482213,77.74506576665364,6.644721926316732,82.4366116623523,79.93785663920124,6.64848810950651,4,4.306697616928926,1,81.99298241601092,1
9.438755812414593,82.95511691590339,6.798703466071821,88.52645235546983,100.0,4.538468589766779,1,4.471694252549699,1,80.91054419879632,1
9.985030706336236,74.41204181115043,5.619462075539612,100.0,90.64832547377728,10.0,1,3.16998709802282,1,90.47921684479364,1
4.466686824433304,76.87928067947267,8.585588517034866,67.11271507718293,73.41150107998018,8.79623403163701,4,5.092362647515779,1,70.42989186076994,0
4.90088572818284,76.62184905808597,5.406639523985074,86.69873947046193,70.52045661163585,4.369579639188615,3,4.349503949606802,0,70.86653349036621,1
7.719175773959604,73.72579265573627,6.796190427454306,81.83223383944195,76.22495233290903,4.095730821810028,3,1.718069197963266,0,82.2880527733095,1
5.225738700420971,92.2885655020056,7.439735837984452,72.60995553923969,51.125670630234936,10.0,1,4.5981626608581445,0,67.32319262409955,0
5.909177564135524,84.61078032296435,9.030177342214177,89.00277819564917,78.61942221907766,2.8422980773428206,3,2.5161763461637188,1,77.22411508220752,1
6.05077684108482,82.50628232103303,6.98416534767872,69.97349761449547,68.36184257515858,4.889952904163302,4,6.79539422388513,1,61.59839039478638,0
2.1606536876046873,88.08571006890116,8.404230391192316,61.49076900565916,63.91361782258892,5.044897839410855,1,4.216986530602791,1,35.80754942071906,0
5.972324507811526,77.35644166796533,8.050893095915692,61.63627910219161,75.97428438568767,4.995324204370852,2,10.0,0,78.96810970323243,0
4.620544451871652,72.257961816471,7.1851863342537134,62.22338767306751,60.72743974625674,1.522576558938947,3,6.933805073042905,0,46.769794941153094,0
5.013754355200456,73.97375695385443,5.365729887589817,78.89008453491032,88.06091346210745,5.993204819351881,4,4.739461649425663,1,59.51325808896311,0
8.887264006937627,80.01783041104609,4.848128708643477,84.52934493932581,99.08804896765582,3.059299817215366,1,6.158957666447837,0,82.3001760701316,1
3.4869862114414873,69.40788291627098,7.159758102128779,61.98920173896952,24.371052117607867,7.8719782483381415,1,1.0,1,82.47643896872134,0
7.626410373495954,74.99738983413324,6.1859546891460795,93.06291588795915,80.89454455306705,2.0880699151307565,2,6.924758813819511,1,87.6290783153201,1
5.442074139336383,74.83883358128566,8.378891637521939,71.41850928521262,58.811554915894064,5.118931854750953,3,3.359419005685016,1,39.704170638754746,0
5.440479663008331,100.0,8.118784777147866,85.43081904720523,64.64489860084689,1.0,2,5.179466074088707,0,74.44020127713453,1
7.580743792103423,52.261850600660836,6.723083508344425,90.06034683537776,84.03713876343517,1.0,4,3.544754974299977,0,66.13472149079885,0
6.680102589137781,78.20380278594367,5.2634306140880955,87.75734406493393,83.62110062070215,3.321296083414735,1,3.7573632495132756,0,84.82323948241967,1
7.141225994439062,97.2569379281477,7.76610332441091,98.11578595958063,85.46101338777011,3.6035798353259434,1,4.637735820041149,1,92.14539882340914,1
7.9363693210657225,81.21844464132454,5.473075830797274,92.88007723146927,98.39694669204235,7.9314528259788695,2,5.153665550013236,0,50.36627555646605,1
5.337383233633354,87.53417473421092,5.862304115603703,92.07538907286022,78.3902831768868,4.918816327476203,2,4.946168238421415,0,70.23823961780698,1
4.775526530984499,80.99826315099767,5.530876392677268,82.99025548530074,74.40062847716204,7.584813801823108,2,4.996030751723944,1,82.48948224229827,1
3.829698946884404,73.3266661878352,6.79224846709007,63.91397043607745,64.99311691263917,4.240426810646646,3,1.7486345850371134,0,64.93002482254813,0
4.34917894004209,57.58084065491087,8.755288501105841,84.67737545042317,78.96306216751155,6.212170365760663,1,9.664099208528217,0,96.18542079420422,0
11.898188850617451,82.05455687036303,6.992438694664707,100.0,100.0,3.5490493661621985,3,5.4639606581360205,1,63.97795680818295,1
8.489359161473573,72.24393395397608,6.335171961358457,88.49999872076283,88.03312228148953,3.4130538618027977,4,5.875134691274265,0,65.4969739501465,1
3.2978512675839573,71.99664593834696,4.711577604932134,69.27311329112861,40.73137407577844,1.3582997221642108,3,4.320017778409878,0,53.900388165206394,0
3.3550840865128597,75.01012744020888,7.8281868770947645,77.89868867646693,70.6921449571775,5.671507987702549,2,3.251690610884757,1,72.30880979000409,0
6.963732123436983,97.44861406623494,5.829393091107059,89.36911155960712,81.01313518283035,5.524166829400299,4,5.302071461940349,0,30.0,1
7.094529594755934,100.0,7.176276428737145,100.0,100.0,6.554625774571704,4,5.578553821282055,0,66.28353478722154,1
7.097767670634729,82.17207937528401,6.468672076125039,96.35414393216186,78.5312791061838,5.429836574282791,3,7.603617754909466,1,89.03454228888106,1
5.490088412892605,75.35232776088273,8.257265829399156,82.68204239848464,73.82631177152298,9.052391954387936,3,9.155235367029595,0,49.0485047608967,0
5.7490914799942,68.2277358254879,6.764145411957172,68.48477657255943,79.95959841604935,5.3520552733550195,2,7.954044807980431,0,45.72545969576885,0
6.655759048318715,84.68540161546069,6.9116104682154225,81.48147010149236,68.91555456002516,6.9836534286762415,2,1.466942153160082,0,86.74335021381643,1
6.171786012586661,97.82905600065143,7.728620721183189,81.57557146044181,80.61619321431223,4.351781834001795,4,4.079163718380414,0,88.77554283818773,1
1.5613992545049298,77.52659612974843,10.0,64.77331128470212,49.71500984760143,3.1830599313972225,2,5.671634239908736,0,49.66468717482397,0
5.540400738849613,56.21003959246776,8.332670395537832,84.07533410696999,70.2055225363293,6.435390340373273,1,4.199428695175133,0,95.99119037597134,0
4.297187131479372,86.70049671815524,6.867090840477086,73.18133975957973,77.5091623763063,4.8217040243593186,1,4.912346366508528,1,76.4867764726909,1
6.350422837817024,89.85399711450049,7.004796985922932,82.95561334285682,69.06504984779559,6.664086091859241,4,1.0,1,85.73115795236144,1
11.97051800520682,64.14154359614153,6.212710809513348,100.0,100.0,5.705873083689362,3,6.828426001966609,0,58.121952525527576,1
6.7349633309486086,81.76484183662953,5.575006444720457,75.08895439844318,94.9564228995421,3.4139733464196875,3,1.2490895223870826,0,92.33588471863166,1
5.372940627655204,84.51226016136098,6.1708738194005175,93.81986133077459,65.17142620636824,7.148675755354057,1,1.8550209517053338,0,65.97975615130323,1
7.843603003954504,79.26892697991062,5.841776554432086,68.74634616813782,84.09275819680403,3.2576200924306646,3,2.9706584314167084,1,65.31947616171838,1
6.965375774418425,72.09229080914646,7.980052575693828,99.38097369381242,100.0,6.25065252659101,2,4.804932092462401,0,77.23566878959393,1
6.840188980903682,90.15937223563556,5.393207713196521,83.74908962026679,85.78504453698267,7.5632222230517065,1,1.7545492896422816,1,64.11962309645777,1
7.213701186431342,75.96620254031318,8.999815842070067,96.09430407487265,78.22023235216187,4.230810323169685,4,2.879215531870339,0,47.18940637471473,1
10.113087129659082,65.14813837300068,8.128069575428245,100.0,100.0,7.31198890734463,3,7.297890084619089,1,71.97651238388282,1
3.7382231293481687,59.50525514330319,7.030752594051503,72.15145975584886,56.748403260178755,5.795233668106385,4,4.7752792939491515,0,65.22635447822034,0
6.947264153622909,92.6084951999931,7.000477917197602,90.27886552837975,66.03442568013674,6.703887556792527,4,5.867093957396124,1,58.481330792146395,1
4.147237740036923,86.16663976471118,6.16407803557817,78.8267315910624,78.60706589287324,3.326488617794828,3,2.527514431500511,0,88.6079073242322,1
7.111025292684497,80.8797354712917,7.405126617021646,82.26681819755008,71.63555911479685,5.428600464107495,3,4.892327950885541,1,100.0,1
4.162626977027811,75.59725363149197,8.632138694812884,81.16112619040142,89.49288811213977,2.183837379950993,1,4.728266787377263,0,56.21312216235306,1
5.165266372789831,74.71001585796873,5.94526530661628,64.98162562816131,66.09827448211693,8.422601030620928,1,3.409459058187221,0,72.96161627150413,0
5.409820171524188,69.24263351558389,4.699911866621904,76.99579512435969,93.79156784476368,1.0,4,4.897845791764283,0,64.02340607416177,1
7.951633438689418,75.68544355440115,8.054827382285115,98.11786643616986,74.02308994693593,4.2904963607423,4,1.215749414354164,0,100.0,1
7.836908887884828,58.79912784879826,7.486548961365701,99.13472023558305,97.2763891899715,3.1365828116007557,1,5.877217488672263,1,77.37602178078193,1
3.508565247107231,72.63936346531486,5.319701797838231,72.15071471815017,66.04865421248988,6.349400830404475,4,4.201014564893715,0,83.90433568659985,0
6.109868221999697,76.89062483648907,5.899912943628824,76.61541673044113,85.0366715875497,8.847891891859836,2,4.4855612163530445,1,87.72748835729398,1
4.580840290501655,86.09880047190418,5.711343588924789,81.8712792361953,77.16526880977253,6.309830197375051,3,6.703531604233566,1,71.95230782255035,1
3.482990178649331,79.60073536626636,5.913201596448626,60.721288502059124,55.92048964908427,10.0,3,5.8640669549160185,1,67.20424988950306,0
5.5659658991512595,87.9492311387556,6.514475868938218,95.34392023324541,60.30735697487758,2.24411964688232,2,4.363321621877777,0,92.7839847197801,1
5.38303442308836,93.4913510511343,6.600179043578879,76.06846314044516,71.78902923513797,2.3976317349428693,1,2.7668279417759334,0,81.66832564292358,1
10.853432972691046,90.58170093824101,6.02380951739731,88.87090792139563,100.0,3.2137715367691997,1,7.657322809575182,1,57.311507375950775,1
6.865919650721392,84.70509847378557,5.8627542707501075,72.38276357344144,76.47707169277331,5.242489390591812,4,2.319755996144629,0,59.136829541741186,0
3.2447649984915254,80.11862679180784,6.6568234841209275,66.6602613612535,62.24412969254777,2.9461552494335,4,6.2587338052023025,1,64.15520239704344,0
4.870451991658116,70.19211991586441,7.251537302289342,75.7505126715511,72.5189672616961,3.496674491389949,1,1.8052121115872692,1,87.38827835824662,0
8.042766590858797,87.39944051379317,6.525555195452733,100.0,79.15633507971413,6.240967047854576,4,6.83574660629025,1,92.10171214849893,1
10.17688554573985,96.7974738222153,8.738000535011953,90.49943435255699,100.0,2.5216562337723643,2,7.021201705767137,1,100.0,1
2.8280333755240834,83.42106039650419,7.76213157163118,64.53478887065972,54.29608001619805,2.7336079740597965,3,1.1747783136230643,1,59.369450610066295,0
2.24015122972191,99.17259148426123,4.613731214711956,50.60654207778898,46.441098376297745,4.202922494019856,2,5.89867010537587,0,72.1030978630931,0
9.741930350743564,64.74428291938916,7.78559164812078,93.78310322158379,100.0,4.391113858321358,3,5.733007295499709,1,63.996973251856545,1
6.779228354741807,68.45836615220459,7.9083159738783735,100.0,72.9054580115154,7.020031434442632,3,6.406098609372052,0,67.26481485416558,1
4.263414536247267,88.55201507748262,6.347897547813713,59.953710449676436,61.01381131843634,3.198720504043759,4,5.730480550036638,1,83.9481828156959,0
7.06925817224487,82.64290210153251,4.757203619045267,91.2167151019027,83.13605753533578,3.559440031758205,4,3.0753686144195553,0,69.31181484217298,1
0.7285045219662445,93.13782176571807,7.012100139116704,57.57159619997514,58.11414333833986,6.163340232558013,3,4.565534065060258,1,89.73786507359223,0
6.006751013194322,79.8452835927326,6.988437022776634,79.79204080238952,77.96834685640891,6.602788647566765,4,8.329293072867937,0,62.25552329133757,0
6.655642345686171,71.32024577471668,5.317530645200208,88.47257796034823,85.2167373988637,7.857448934253176,2,2.7843730481008535,0,81.12124526116781,1
7.848540279075659,77.86406757794957,4.823171175610097,77.64249757594541,84.11481631448899,5.9382407097295085,1,5.645715916702345,0,63.35865073716497,1
3.9722080954149246,64.67316029076267,6.868669680319841,86.4242655551102,63.04835232872614,5.2607281199236535,4,7.3025077479101,1,42.44163549365161,0
6.171374322806718,68.71409326902966,6.650384211923767,100.0,76.53947360164437,6.1500768134923085,4,3.01849438227871,1,54.67797299489838,1
4.149150747880825,89.7244399791801,6.374101952016409,71.21680071699726,67.8279668474552,4.465174388222905,4,2.1664267057683735,1,71.86194595519783,0
6.510767511348634,88.7278741446961,6.874883897880158,100.0,76.1049293376092,4.450464811249042,1,2.467795332697751,0,98.82246731952242,1
4.2093073552739515,83.63004284806077,5.345835439269521,67.05625746087054,78.6558429864058,1.4517793754424928,2,5.7899427231528,0,63.106186810956096,0
5.183798321679559,62.78922479039531,6.347769080700829,79.9233115469606,67.37112754505593,6.786831913378668,3,2.4507924540166117,0,67.46217356650779,0
4.008369210419541,76.41596424487112,7.799987545921521,84.36073668984285,46.97780391046358,5.422917890103494,2,4.7292799187358465,1,77.34504638192256,0
7.3022724836473145,67.75000111339949,6.475044879473067,81.92131781600747,100.0,6.554078532736611,4,7.74254279260644,1,61.00868020489761,1
7.716902233313331,91.76533253787765,4.492041292311172,74.76902057777227,83.02772649044246,1.0,1,4.897383751182738,1,62.743613927017165,1
5.5307588600851725,74.16277866437399,6.290961583414642,61.536623644237324,86.31625103142451,4.905796584212908,2,3.4443744236783926,1,71.0817171681527,0
6.076475989920056,69.1425228921845,5.394762304739709,100.0,90.50676435911794,3.2882369872447352,4,5.2508193454267715,1,63.45150495632555,1
3.1028171707329117,80.29796165121425,7.400704444692596,60.22383934727679,68.06904614690129,8.002725009640466,4,4.862654291863349,1,43.25510646804955,0
5.400646703986426,73.59845543165389,7.478256105070638,75.14586588574714,70.42360802794454,6.228433830967658,3,5.905315277606484,1,60.24744940218895,0
5.8995907659165105,94.83743910203707,4.511838062370954,68.370313046372,78.2643927942425,5.46847082162112,1,8.238289107637705,1,79.22379529836965,1
11.241586182059951,72.65189102465808,8.138519455873283,100.0,94.70441499931044,4.136134061317951,3,5.793537717673951,1,79.69004641193888,1
3.7760659484516728,66.00771740775369,5.331720548082163,61.06473115001252,82.5578734288928,5.794416620263293,2,9.067565023531808,0,90.04350550538953,0
8.928354477504875,58.470864842424845,9.338773435723528,89.72914211091116,85.05206688320256,3.1436287412437913,3,5.910603806955084,0,88.83304017976381,1
7.993717546931616,79.69213497586586,6.926835603249074,92.96379192881969,85.42329565418095,4.800549304628468,2,3.465337414583912,1,56.49718563503347,1
6.561272808980273,74.38069886142074,5.130409752191257,72.16590477244563,80.35750172428413,3.84327322602516,4,9.576605988457201,1,58.81875326333658,0
9.517240968390267,65.71095393488272,5.287020893960978,95.80038214680908,96.029048261972,9.532979309963384,1,4.750363965309566,0,59.480783602566135,1
6.744210945213726,91.89226461255785,7.522142937681017,97.74315062110132,73.89653284834841,7.93989551238168,1,2.89021553621799,1,67.71907569222519,1
6.778318391335858,86.67245147429242,6.413050165152434,88.17413593184793,94.61330086856202,7.1260949679656616,4,9.647457327259868,0,60.65094826014995,1
5.89375869396491,79.7178212106277,6.855019135572789,80.77421639410812,84.86534499867226,2.0193779556916844,1,3.533766227639041,0,67.38209450230678,1
8.447137764837255,93.64326244170867,9.419170349045558,94.38433591882492,93.90329863228047,6.728314224568107,3,3.455221135928209,0,56.91704513166215,1
8.192938467621767,86.62536033398612,5.9511339036563875,87.0733413783432,85.1621002457631,5.375333350283875,2,3.897058983911182,0,81.76608146177799,1
4.748645425007576,71.77144098481568,7.08994428654356,93.70475032258713,79.13463126849017,7.446920279032291,2,5.32925282664441,1,55.77904557460993,1
3.3615056108024652,69.60779836009235,9.12976673105958,58.68595674867166,55.52434733703914,5.644790190253879,2,6.861722794897775,1,55.03642125065472,0
5.594038725208685,88.17981544453862,7.405770213199601,80.07945524568272,89.26815075463027,4.986564667923393,3,1.0,1,77.80343678786676,1
4.399922871204707,83.96366956467351,4.590095896962991,73.14987001945161,67.51174638206251,5.467568592673118,2,6.853000970623004,1,80.83449955936075,0
5.87295085076929,81.69747767970662,7.758083517598205,89.4523793251778,87.5355203743429,1.3887334167549104,1,3.890930795340738,1,66.62316427218259,1
8.474876269368279,71.53502197131093,5.255495713324834,100.0,89.71105435437383,3.465193455664405,2,4.174211113679733,1,83.03482232879546,1
5.08539668982642,86.07947567005753,9.110211293099447,75.10679540426139,71.22771195936797,5.746671077406544,3,8.430383621842635,1,81.95181409597538,1
5.91435323737685,72.44501116866051,5.765698592503034,82.47843111801474,87.74033003884776,7.278776716813165,1,5.426616319738,0,98.48708185185278,1
6.1160454696167905,78.98013345406322,10.0,83.86557488722343,98.63552433574519,3.8990137673757634,4,5.895402695730203,0,80.99389201928908,1
7.696861764410569,94.4694414638698,9.201063982491517,65.76289226634677,100.0,4.918386240272133,1,4.902879770360874,0,95.60804627172195,1
1.5062213320307896,73.39165764189855,5.805081145558032,41.64121063537619,57.808674185963234,1.7980151106492195,3,6.527285167764671,1,70.92893757134455,0
4.786599410469407,64.27010742927139,7.030020707502416,67.88236014512734,74.6124307923924,7.91862162670752,1,8.236021145909756,0,90.9943926416291,0
6.4225673845589455,69.4745280812989,8.130466422450196,76.49685015902604,73.46591740475742,7.227483464466242,2,1.0,1,91.31149572258836,1
8.400157912853722,89.94298826687623,8.17549071134006,80.00796534462728,93.35324488817665,6.304205237134397,3,7.169235981472486,1,67.86079390284794,1
5.01619510498759,82.54731137380209,7.663504389964296,82.57680123867425,60.96667878995822,5.813612375261781,4,8.094066127750706,1,59.67189428082612,0
2.246894587916252,78.71122621311247,8.878238555449165,61.25565714975598,57.23918886434525,8.105098130293594,2,6.002126495801185,0,62.309862577219825,0
7.239422891932272,74.90906194688431,6.815546580048446,84.050168985793,87.83704395852936,3.3899780173705656,3,3.645275154590302,0,76.22686246143986,1
4.7292752223487415,84.8535990755319,6.44992349713595,61.08482336666984,48.76719991941053,3.1736768873466827,3,2.6954551041996453,1,52.754394878073796,0
3.6206666818192774,71.50895149009776,6.479704018113084,67.6578847666485,62.11138618283274,7.123039572512858,4,9.723691373826524,0,63.19403701515641,0
4.751309220573551,83.05665568642596,8.28755984795819,47.48969854288164,72.65660431433236,6.988626763416249,4,3.190032626754271,0,87.95845505921935,0
5.630949284688301,72.68745431187043,7.5477715604539695,76.52518331538309,72.94859713673958,2.613008827821696,3,8.035283142112505,0,80.00250948168136,0
4.790510670923575,71.02340614724946,7.436925498535384,74.58439004269543,72.32355241410716,3.9372802368462674,4,5.781022648951543,0,34.7104148470965,0
1.5888678858018617,73.62512565174988,8.192851373885773,60.3634892722243,36.11598488124803,8.37818626215478,4,9.091661612029643,1,50.01029403270448,0
7.794132393774264,76.24592553516038,3.9234213882192175,73.32964433407852,79.006151307043,5.823334656431808,2,4.363479671380269,1,100.0,1
8.549750082557445,79.51170164066296,7.465103235812726,94.99691777970197,100.0,6.574323036036344,3,1.7848381527662247,0,87.69351111897585,1
7.303043982679012,82.35455795111115,7.327853333310574,76.10090721474964,83.82398055253185,2.681906914941287,1,5.004341694391885,1,61.256091779134096,1
3.724628659150367,50.0,9.503212121951059,60.498444972828494,65.7465617680513,6.313289049074356,2,2.0271047241991664,1,47.67351745257345,0
5.597016932104964,71.92349442253236,4.707118026604499,85.16439851875147,68.11688998554399,2.1609169084582396,3,10.0,1,51.25739406218237,0
5.986957369541084,76.08430022643961,9.335779948565136,100.0,76.11668445001507,1.0403572687986298,3,6.258996448161751,1,77.63741564262563,1
7.19758877912382,95.0506203860833,7.113113693386999,86.5015314836459,60.16541087339094,6.453647920361736,2,6.556260898708915,1,99.65392535435365,1
7.336680977436162,69.19997391617868,7.733484295990068,78.51245030077848,92.48020524882463,7.868890339268978,4,6.5575405660521096,1,98.69886265340637,1
4.531652402443008,81.62796618099912,9.513878181414064,74.54496648731502,85.26924280418275,4.492427848501665,1,3.6128206387533464,0,46.364717597662136,0
6.163991112827121,94.95030309735837,7.84114190200836,90.21024713912706,66.33377118481633,3.9068986362910834,1,4.73593901496589,1,65.5634308461826,1
6.914560809230482,66.87031470052727,7.600552434193841,90.78277970487977,72.08404298028721,8.421697312492741,3,5.220729262719543,1,57.14428426343138,0
8.911644644293533,83.93975225864402,7.363436778703478,100.0,97.87866684813602,4.610433261770784,3,8.887776926838914,0,72.05425460453836,1
7.409013079649446,71.9772816606548,6.2747827975084345,79.89168970730057,99.19287138296413,4.868462552885481,1,2.6858164028353353,0,50.03408781639108,1
7.578113374751037,74.95366257710765,6.957266313234411,90.41288167294817,85.44770707467677,8.387914452880672,3,3.542832220490401,0,61.81272434232755,1
6.167653255858722,71.96889166046685,5.926730850815877,96.32744581347563,64.7127393270273,4.2928303739435805,1,4.274137787547969,1,56.991083231454546,0
8.820918290407008,72.68142691584114,6.933149650861777,100.0,90.83933737606331,3.691944781310268,4,3.6527066817787177,0,77.85406878880268,1
6.819525591918994,100.0,3.496103954417355,64.59684869435117,70.61783274839604,6.631016448274176,1,2.0821470909648983,1,62.27711692955584,1
4.277824179652859,88.44455872071666,7.643559351351323,71.35554469786447,58.97848214922939,3.5762876912417685,1,1.0,1,64.43233457862857,0
8.806739940250381,91.0173786178621,6.817394119324562,100.0,89.80002864996912,4.710796923755636,1,1.346311068657533,1,77.6637770285746,1
7.395806545078055,84.91993486836496,6.495694394999854,100.0,75.08159338805206,2.3616827965756015,3,7.19805986516298,0,94.63781257186619,1
5.113911957743035,63.93743211598042,7.329637125910215,82.60751862622337,62.90441450471256,5.370794176753026,4,4.983562198041559,1,100.0,0
5.041014065201513,83.94957970323307,4.849654115551839,71.52643738904273,70.99142439343152,5.136194974406186,2,6.671077832508139,0,76.84019013071287,0
6.593151090281523,90.72929614507346,9.893904994931923,72.87372392703372,81.70926466306145,6.936040549446288,2,3.8349728081832755,1,68.67139012286084,1
6.926369590535169,71.46600525960889,6.845848807768601,100.0,67.31841420500135,6.714513073323461,1,4.8033286794818135,1,89.7437096018602,1
6.394584531262413,89.65326667161126,6.781233350541716,89.26033852096965,82.33132441266784,6.103036016939164,3,8.226315001917767,0,87.5074682051734,1
6.62261734688577,87.04336209854078,5.551905684800617,74.63241746557468,75.91636545000064,5.788511385562026,2,8.105445211314834,1,83.22716398763316,1
9.39991474915276,98.5204004481367,7.035919573673892,94.96801008242599,100.0,4.8534917724953175,2,6.883944265184548,1,46.30989353178818,1
8.143086304469772,75.82216987486382,9.080439835409921,93.81729669063591,96.66349303369722,6.219111937991606,1,5.404835574580838,1,88.12263104755014,1
6.381271182530049,69.02389017724273,8.55387431414805,87.34442245153143,72.8422152856298,2.775335652662026,1,6.035938855098481,1,75.37302037916565,1
7.882621161534967,76.38371890627454,8.281656626710834,80.41691923221694,93.43720390958714,1.0,3,5.741276597290785,0,56.59446534691878,1
3.934952192944921,94.35570993163623,7.819598427500908,63.532856783469676,55.24015276068123,7.323835342425786,2,4.666146412691765,1,59.92185913787525,0
6.795854099893618,61.71594119158037,6.462186208656085,67.4499248757385,94.01274522771462,6.348320924495827,1,4.191260381119204,0,78.73048433309195,0
9.61861269946622,59.31624284568968,4.824755249444947,100.0,89.72031418823268,4.7460271314401705,4,7.244735890602252,1,32.32542034319039,0
5.563908209215253,80.89395278931613,6.698441842200047,74.4033563783731,76.91094534154665,7.149117216891972,4,2.408744902207729,1,68.1179025344551,0
4.30473214276183,75.57410707225844,6.646192803199484,76.18687720564208,63.952301410128186,3.5370051661069457,4,7.9747165544972844,0,60.17406161226863,0
4.695822222813879,80.07727893175685,8.573191659506861,87.70169619983267,58.00598819450727,3.589014935833699,1,4.449114386504371,0,58.64588632660715,0
3.8207339253152233,89.45311771235865,7.464085663689731,71.30237105031557,71.93356116974442,3.311724552611665,3,2.3718929906046347,1,63.14210311707688,0
4.430476183744593,74.47430653881148,9.418467291855322,71.02267615923229,60.441539013799655,6.13524395023177,4,3.9089902846067757,0,47.80899442874846,0
5.258983802819942,61.2699416906938,8.796232810057262,78.23413378293905,54.553181167136586,1.8340838455704942,4,3.251184225817452,0,85.7872006572381,0
3.188865961642716,100.0,6.315256585743857,66.57626584671584,30.313062138175997,3.4660767864359174,4,3.8486512957923,1,38.081577330621144,0
6.031236667899206,70.02771712561224,4.307306205070198,92.61783331827547,67.43697306311552,5.579430046472271,1,3.81209296262567,1,72.53931312701313,1
7.804554347573294,69.40962877987903,9.078362850912221,92.13115571325437,100.0,2.591697848154778,1,3.732610457249554,0,57.28663181925085,1
4.184487639706159,91.03720013722597,9.039077834846116,65.47842800274167,77.68431051327354,3.679379188677629,1,4.38408586372033,0,99.75368020000685,1
9.038567847283538,76.15510878958482,4.950682613646661,100.0,87.04542306022591,1.0,4,4.870453335877855,0,70.34029657726252,1
7.021584177055189,79.36610147965189,9.26386002974125,97.41276444885946,78.38495591531733,6.211613298803075,1,6.527719270361935,0,38.15000784464419,1
8.061161171248115,84.82790124060318,7.5731757558887765,76.92249958803595,83.71783627192846,3.6243296133154423,1,4.510094736025801,1,78.20231614777931,1
4.684330892295726,90.83583103109996,7.2410282471884795,88.74949330915967,54.77166389927867,2.8014374997176916,3,5.6520416132551885,1,53.61134933433331,0
7.709050454133232,76.66539306818228,9.42217488137099,92.192370002751,76.76598400856597,2.4099545480828497,1,5.015062624097075,1,84.77333591629753,1
3.816132199209374,95.199520059143,9.017027759845922,71.91336049751285,72.70828838926408,4.1635729755898,2,6.081161540985919,1,79.26583998300038,1
7.780495001673017,58.642001512651944,7.976996427992805,98.96872132433023,91.72184872383211,1.8396888262171207,1,5.093350679311721,1,92.08893246079029,1
6.343678679587063,87.59787236953078,7.709825598717974,76.04862948789253,80.79296066282126,8.884759354297335,1,3.7063564493660603,1,72.80547625580891,1
7.106502439969567,71.60472441982343,7.924591435795539,95.07415734175709,69.28754852320881,1.0,2,3.163600694718827,0,82.28723189269905,1
3.6488107887502967,93.72271316607991,6.399913849176211,64.47629924637293,62.89989687284155,4.09876170042702,2,5.420459197008429,0,70.64131234663621,0
4.20986031544679,81.42044478830545,6.917347825401518,56.29979478013057,42.22071219780052,5.21381385858251,1,7.546756979801277,1,61.15519314594416,0
7.194456436506769,73.27094667990599,5.646524268108186,75.9947193914645,91.59476553164595,3.449241991726891,3,4.54175074598053,1,85.98632397708508,1
4.1033039915515985,86.62841093021632,6.500440336391621,76.18673828679026,67.20557295668101,5.424263474586231,4,3.598272692343595,1,51.542740436119004,0
6.926412584198246,88.93188347207251,6.450049181996601,75.17737952104466,68.10615098419117,3.4007968501076773,2,4.487658649456861,0,69.45539168991297,1
3.2657243870795085,86.41894122858638,6.0470419455675035,82.42938316729402,75.75860189737745,8.060188927346298,3,3.8772109781950217,0,61.47151641731452,1
7.696348425333336,69.7030376036694,7.205119753972695,100.0,68.2164439603142,2.7622459717804464,1,3.6660389617761715,0,82.63141100436883,1
3.534953370462982,75.15982876377915,6.514028723949134,81.00915851264456,66.51278204527392,1.0,1,2.112810836999497,0,55.79979032508518,0
7.104599875359046,79.95927162878564,7.753352080527961,86.77078517356935,88.1793169419409,2.4030002990933568,2,4.511183427476223,0,63.86751111062516,1
7.251261867292001,79.58740347349939,4.5665190800593525,88.8349255094096,71.11086681022721,5.772989549627424,2,5.471554307686775,1,70.65870253063743,1
4.60645636314085,87.49745475438348,6.829967808839051,61.09516327326148,67.26023127074393,4.7641512409022715,3,2.8361916856038962,1,92.31584578022708,0
7.164053134169453,59.85098767493392,7.197327460266243,95.77810077242216,66.6160403834881,6.504265815964233,1,3.243320499464292,1,62.01225539255277,0
6.520884526667112,83.34327054553503,6.5340561402446795,86.40275718370641,50.66156399673454,6.0034892334219325,2,3.1038760110235737,0,63.986618876059985,0
4.922316287614524,77.1001864556336,6.741410950286153,80.28463769099523,58.855135456370554,3.7274393005495923,2,2.2266440659075966,0,49.77697460945419,0
3.982890631847584,71.61499383616048,4.622130983905214,86.79757127376675,57.731094368465534,4.021833012408906,4,3.0888157927214657,0,55.25507854363651,0
2.074748616654842,72.575132222304,7.534715657004238,54.31411324379911,58.89105350803697,4.229342448693548,2,4.604287142348082,0,76.19471878623006,0
6.699300094599387,77.85462335482036,7.971408973850606,82.23508497422375,80.86988141820453,8.768692166993306,3,2.3158843879103226,0,70.48102763798052,1
2.8703944572758897,50.0,7.7403059413056505,67.61868150180112,58.15782133751679,6.381644629374739,1,4.724915065070328,1,70.72154722300193,0
6.1906883988826165,72.9871042920845,8.558090589163275,71.599087939826,66.99991416045984,8.783373798357012,2,3.5930664150791705,1,96.11822397314475,0
5.473103567835501,71.24185175353706,7.302294408673753,75.48952962640911,67.53850836659915,6.6815587446836275,4,3.1420358823594103,0,44.915831302440495,0
7.358285550876391,85.32783209322625,7.718021770976406,91.72092585905165,74.85044720656674,4.872833210156897,2,5.754417632746265,1,100.0,1
5.3959090010202715,71.9447331748948,7.234136107685279,73.72533229137305,60.12571393582355,2.9612770260286703,2,3.719748789372195,0,87.6741202083215,0
5.341104427305817,77.8488619982951,8.03132607938874,89.7954162338202,66.10963229396233,5.403039342297488,1,4.0599722678646994,0,65.11310498688687,1
7.463741408576591,95.42276627661302,4.634155545801817,72.20946142471303,85.52757230242288,4.878261655567539,4,7.596013620000434,0,75.86849180276768,1
6.670116058168235,89.94351519815423,5.659628548032984,94.57829269317459,74.29431115476737,4.8127054293235725,3,3.159888732516057,0,59.757323736299284,1
6.632311914365556,89.02271399943453,9.380349485549637,89.77341431998784,76.55884479194361,4.5818018462015,3,8.131749095184727,0,74.7884981416382,1
6.938535179617053,75.00127569589148,3.309346266855692,79.00439002251935,88.58035918681622,1.0,1,4.304417741894679,1,100.0,1
2.9288557535857884,85.43032279289652,6.789733105261984,55.400193085628956,52.5655903346077,7.521679633069311,3,2.72773073425607,1,60.305676876219536,0
7.513577359973964,77.66102199546405,8.758412439412101,66.76506062744531,71.74179784996487,4.899093021565365,3,3.892103317875966,1,66.51991587672474,0
7.224937588027204,78.03906789323062,6.860109001687353,78.17293781599767,88.98416074417563,2.1714937679427164,2,5.137549813244742,1,58.64850669103181,1
3.9666337428470055,84.0968534374655,6.392483392823953,80.304935264265,66.45829894216487,5.96352541814729,3,7.509007719681426,0,61.05829582567603,0
5.511839052651597,74.03006411579068,7.19413251522295,76.99833800047125,76.35762929763273,3.2883276627869438,4,6.597649617126561,1,63.959589529965754,0
5.921385424744738,94.93003104443204,6.47031972999633,91.2367359276421,81.78669912382551,6.124281245941566,2,5.127813699671416,0,53.57671616989063,1
5.731006431196534,78.39869860402062,7.046274239135409,72.45632144973715,78.95245386025866,6.763312921024921,3,7.519911962978248,0,66.04581899779294,0
6.66771993313707,86.18360566259665,5.974928445219806,90.40966126675099,80.29360652353546,7.039272981338636,4,1.2379259042650288,0,70.81348593774068,1
8.862733563662367,94.55600479257298,8.663011629933585,87.13868179746763,100.0,4.678166546690359,2,5.4988830601197085,1,63.952751420421926,1
8.163533455345657,90.31653774575175,9.134897381598492,81.1619172146299,76.13151326905441,4.172444543962966,4,5.619879453251202,0,35.513569761767656,1
3.3755616131371875,65.91080897309476,6.799914516832566,65.80653589397917,54.389196893937545,3.7489232794706595,1,5.644284935157968,1,67.68523438944158,0
7.244139980612097,84.44895895009884,4.920265868963135,79.57103478986052,93.13818353045426,3.5548878230790066,1,1.7796976680225818,0,69.29092566933264,1
8.65786663907082,88.50719394460647,6.214235244529907,77.86111170498197,93.37306275538066,4.965539871578166,3,2.966175196643053,0,98.46312542415235,1
6.773617041378405,88.91863022160749,6.724017009845554,82.04493819972208,88.22093258838282,4.581313875216521,4,4.667051155684548,0,70.40228080270657,1
8.181960850371933,68.86705165885368,7.758308315354812,91.97415841617256,90.78932939760031,3.3493923683556686,2,7.2295830099229565,1,84.03379108798991,1
10.02454089140153,73.42964762982676,5.487980165243983,100.0,100.0,2.7124304923941907,4,8.830528991435322,0,63.614504374658885,1
8.047419092213962,89.94558235741621,5.846256522036774,99.60515223240041,78.20940599695132,4.782487815482835,4,3.6711294968331547,1,89.47261507981001,1
6.498617191283458,72.38239629317354,7.766014206788211,94.6925179487456,92.41630204176784,4.131604764112339,1,2.3803064160578082,1,55.831852789990634,1
8.090176948169507,77.00303943335686,8.408363248059336,97.65445972478261,100.0,2.7172660534362687,1,6.631522872850244,0,77.57483801678127,1
6.2897756661937825,95.75875809501969,6.0676089322439735,84.77500592046866,65.6357628548589,6.661142026842815,3,10.0,0,82.60548071622459,1
6.047806086569911,79.5220074961521,5.000174419073506,67.94958136813062,82.59349061829619,8.544185501650498,4,7.213881266602369,1,80.40409188251739,0
5.297171528572535,72.73225862166157,10.0,77.98457962221542,71.35262984906932,6.925176427968449,4,3.5027345520119475,1,100.0,1
9.126826717664215,71.22382643137095,8.174956355633071,100.0,88.69514011479465,3.5596239766479116,2,10.0,0,61.23453012460227,1
4.363142668115997,83.32719329585188,6.599494357349452,86.39009283428435,47.29266411151879,4.899540630820127,2,6.3735992409378275,1,91.20674965421989,0
9.064735449356231,66.6685199152279,8.303546913296259,100.0,84.28027598496422,8.080857903374921,1,3.4179735728166127,0,87.33467684088325,1
6.999728247480743,77.52664036103582,6.813315055428367,97.40247558345794,89.07949088673035,2.652600714445014,4,8.868604332675421,0,70.74199612021056,1
3.201387650396117,83.33230534990022,8.30073533365028,55.686959338328194,67.34673859498227,6.565190253370451,3,3.2600163772023194,0,97.58891560187337,0
6.735298585982843,92.99149820547667,7.2390897966643335,80.41231666843328,78.30468671013534,2.1038335837120203,1,3.757822962676113,0,67.80162769048198,1
1.799946984696752,86.67548080369995,7.13690784725136,63.293242060096475,58.969533339613356,8.368075254862658,4,6.453241644682248,0,70.33474834838857,0
7.251016033662071,72.85934882017821,6.829627197653817,97.86460707573598,92.9586969809138,4.13937095049802,1,4.95018936422149,1,69.91774542926113,1
7.770462965977982,91.7841931756372,4.828927999805366,87.40002837150072,88.16917738213137,9.458087449047625,3,5.074014264009534,0,50.90221463341598,1
4.815288088695893,77.00484962452522,9.90714234908971,73.25198085198794,61.668392293673314,8.456127597283661,4,5.077383003285594,1,81.42271051392567,0
6.247095391911165,67.6429697795059,5.587699119598385,88.10688001958562,81.89311347962342,4.7871389808372244,3,7.2289598517403215,0,79.08097212738413,1
9.908314867500572,78.27958640734528,4.959964635534108,88.28286606605161,100.0,3.5611892537791787,4,1.0,0,68.42981020288215,1
4.988506591476127,94.38169201145702,6.680710175865449,91.01657845561492,76.67048345235986,5.389550943781828,4,5.56902777177294,1,96.43801821201032,1
3.882184825886799,81.65240050064925,5.55779227973424,60.61956319835714,71.94714165534319,4.6396820667068726,3,4.419593245838964,1,63.44169913907226,0
8.963326804925197,80.12521864329787,6.922430814159593,75.63073978903296,80.15831511033898,4.196866072828815,2,3.4950079349387684,1,44.05303878083387,0
9.92517438106159,96.37211644702853,8.031645772842653,99.72654199053375,94.45175383271211,1.6837734908434059,3,3.489727164133332,0,98.5330895710231,1
6.007391343695694,65.68645152945572,8.492954350793834,97.02154374223412,57.05813460529597,3.970892832690826,3,1.0,1,85.16663960804475,1
8.022926070816712,67.14400885947228,8.222096082432522,95.97916165741967,95.60751680845374,2.7790417564875205,1,3.4031637927976117,1,79.39062493677376,1
8.682951831061763,63.84153529033168,6.541551917821479,100.0,89.97459650656641,6.103295412850473,3,7.5809254498786744,1,64.90831949627716,1
4.5150315349232315,83.72648186480055,7.074387741492378,72.9890152976873,71.39832991651355,6.982142633194849,3,6.664109756055079,1,75.13137401605502,0
5.029388329264263,81.66493127115125,7.611818576346236,73.62316667360955,55.41954249368399,6.481368007847194,1,4.617236475211015,1,51.09432559532134,0
8.46174902630947,95.42736367279775,4.363318864086891,76.8596514356162,100.0,5.684750179255015,2,2.1774885563186874,0,66.62285523515982,1
9.370028557417019,82.4347507713677,7.85587705017979,74.25628020804322,84.27677969830935,3.2941858657181964,3,6.643739544518257,1,56.44453685218329,1
7.125761720348709,75.95842840520697,4.814051068624252,87.59153198615218,90.50020336591685,5.41080154520382,1,7.619696823320837,0,73.92821895571531,1
4.240371292995891,80.01794872878106,10.0,84.32734840838171,66.62172946690076,6.585530287288751,2,7.06838934159533,0,83.85202687758581,1
9.974122223398883,81.17707418460958,6.393227373037457,100.0,97.95030556513152,3.82752885120054,2,3.0625488900272604,1,54.285622207375425,1
4.9380582043760715,63.28238726671833,6.722687234208113,80.92628629240049,66.9267481601347,5.237972842790013,3,3.2702426382746257,1,80.8736902115263,0
5.329724437657097,100.0,5.8454393511432166,92.48579764468089,65.59771653278128,4.709076821460154,2,8.311822517688428,0,72.99622390581484,1
6.684675668979243,85.19871018101911,6.055044952216465,86.7110468593068,93.06001578288314,8.32473333922097,3,2.581457917006079,0,80.25778572438341,1
9.10832084142955,82.10008308022589,10.0,94.31505320407155,94.77605339209973,6.703096270529049,2,5.956426731031142,1,66.36662851958168,1
7.707951953104447,86.1516398427858,8.410554532934947,80.35451170902158,73.55549641509448,6.218319223496783,2,1.444527705853611,0,80.56023104000161,1
6.829731000723821,87.09410980586605,4.676196332278242,100.0,77.13878398399453,1.5666125320691302,2,4.399369265252169,0,59.562901530280854,1
6.9265770602362124,78.59446514497569,9.256319351027845,89.89836309271786,82.84285263344665,5.345674653535166,3,6.170300801468711,0,44.766218552158136,1
6.087029337286932,73.687588637593,8.789863412712148,70.99912952724135,85.50022883817485,4.68997314215086,2,4.940068085715775,0,48.191019919969804,0
7.116279029037012,85.99450686321704,6.578181306567568,73.8697184671727,76.65147696905001,4.672685778860254,4,6.0478266421102145,0,62.45850518243861,1
0.940879844611394,83.85710840531452,7.460045413044757,67.2350364923461,40.26751350962289,1.8731730545167191,1,2.547589848692509,1,45.812147683406806,0
5.406785081860403,71.90109900910592,6.977583880868389,66.65950844521876,72.67503176263648,2.824462755404861,1,3.3599960710086894,0,93.25558847580935,0
6.482643869833562,94.19035611367264,9.958869856670399,100.0,87.63011141847463,4.863965024188435,4,5.963636756997738,0,68.75753255875878,1
3.697971832760986,82.93352036322983,5.8055647165118645,40.92523119289782,48.50028564060562,7.228711556380922,2,6.39377628410475,1,83.78908871099638,0
6.77264663562312,87.29819362267631,7.219015914663591,98.08918515601536,85.68942612365618,3.8189508603211535,4,5.439625706125725,1,81.80602533263865,1
5.591057558027757,93.91920887679919,6.357782003510793,82.82423590175843,68.90572004687998,4.200122545791466,3,6.894115483316625,0,70.09625712635469,1
9.510951396630979,80.21888821164835,4.850439393073218,98.74070121372364,93.82138256230101,8.562183990572416,1,1.6855841228574473,0,100.0,1
9.146039450429713,83.16952006984116,10.0,93.97561290173093,100.0,4.406355221664327,2,4.067604099306281,0,100.0,1
5.068388861763674,88.10027238506116,5.2276501313463815,94.24924279475866,68.4456409250668,4.742420952292838,1,8.645367546452368,1,90.8783871810523,1
5.698324576866609,72.75138916199948,7.330193781231664,85.56221146834508,81.73688496428545,4.769510435896518,4,7.56693765798744,0,56.4221709131233,0
5.852104868783215,80.54051662846001,4.388949090429497,70.22848825496156,82.30176758473277,2.308989707190979,4,6.267276330015089,0,91.49450293901845,1
5.096681047680755,81.25548586651148,6.40139419113536,58.294305678114966,58.77984714509947,6.14359624683023,1,4.689266053288994,0,43.77201337817331,0
6.390049968056253,70.43941448316606,7.632953232150186,83.72322197175436,59.88635655610848,3.6942477628313224,1,7.069631256699937,1,90.95119627022702,0
4.48343586222482,100.0,5.762899030746456,72.40646797574996,75.11043609751803,4.9398587659205235,1,5.858283039323213,1,31.6581732787351,0
3.7387693301249474,65.92706556507598,7.8802027761034825,53.49516627686964,51.5971540562645,5.888745928835595,1,1.965119270785542,1,65.2156519579433,0
7.245422447800538,67.01896096312842,6.596438362167876,85.67317698417932,66.83070514109295,8.885115178070784,4,6.991524894112259,1,88.13686352293486,0
7.259059168443621,93.14226575703579,8.74012376859792,80.55594951147611,93.81597715910371,2.3644599109075135,2,3.2679131713555343,1,75.77799967276297,1
4.391368480680015,87.13266250796542,9.042641370010335,72.04974308646702,56.15394354632416,6.729964370132448,1,6.519376500036355,0,47.82137496248346,0
7.790710861525199,69.74035182519222,6.119882858904982,96.21279042411001,79.01909041230726,6.737446512347936,2,1.7680544225114025,1,72.55448024402642,1
4.736844541669337,86.07289015101694,7.115099289089435,88.61032218298703,88.16479880090898,3.7235704544414534,1,8.198038664200418,1,75.78435869961196,1
6.506330476075963,94.6785044499731,7.275181339708349,91.62054274407268,62.44062924264007,6.199007696103963,3,4.450207242395761,0,73.07178170177308,1
7.640688025224912,79.69736942403014,7.929023943152048,80.98903262782251,73.28126773728022,8.286872302583784,2,2.781327335557646,0,63.89079916058032,1
5.932774870592574,100.0,7.021572994366399,83.35302564125482,70.99966779881623,3.470057581575116,3,3.622989533858452,0,82.82622174127056,1
6.909481824282269,62.75938189131965,7.285316439014263,85.17848033633157,79.05432254734939,5.482939594270309,4,4.326301805372589,0,87.17367380988946,1
4.9671407122248565,86.93823453859102,6.634890287807321,61.51441401481527,60.8653914521726,5.809602727879571,3,4.988460567145461,0,67.68714897981236,0
5.607066833143806,91.66528336221003,7.172859800458028,82.01766201264175,62.055850025633674,6.0683577099071,4,7.636291272679331,0,92.79482250962157,1
5.588281138239319,88.91343901605246,8.946910290302698,96.50812907037374,88.62963007375522,6.538583521432026,1,5.140285232954816,1,67.65608908350129,1
4.506843306919523,77.95644273354351,7.9691248618177815,72.85848257646765,69.67092108256429,5.332609656504348,4,1.0,1,62.65278467089936,0
5.646451673768436,77.0955851798885,8.051883459165053,62.29043157158817,79.7303974847025,6.026872372696005,1,2.5405229756621774,1,90.35365041134307,0
2.9027634022725066,84.44145171087257,8.084605486203367,64.81650372244872,56.04432864804968,3.1770526997525534,1,10.0,0,89.80634534465842,0
5.01769250571579,88.1575448665207,6.769286833178446,62.951340538846445,73.00070452288611,5.328006987279115,1,5.270777591325852,0,60.69836798952706,0
5.430249013260658,86.02473436282364,7.478240565369296,85.78730013516616,81.91051069065986,4.047317468638972,4,6.901580228020969,1,58.521236565410995,1
5.48764049500924,90.40057890793389,5.372239482496383,82.68685239229748,62.962852824602095,2.540342189691825,1,4.383307721012323,1,96.46577350213944,1
5.517005108258442,69.81130042933265,8.903211484475435,75.87592500654478,75.75039061473048,3.981710901126199,3,2.990777371586275,0,68.46007057862779,0
5.876471600279742,77.72229020876365,3.0,76.0707153428405,82.21925273575735,5.538912784396116,3,4.037435555236392,1,70.04928601624127,1
6.958883036172128,70.59984067876246,6.869277411496862,82.67207216470517,97.20127168087537,5.871594552740386,1,5.256652168116803,0,66.21628843978097,1
7.749034148265045,76.13887223913858,8.711343965725412,88.82791568474843,100.0,2.4630817581544577,1,4.0795273255458655,0,89.82416255866028,1
4.700469546303466,90.15220891814306,4.954198099555988,65.77999751810191,68.9014152476384,3.1246465665502585,2,8.83693553305953,0,100.0,1
3.593598289221711,81.07983920725229,7.599669876425277,54.090460636094186,72.94797923220162,6.449312559386442,4,3.7674944115467506,0,71.04979943944132,0
3.915911175513794,100.0,5.9788503301314595,80.96654534451545,36.793787719367295,6.0162961852317265,2,2.890328779499478,1,100.0,1
5.025594157610145,81.93406367189716,6.446795102216697,71.27396102308114,85.67639403942802,6.774205324092706,3,6.617605519404637,1,61.68238676172231,0
5.296157364366982,80.59691880579736,8.418911440959157,78.15121786352636,64.51810756899386,7.735660854353121,4,6.864005007689893,1,65.75796945356576,0
4.460007867605086,81.06182919440216,7.297085388827726,75.15285884970038,64.3490727157516,6.075774219181198,3,5.059954243076971,1,80.09631390280265,0
3.407766671500211,73.62191307140064,3.948466198173456,70.2590381540532,64.85764487267147,4.1703847456582555,4,3.7957127549185445,0,57.74513905324993,0
5.087758345051624,79.42163387622406,5.535361690402603,63.70061175427388,68.9921263971546,5.229698916163834,4,1.1986823716539674,1,79.90318479173943,0
6.362853240227943,91.27788027111646,8.463003602333139,65.05586455562124,80.14165323704901,8.319794201854764,4,7.441443044888221,1,62.22257980045358,0
7.190058931671129,81.13970668127773,7.673414077289497,80.06336941143573,99.01728327228821,10.0,3,6.737121819843421,0,46.83811629997168,1
4.885153893783357,72.06540270116528,9.622203358786427,78.38288479308632,65.46872290924043,5.9261927314847185,1,4.120223360501809,0,43.86245467314254,0
5.174004355713132,70.74915379521364,9.523971391019945,68.59052310382253,60.174787969273254,6.0711082776226135,3,5.119144956859453,1,65.14314513427992,0
4.146603382305378,75.49798108334157,6.486632304779812,67.18380337453456,83.01425886681778,6.451416733994833,4,4.546645634956776,0,76.26417543746793,0
5.937121659250447,80.7386343441088,10.0,100.0,80.89037212554946,5.047585691638726,3,8.257460482572679,0,49.58215381962323,1
4.303142731618371,91.93586535476263,7.036719504777866,53.0614748100465,85.04124614284486,7.327707804685248,3,2.924163394091547,0,72.67887133743513,0
7.1462556264824,66.59511358633563,5.5559971983864616,78.18093817330701,91.51383286468345,7.016090585465702,2,3.7598770119601603,0,72.72132580091926,1
2.4282670161317776,76.80173722111243,6.049540201134134,81.10737576639818,41.3336581766563,5.708752894297633,4,3.5665475218720433,0,67.48536901365806,0
5.280740655095075,81.44310019435079,3.614912342065872,75.95771655552315,78.13829064813926,4.363960187988769,3,5.620322572884548,0,56.10629527286495,0
6.6022146783834845,61.66294232370565,9.410528512373922,75.95122173692832,69.77380741147536,1.9586072252457263,4,5.112258907394545,0,73.60355386225471,0
6.367669032645009,71.66401717033594,9.392142983565796,93.52603433333624,78.28033222026673,6.4648270952285,3,5.400136326925632,0,67.8649624247338,1
11.386067327960994,73.20111460263814,5.476738841780019,100.0,100.0,5.425716630452208,2,3.2387857489176675,1,84.72615011847246,1
6.699600049135815,72.04029626149502,6.658173567427141,80.014916295239,64.02096224848432,3.524464538691798,3,7.969793660820789,1,50.60790219902493,0
3.9918908063159795,81.91889545021647,7.143411316168867,71.88314330195502,55.82323994227801,2.7401594700107457,1,4.091909785557527,0,71.70947399970045,0
5.809071505821854,78.39440390498203,5.55947042178683,72.46426943528161,96.90630203652212,6.3228656987665035,4,7.37517989879305,1,50.922353750327716,0
2.4475073330670964,74.44713897398964,4.367346953093257,52.0626260364547,57.06881804681422,1.7975273567660701,2,10.0,0,66.44389014551864,0
5.838800501406478,84.27962626552635,6.684463594334632,78.05803323068491,73.27684166180934,5.59928237488761,3,3.253327892371244,0,53.57380017447005,0
4.333887885998482,97.2307471764625,6.51838085581113,61.55946982923234,84.13222951540016,6.687100818337788,2,5.684769799742593,1,56.24081150283811,0
7.8307805511203235,96.39256516741753,6.417383138516837,89.26083587356642,83.02233020603026,6.099785772833247,3,4.736792723488161,1,69.94230775842087,1
4.90091945080893,60.77228227937664,7.334074093901447,78.04866292878803,68.49131308516237,4.218520451283119,4,9.06176310984566,0,61.51560550529831,0
5.7664681684095065,85.77072183835139,9.144279487788989,87.36294540256364,84.50683757168554,2.5012510310501717,3,4.4386921450298,0,92.00042250301166,1
4.728884317191193,78.21976709936162,6.545360920462411,84.92367144112424,64.36594791698366,6.17403847959038,2,5.497382955036172,0,87.68747194648535,1
9.477702703706662,81.55155342865356,7.255664498082044,93.3311485022108,89.40100882871496,7.401046183906841,1,5.453736639022654,0,82.07128416480724,1
5.357514467764177,76.01716966457451,8.090305785617403,81.78171841821158,49.60752265297789,3.8545332905139187,2,4.7992024601043175,1,81.77433191342432,0
9.665114086958404,81.17588629887203,7.831214389769123,100.0,88.62570138792282,6.013816400585719,1,6.51094753573369,1,71.95395856696483,1
7.628303524236533,81.51407396072018,6.078364713328237,91.41970477934251,76.30954368552307,8.163030237463618,1,5.186792800910089,1,89.57194040404679,1
6.9641334546707725,74.21048242651077,7.144565684671054,80.02607316384928,83.37046768271074,5.67769419288322,4,5.963703476090163,1,65.58935823740022,1
6.737466294635039,71.03632452174818,7.82130973025358,73.40665334853409,74.32021511053247,4.206239710244425,2,5.4272054097139275,0,100.0,1
6.787594596432503,75.51304317380516,5.307472993733834,88.9579918728281,100.0,7.081707080126316,3,3.7909245485787233,1,55.86712770285692,1
2.14465484130878,82.34259264456766,8.895308516194762,43.6546485846134,42.291639745504625,3.524878051684375,1,4.46207588054958,1,53.067616107134484,0
5.442233211698487,85.98996341684264,9.147383357821166,74.53277173280932,86.65986613876498,2.403615969893954,2,6.11084570548592,1,49.07538748083854,1
7.690315942368644,88.53348977340147,5.91582961683326,62.915269555357234,88.33942520548736,6.62464238229196,4,6.102720603806692,0,51.68700041140198,0
5.902205633051789,75.05809976933088,7.290505027522253,66.14700393167631,83.48097415543462,4.187675473032874,3,7.490018097623389,0,45.55966251705579,0
3.18962030639285,82.83844567302737,7.963417385006547,57.17676214749,66.5979177857158,4.3669579719926315,3,8.718488295677338,0,73.21144788068835,0
5.895191098845061,89.62502591953299,6.181578765506871,90.44319757051815,53.188791289946195,3.7461187288978572,3,3.9578622455179815,0,82.80732828803332,1
9.408211032510982,91.65594895144127,7.7224207685321415,100.0,96.33373940530032,4.0543652088918325,2,5.269748316559278,0,70.51206116666673,1
8.493783431069438,79.41167145868478,7.244883439438248,86.92957031692477,88.34041921407831,7.806066855053731,2,4.613188380896387,1,49.22063636832804,1
5.875991981267936,77.79068275060388,4.798122733541799,86.6736578576372,63.926170940694945,8.324997531567334,3,2.7853847252022472,1,62.95480775921855,0
7.902898554116173,81.91124233836392,7.688741973967837,98.39072240438483,92.01365169685572,8.589957272289219,4,6.129110277608843,1,82.62228925426166,1
5.266985959263897,68.50292527102594,5.349786375593446,74.72828131257228,88.7673189143581,7.1802412423550255,3,6.555674328011711,1,64.87106832454513,0
2.592256826346562,78.06390488964492,8.40880427749307,49.11750268959591,28.823504519238714,5.932542519546475,3,2.84601754762697,0,58.02427954923178,0
4.1510680237408915,87.4458639847313,5.993183387299167,68.67621701804332,59.56171138402814,2.1354288161337736,4,4.251001321649362,0,47.29323504598753,0
9.125777537016395,86.41947129443702,6.7580718495082825,94.64996363336061,82.29700358096214,4.6249505941993005,4,4.0558209551413125,0,63.65884389379098,1
5.452013836341392,77.29732395636111,9.058418370169862,64.93552527340469,73.42986128042529,9.313508977247375,4,1.9831505935496638,0,59.46156068568512,0
5.513232041249964,82.17718201087166,7.744572469793268,81.2366281355495,69.82317941599982,4.128756842494692,3,4.927245339669755,1,68.70440267733379,1
5.400323607450239,71.75349659709312,5.380789120638182,79.79973658027475,66.34516951712965,8.02828894954455,4,2.7095166471228618,0,77.1456910401976,0
9.808273179146013,87.03492148225025,5.477625143801374,100.0,100.0,5.11007163806109,2,5.317987382510653,1,65.7629303148099,1
9.251917830724127,79.22178563863527,6.101045817064412,99.04882012529507,100.0,1.0,4,5.538243049919581,0,72.77210794578501,1
10.437560466896269,77.24048548303861,7.5919661250349995,100.0,100.0,6.280971127337926,3,5.7860455666094515,1,77.08007724261904,1
5.681909579199897,76.38276163906613,7.537449722399153,76.61626761726917,66.69516699051351,7.532509392356623,1,5.882644355459759,0,51.552865728006125,0
6.59124897749419,79.37106133100141,5.735346543005696,84.9740959611805,61.33873834678445,4.902008062718911,1,8.06188143319507,1,98.29061945672413,1
2.9667149011584177,75.52122355068042,5.249185771578461,60.85617166333677,63.3922537477339,7.466102008970827,2,3.3827077183688186,1,58.87858588724137,0
8.95386885223655,86.58143036002564,7.422375107628751,88.92435210496325,100.0,1.6643449711658258,1,3.4830363679655267,1,77.74834374558772,1
3.66444089746413,76.04716451983819,6.727209901314757,81.7047007949414,70.12354505519207,2.228871472201261,1,6.3103277943522835,0,52.96023599679659,0
6.433551127525258,95.92964096027382,10.0,61.73006862236133,94.66477716045466,5.409728616171375,1,4.736036949368572,0,71.65213920512484,1
3.805394944734312,94.65210503481381,7.054905484844618,77.7945746152142,60.577502962384685,5.954229455635064,2,7.2506532141165545,0,72.20097931859165,0
4.822266346522608,71.08456510145496,9.721379241550412,67.90592297815644,62.83785368140437,7.713157737184558,1,6.123377584732089,1,94.88648973056672,0
4.325475137900599,80.6970426942928,5.24442460284349,64.12699391307179,67.10720990141672,6.277848933497122,3,8.836222656585722,1,66.51071492562211,0
4.7842494786483645,73.49343378663805,4.640180590657439,76.5370222338959,65.39996499822131,2.612741821269914,1,4.817343100454618,1,89.49204323791541,0
4.921754593702043,76.73352436811389,5.319872301211698,59.71267684500019,76.1614677756157,5.426091244148772,4,2.035920856026831,1,74.35687404095917,0
4.903462410149846,100.0,8.7836946721802,66.3570813312872,79.11845224093398,6.201454890576298,1,5.681322839958293,0,97.78160527319118,1
7.666667823560614,76.924285828842,9.6341523845403,79.84194265267314,96.48084358708255,1.251532002605742,1,4.856651684171843,1,43.2985104957953,1
3.79027441387496,83.60226037077429,5.826730819071049,66.73738948752384,67.84757319129366,4.912733060523969,3,6.068974973029142,0,77.23253773515957,0
6.441082854027734,85.41321294008279,6.309150955360663,74.16403738853178,81.1047203909194,4.3288349121235505,2,6.325214373350408,1,30.0,0
8.435918304611118,69.9937062751676,5.24652863468125,100.0,98.5597767201752,3.69061385250851,2,3.9309029698081543,0,69.12895795113917,1
4.973607270973208,71.44904525590795,4.28254022932242,92.83820151984557,50.21172454931204,5.997554103505345,1,2.9819886829496896,1,85.31488705572204,0
4.564162218504796,67.93977628591881,8.077617546664944,52.60087586504335,69.49068083436819,2.7006369468841522,3,4.708113299975228,1,91.6842531805083,0
5.538950749639499,71.14029266102223,7.334530454443245,83.13798079585484,73.7584850695415,5.833759024007299,1,1.0,0,81.0793683040488,1
8.35945041672142,51.49969890682818,7.015731974010813,100.0,92.28750646004407,6.118982258417789,2,5.161334517572436,0,65.64156685672357,1
6.388215261906716,85.44582400793628,4.89991519425493,87.37092833344462,77.45305610889798,7.167526620521947,2,4.185123849727672,1,78.17693256387153,1
4.937571410784803,100.0,9.459935022742991,68.10672212300707,73.94398339932498,2.7531614744147905,4,6.723350088985361,1,100.0,1
6.96775330237608,81.47820739036527,6.244964892925791,82.39781089029498,76.06049059891632,1.9895315632909054,4,1.0283029329137694,1,71.13068035889101,1
3.7954157003271534,65.83731140659393,7.800439637224714,61.49433195385881,74.06772849649923,5.557807214678023,3,5.012690619601275,0,84.41554653436141,0
7.362719020885896,73.57223617100053,4.818157892132914,82.6109547928412,88.9128118994501,4.427457532264596,3,8.152448569434279,0,63.559715657274474,1
6.817214615403535,75.41123154975003,6.714212215569944,71.98642279034591,82.41014627125982,10.0,2,6.350802655902037,0,86.05641705558845,1
5.384383057722232,69.82415222786625,7.437061684357876,75.77402707226565,65.3311326399722,5.916996952485864,2,6.961343991375726,0,83.59083937517784,0
4.322828403105538,88.60182638395156,7.4906128270799615,56.586124902476996,74.09013927071227,5.116323423408363,2,5.679467045259895,0,60.842294999869836,0
4.226638155433085,88.10260044375335,7.231972814854938,69.13184523488405,67.42642591754341,4.654344088647169,1,1.676931860198681,1,81.65959182405385,1
7.06963467269182,68.4454820618234,7.741783738073159,72.86235647246146,74.86297410078176,2.563876309121102,4,5.333058346204955,1,82.37175838432509,0
8.457961004978124,87.25081044447508,5.304219315950558,94.35796864280465,90.18115060573635,6.127763105909194,4,5.8169787201280085,0,81.09914074402514,1
4.725384505942411,95.26812663577266,7.29605890815949,66.83272692028315,74.64313322806686,4.841709947458404,2,2.8435509116184523,1,69.38281087340481,1
6.916773407102968,99.02558205229559,7.1706365252204165,87.48967051426021,87.01637583081606,4.84337263314113,2,4.746892313281333,0,88.43638386707093,1
1.8259459627958625,100.0,7.347509026292592,69.94553709762714,55.82576545485673,5.18888665099731,4,1.0,0,55.97612040675019,0
4.830764538685601,70.98007350556803,7.1085178259787725,90.0482920544751,69.90990114952437,5.442425059834491,3,4.3318036481163835,0,70.14622070322106,0
5.937882134258196,100.0,5.0901808391299035,54.409364781086076,85.88548813856815,1.5214887081649566,2,4.1272481143673945,0,71.67103762925092,1
4.1806331660363325,76.45793611491212,5.023300371836539,62.561224891443835,77.4617640343341,6.674046012741863,2,7.804478711226697,0,87.57059413639303,0
4.126987250420808,74.07534544619486,3.6785977211731726,67.60407548098391,72.13514965928026,3.3071112503681546,3,3.7935537947426132,1,55.50287159721995,0
4.664440887062227,83.27072374877845,8.226301764767946,77.92548261912597,62.11213257381629,4.723935605062746,2,4.467285882809042,1,73.61642714362654,0
6.584385456652746,74.17938665906988,8.241486264602798,66.41838224171843,68.9256955670113,7.5718098413305785,4,4.841542445446383,1,62.61500433912165,0
5.6253419631872505,83.99044140646527,8.26532543683318,68.3057857479341,68.31265410940756,8.558897184540228,4,3.81935995213924,1,71.64179002098325,0
1.5235375333500558,66.79922812262699,7.460184943692178,58.921259693321375,68.67779267986757,1.5990111227472168,3,6.4395828436643185,0,75.88440026666527,0
1.7585996947298677,77.61247397936566,3.8003211734228337,59.641880888916006,53.36855730665274,5.060489655349298,4,1.0152159722862395,1,50.823604889827195,0
4.78626964428565,92.8558223436168,5.4599342623221006,77.70753228562918,89.98203614097775,5.5458263703320725,3,7.27315340828826,1,88.96090689809184,1
6.915373172107104,79.42938708568845,7.2556231263896676,89.01362312941669,80.29025559676826,1.9849399476171072,3,4.976243763368261,0,76.41747014498529,1
0.5049903145495307,81.41595786739883,7.203277004187693,55.91089590390628,40.44180518236797,6.60518272883633,4,7.603294269590853,1,57.12105971003517,0
5.000539647696739,84.75258604717311,6.665877680271969,76.93925140479863,69.2626725197397,5.232525354828346,3,1.0,1,64.88231195749857,0
4.947504286965158,91.70661629317661,7.5533758043623695,75.29491916808946,68.7632849212579,5.388319191389993,4,1.0,1,92.41294709741766,1
8.776675556416896,63.447752878105675,7.017477561527868,100.0,84.92354421982412,3.1648941633161303,3,4.416042880828999,1,76.23776404409732,1
5.229956376574273,85.84524051837435,7.181155698327043,53.756555217229106,59.891255577778864,5.825773286762697,3,6.011830776001121,0,55.52680384724463,0
6.765977969481857,77.31860860758236,6.041402000751976,99.27322471712162,85.60923408869976,6.676447912779874,3,3.8901345679936514,0,58.247423592533664,1
6.282514280174927,81.66637895311838,8.473016479182386,59.36775089207139,88.24409285702319,5.2545957674518675,4,6.167691660165031,1,79.3718797369692,0
1.7388670403855988,90.59950169762377,6.3538425869794235,47.902717032883075,74.88301524897761,3.972128198073893,2,6.962619514885926,0,81.17193161696918,0
7.536414433263475,68.05813348588156,5.00402637546906,85.41446419981594,80.88135753267062,4.127861363907272,1,6.331999094042736,1,75.44298154457175,1
6.430793010912576,69.87355558556911,5.8435014807719075,88.8800939654613,75.05820319683471,5.440791414251931,2,5.206537008760162,1,65.62805154780573,0
7.016537279349179,60.645700402861934,6.47730071295703,55.13001748874973,74.3869307315849,5.097594756761259,3,5.191205699308113,1,82.14525281442539,0
12.0,74.50841058236223,8.49100418255327,100.0,100.0,6.80964423823879,4,3.770409827223232,0,65.32163577304458,1
1.831774121002823,93.30432344378816,6.936598002347811,67.08282099917146,59.140519273979585,4.039483424951668,3,4.889251351592445,0,57.17962912082639,0
9.449393299522217,78.79412811526531,6.720777671551526,100.0,87.92701397838803,2.56323879451835,2,2.951538225530546,1,93.79921839595924,1
5.425104961199289,66.59875104345214,5.127004862856059,70.15222822102186,63.528648897466304,5.718772154641006,1,3.4305410652778847,0,77.33194216346085,0
6.574657808806019,75.14321255424953,8.178223884744364,79.86493617447977,88.97309443879509,4.044940294002593,2,6.028728399093509,0,58.2281363238518,1
5.908975509397516,65.12138296509377,6.0220717689649215,73.3833962580613,79.28581456846918,6.567363898072734,4,4.0742377369373015,0,72.0138285501726,0
5.151527333203913,68.74813898268839,6.849958211587996,71.83089013075872,78.49305112933492,5.015077260915201,4,3.524876211661334,0,70.40941664500417,0
4.860334143522483,83.88818910263713,9.220274615322797,63.98340521032806,60.334320077745765,6.3096264087296445,2,5.898462026369986,1,64.7512375997947,0
6.659017471146019,68.26126673693972,7.763144996573956,74.40256573102091,61.17685618777405,2.9713659065384244,2,5.759799313860834,1,73.50324816143471,0
2.9656526066566418,91.12634305203302,4.557618928427239,69.17203225356688,49.044265473138154,5.286772526459642,1,4.5694008291027775,1,56.0720850856374,0
7.501158335043531,79.28879709169664,4.345734645471292,88.82194540794507,91.88461731037346,3.601473585232167,3,4.7021291385567245,1,83.10460198852391,1
5.167611190229492,80.85594703944525,6.9035343248211305,80.7539210270522,92.11624692772585,2.5592526938475597,4,5.831895779759814,1,69.90758240644519,1
3.7398613219192844,77.21627032392107,5.180889077687793,70.83945050660479,58.14452803623962,3.2777842438579694,4,6.937914232767781,0,45.85818515307829,0
5.099974284008373,87.72847838543723,7.972820121449496,82.54325743151782,93.35840452281889,3.911045816448282,1,5.402171318307523,0,66.5777169112087,1
8.514298433725145,87.8315988777701,7.063394597447469,100.0,99.38398827726775,7.489389054047704,4,2.615932179245775,1,60.76200283231816,1
4.929329825967554,83.35054351912171,7.248077153535794,57.22948293117673,55.64565593871706,3.858119201014681,4,4.557145014473098,1,30.0,0
6.716907236419241,85.64789105907649,5.93988522753647,75.04143967795258,82.44178179662576,2.4569194994435537,2,4.185700324413166,1,67.66278678425522,1
4.538087448569053,77.87910330079575,9.61207548293006,70.37667766794488,75.86826747553293,5.262954844993338,2,2.894027787251108,1,85.55166767116752,0
7.515843699847239,85.42203006909048,10.0,87.35244324436279,60.84023321355657,5.058361321355349,1,5.995865531204202,0,68.38277519546826,1
7.371015477580408,76.62122224526193,6.582122914364928,80.1541716497217,90.67060444461626,4.015893975979604,4,6.149705158790668,0,80.62216082685971,1
9.697217666592824,80.02231622162402,7.529558872622501,100.0,100.0,4.677553068307747,1,6.452416843411919,1,70.12742526065009,1
5.648872109001569,77.25356250633702,7.146126014596469,98.04384422791384,77.88191389532085,6.952454171993142,3,3.01817409183582,1,63.15443813811943,1
7.337309609515813,75.42781460680804,6.610469704838397,88.54816760339641,83.40664555028064,6.341411530798354,3,5.3149018741583465,0,59.025977812348216,1
6.196135079077889,73.1088820227821,5.751894298400805,81.82408571737156,75.44754464445326,6.168460413747463,1,4.987449534311746,1,50.758078684198836,0
8.591743563726029,84.67690103858885,5.372548018779284,100.0,89.23723810543795,2.6326424309595393,4,5.614806186683771,1,83.88648139294212,1
4.562335224782539,93.10605912813463,5.296604101711713,54.15327857187834,55.614213311024145,10.0,3,5.259452982996386,1,80.96123063888723,0
7.490010625754563,91.71101971669559,7.607860038323718,87.73474253315692,78.0648254354777,7.102504420548444,4,4.974908110167388,1,65.82562464298758,1
5.610605407766637,67.43434664054564,6.220488282694547,87.84338529350836,69.49769199007822,6.034057126381743,2,4.734552481050905,0,39.63601880189739,0
5.871623645783004,92.89203051406874,3.1325607247892044,72.92657825690391,76.36468533695546,2.671376451205581,1,7.21368122005104,1,77.08125929562307,1
6.183504968896746,76.81841498382072,7.667287330897484,68.65191904546407,71.53288223680981,6.895460225468215,3,3.276371984961428,0,56.42834380187676,0
6.504480792853355,86.00733015145592,6.942608076303766,80.66434786326899,70.33559233214083,3.9977429794013437,4,4.653658258469902,0,72.15823560242971,1
5.767541913756084,70.9378466795279,9.020009502101718,78.23085523676122,82.20296007379496,4.611458390728069,2,7.162741333611921,1,46.881296168563125,0
6.429426366341053,81.41979913874005,7.559683595636514,73.06060901255069,82.28269791752487,1.638441447881434,1,3.377888151937182,1,71.3799847744564,1
9.156236115124369,83.13723182896908,4.781989605534554,100.0,89.54512132285055,2.5170338281189815,3,3.479824144512026,1,68.03024378411236,1
7.970899371230437,65.15395208080348,3.655485038905028,85.06753304607273,92.88818094225849,5.87709299765427,2,6.4678818889036185,1,33.854242155218714,0
7.738309184993793,86.08267166344189,5.920791423493094,77.15495241070327,81.89827617310341,7.01246935054098,1,2.1521723187059147,0,94.26938041654597,1
5.088920947952259,93.45935007838315,6.062338868959521,74.50839154905518,71.16417598259476,6.36980883959007,3,6.321262246052988,1,65.11458278132352,1
4.221518343543352,78.25352054318373,8.414738801500249,80.18619809476166,75.07955060848877,6.3016379934858975,4,4.020730841506073,1,66.11091876669194,0
7.9106011164755055,93.60168130828013,6.98669360156564,89.72714807235984,81.42619576719039,4.870467086080587,2,5.820001231040845,0,78.02015456744962,1
7.752093585059589,78.10306506547593,8.700532747147763,93.61640712573796,74.7884454320201,4.1865859692675755,2,2.558530865888747,1,69.23998602713598,1
8.945341351501964,88.49584531046617,5.012750416446048,86.01160081417825,92.22070227879837,5.577790287130787,4,7.370152533116737,1,75.45969979954204,1
4.792038748061541,57.814300340489005,8.447896576570672,88.83707820434284,55.11758232651463,6.642816646200547,2,2.565522700220914,0,52.83426119473981,0
5.540902689279306,100.0,8.08148373014638,83.32162372558096,70.47093104216609,5.0097245098671825,2,6.449900707093308,1,67.86727661743028,1
2.7210316749491317,94.95458245242958,3.9726488328532055,74.08217406352176,53.51981525656022,7.42050403982681,1,2.6490752324480296,0,41.36024220858448,0
5.215057787878254,77.15374495746322,8.983926761891158,79.72689526414297,46.653505488213895,4.569861472367984,4,8.616601742178126,1,66.43529246216069,0
7.993141021158895,60.279109733561825,7.140187737649529,98.2145454830823,93.26519776439847,3.039442129407898,2,4.857236436289742,0,91.67601829689997,1
5.067009241543604,82.8802836830549,7.588066755802759,66.60452061094574,68.57515778244843,4.979275515917998,4,8.901714189993967,0,47.410202185093105,0
7.280959590401648,65.56074452926244,5.702655831357366,81.49069378511261,95.50472207012925,5.2119445565191365,1,3.3622250251786805,1,64.7387757166056,1
5.618993788004377,84.44853537557488,8.91287051938296,91.5597748955822,75.8692825259671,4.835939865447181,1,4.114698607902409,0,38.14102890406121,1
6.648114056443121,84.11565719164282,5.221221506141696,98.83798975505525,87.2447700418142,7.561311121764522,4,7.421438407464338,1,70.1192017065818,1
3.7046172203686654,70.58596830997975,8.24813802756092,57.05243010465256,74.12809085428242,6.610603961448078,4,2.147607956449768,1,76.99261894943945,0
6.170418899267802,91.20967023614378,8.230911213863006,83.34945517497714,75.70534256789935,2.1381180227565806,3,3.601466688260116,1,75.7521361349441,1
0.017728058198553498,88.05574702806173,5.538748857741667,45.77920228614049,40.098136460552304,8.068734028396571,1,5.990136859378664,1,60.97197887878293,0
5.62620768367603,89.75823337288563,9.975060399133861,71.16072372473153,58.02181386815387,1.0,2,2.962438846607334,1,37.83745339371601,0
2.7390535125697197,80.08857703668896,7.347292720326279,66.5436645164031,68.82969852776074,9.302048745704994,1,6.043634844038089,1,51.376616814172735,0
8.411989033093633,65.84475933086293,7.980838915406537,100.0,89.01496020134624,4.425388972886247,1,5.340808770043436,1,88.84713294008378,1
7.554814705529022,89.77872272211138,4.709318806996366,92.29069826048706,75.27158272969432,4.620864526697,3,1.9727087525156315,1,83.18468632156303,1
6.933341963932162,77.29628600864208,10.0,81.47158532047047,88.99727664846725,4.87996752205272,4,6.935537575966933,0,68.62990828284497,1
9.04201245431876,66.1021985680733,5.163164589662365,100.0,72.45426280627004,5.770410865680361,1,2.4751338136108623,1,72.43439821936848,1
4.102166958350326,93.52039365974326,8.537329649148896,66.91107305594261,60.320259521370176,4.999473597466314,3,6.542558193945874,0,54.585718520314096,0
9.494726395831115,100.0,5.507842423102457,100.0,100.0,4.733209622325465,4,5.256950796488562,0,89.35949355866032,1
7.864383128520769,79.58751871020797,6.071516795728476,100.0,82.80908025146556,7.617836618712371,1,4.089975070588516,0,59.212757166085595,1
5.526889425562108,100.0,8.18313106582817,56.86285053480226,65.98211704388683,6.131192159501699,3,2.7891949500782323,0,76.55913644367385,0
8.271240294365889,80.9131472861135,8.541329070512736,99.32872445722978,85.46589379506582,3.0823922912584774,1,5.658538650816299,1,50.081479990954705,1
3.7874129751767316,76.19544095833649,5.093073626328847,53.546515660178976,42.62518520637465,6.481347828671449,2,3.254950413044946,1,67.32689937485569,0
4.350971676944653,73.69541545814522,8.635708253585491,84.03813549016787,73.26061437949825,6.0482140063666785,4,7.4159069521051535,0,88.72655907971588,1
4.782820553520599,96.37082407992742,8.567470742699792,67.5438466688744,67.46806290135446,3.909452548837562,4,7.488901218606799,0,55.79600353720174,0
4.9420445838719695,72.19856118612228,5.593069886732661,62.53350914329501,66.9290214032842,6.584276852724322,1,8.284068041971993,0,81.24036131055507,0
3.8868847144794945,87.35269309974987,9.397971390386665,76.38711584328495,60.63462212278655,4.68485479755392,3,5.561794874150617,1,53.78850741722252,0
8.44616613419065,74.40836164940792,4.814713557627943,95.87253130237735,90.81779478978974,4.556653055749798,3,4.191380389003248,1,56.47133453098487,1
5.482291199260336,75.39693237425637,6.062841125833577,67.4195869666851,79.42812090228267,4.502173765134131,2,4.406194838658686,1,69.86537088665494,0
6.7050099367137594,90.30249693969567,7.718503936137983,70.99505211188486,79.70942420829007,1.0,2,4.259824834395491,1,84.57460168470901,1
4.859297267172639,76.19963153710647,5.71965057294609,72.42167146095038,55.539418121237716,3.946601334130797,3,5.496011076658214,1,65.52721536503219,0
2.3587933989029657,75.95204620579707,7.395728628519011,49.753097492802866,59.907921608858466,6.426346484251202,4,5.873214511177205,0,79.27862926212114,0
6.540114716782844,91.32804697174807,7.361614118204943,72.08584385467795,84.22638521073932,4.955177514192474,2,7.463128732033796,1,87.1620292410488,1
2.1754900491604463,95.97397293221623,6.71938859511592,62.033658150016564,55.108210277127284,2.429627140288501,1,5.040246831192063,0,58.43277124136853,0
5.862731907829063,86.44689803284233,8.24860080788584,69.65494319659435,85.92880451658758,6.929262510384075,1,2.193545338932883,0,47.12251606509891,0
3.263369922334379,73.45230224376051,6.657458811013541,70.58224251193732,59.884006298135866,4.402799680913208,4,4.185158147076196,0,64.6672676292235,0
9.974551998461616,74.8939150070242,7.347311603220708,100.0,100.0,2.556849018676954,4,8.111703560113046,0,89.0963275109671,1
7.822725444349444,80.79915263740037,8.719707816231853,87.62807307274139,100.0,9.412024923342031,2,1.8868428590559723,1,57.810143308377576,1
6.211507582542961,83.20930061925658,8.18602931503876,82.35904853257065,83.09217435050259,2.8936548110244886,1,6.478299920802764,1,85.22424607961119,1
8.527413355309337,70.12134089860228,8.179025936221313,100.0,83.68514391307664,6.75898302257142,4,4.218853772833119,1,66.06249203905612,1
4.307368045068529,87.23037939579864,5.2762305966748295,59.66082905156917,64.53635108538677,3.461371798290791,1,3.233071379200959,1,96.3431812483588,0
7.086958757340186,80.85513329639599,7.787188863251982,97.34714573850835,94.91031288462486,5.271653669147644,2,5.7912220982242495,1,100.0,1
6.399620867437427,62.84291681361871,5.682251813545743,92.70668031631196,63.42144654392949,3.1956380732636487,4,8.121906051245531,0,85.47193770702998,0
6.52804016266734,70.7107351753927,5.077877530332961,91.18337420507453,75.24870429421796,2.5213916374526826,3,5.680888353566342,1,45.30095782935172,0
8.544707000213535,74.95871326348336,6.892440480572548,100.0,87.83859363681377,6.044405089342819,1,4.474911579917522,1,33.95157112183106,1
7.464984205559604,79.27142311158946,5.643557220022615,90.13067068738421,76.13779922982029,5.810581090268801,4,2.407901520787262,1,70.91765844488623,1
6.577447325650047,98.89278795503996,8.185926578259966,77.05794167225756,88.19347345308815,7.289298888438129,2,4.802301677794527,0,83.59975012184914,1
2.6902251275434077,82.38171306139628,8.221803189542985,74.39685854992271,59.909501475668215,4.9312361394082735,3,2.335700359421118,0,77.51515008482778,0
4.0799074094410726,71.59228110101375,4.146060645352837,81.72795916433432,57.368860890641514,9.440703588252983,4,4.38015155715954,1,59.146105863890924,0
5.754582132808552,82.20630804307163,5.757546190634665,89.82604967897564,80.5826219992097,5.536693334874071,1,4.873884703216793,0,47.71021461895253,1
6.186744748553302,76.4791225254612,4.810319992123002,81.37874456595887,75.53630614463763,6.133549362474424,1,1.0,0,83.94686442147469,1
3.7395925506521523,83.24758239533541,6.306056085110664,61.53601761712749,53.53560957168949,2.283141509785543,2,7.776644409175773,0,97.87897679451923,0
10.823353351156843,85.80567687035615,7.682763504803237,100.0,97.8109360045124,3.7718313697549384,1,2.5229570537591233,0,59.94916212209296,1
9.032788110507145,92.09230647223939,6.6365678527324174,100.0,98.55723941080227,6.0393594010319545,3,4.6280815976586105,1,82.37818970629918,1
7.204236640784967,79.75713504329974,6.1153611389992975,96.2647011025245,92.61551862992819,4.8315444751728345,2,6.067666491625033,1,100.0,1
6.144073722567489,96.38960527599833,8.950264790219709,76.4236073420915,71.99676000585707,5.3753662700692715,2,7.617099436358358,0,67.1541939619383,1
5.575582060197696,89.08022662536192,3.542714241105567,81.03163926226239,78.8979056978763,3.367012488571613,4,3.4156939872543357,0,67.45771490352831,1
4.096163079955529,72.92560455187812,8.855307840277337,57.393032354918084,80.394520055508,5.243893946943243,2,1.0,0,78.39598058767612,0
6.154961037037725,100.0,6.183567560266772,90.62430621524715,64.34106065852382,5.237091783183472,4,7.157327432022574,0,65.73472750389413,1
6.515505080285501,83.26994513270098,6.882836484830816,74.74443783417686,82.64972921009925,2.639129960229522,2,2.5010102271475807,0,90.08849479358679,1
3.5164788490367513,71.64875496027764,6.208954993419837,75.43494784089924,69.40543000717459,6.285099689361181,4,5.718886487167456,0,63.93988861278628,0
6.668352834489795,96.52913051230422,9.314332158308677,71.84871839854736,79.05861884095046,1.5998701061640621,4,5.843179400271292,1,69.53426447348664,1
5.6894819023505026,100.0,5.153532254792111,88.76156857609259,86.51972352265949,5.3684761611953675,4,1.0,0,48.36333368651139,1
2.184384884245218,79.6697473628044,7.0176045545829036,64.1402763214538,75.09467968808416,8.531185387651,3,1.7703264569111208,1,66.46624725066654,0
4.279229978440997,74.96349739624404,7.791157977789995,63.58257293603552,69.108933354509,6.361101075638164,4,4.078377586565729,1,54.88630510847864,0
5.172788933156712,78.27625042546337,4.583495848172249,82.7775084765888,68.70083627616027,6.348598492074208,3,1.0,1,75.19095996850096,1
9.775375314680382,87.147317275177,5.6201527443307695,92.9732596553486,100.0,3.2051466501026304,4,2.3238974474851744,0,45.03651717717638,1
7.113106249067516,92.77856655030514,6.7777321997526565,93.06108161978887,91.09932609818411,8.538124106305721,4,5.245757120253335,0,84.69831391852836,1
3.3290368618002173,85.70487330863574,5.670002447973438,63.90406955519387,34.78591162161946,7.753436189204577,3,4.823032695817463,1,56.93240448368823,0
6.972072578835274,81.0172320847177,5.776612343171275,67.64989163787973,81.80507991210051,3.312819954208866,3,5.605308861288544,1,96.76193050292667,1
2.905392022123269,94.98011770304427,6.475206005385344,54.70279770580697,53.486357465348476,4.050473516370246,3,5.898441957457704,0,90.56136090078238,0
8.165382107774146,76.87163526948478,7.97437199746926,86.52276345199789,92.95934956178405,7.509312089853376,3,1.636340866040773,0,78.03468203234249,1
5.057750696364243,90.30919338366907,6.485923334682783,88.97064371930699,68.40992137524755,8.592294756633516,4,2.4303034731747215,0,46.9301525309085,1
5.812727622521658,77.11937201648722,8.61763929170942,88.07507441790054,74.02460481241994,2.4706279298194236,4,6.5227323790241005,0,60.58166712598701,1
8.65159329508438,84.31022958010894,5.503363326010968,100.0,83.27743217589546,2.9925784605508468,2,8.04866048200536,0,56.555660597986616,1
3.4256728628315,78.86437435209548,5.122116609289821,83.66471647445607,67.89932936123387,4.712426487155661,2,3.065183902275575,1,58.43310354516469,0
3.2057636297740175,79.44147817347189,9.8895181085817,60.681310102960936,75.78500399333143,1.0,4,5.517811188193914,0,93.65178303794724,0
4.83280134730799,76.2261348253779,6.013062808501733,72.27913813895165,60.520088591697586,5.0380903204188465,2,6.61416578662779,1,67.71034313453684,0
8.076757702038634,93.44854031180694,5.03363198939176,86.2709892668878,74.48999598076207,7.371487028059969,3,5.47511123437857,1,60.13204272477075,1
2.961307849046315,72.67073961891465,4.386919087342255,58.09143319222081,57.96787929255253,2.1227259675285013,2,4.5024673891580385,1,58.78135779611135,0
0.33568880377886234,72.59767747451292,8.612655180713409,33.26349692552973,41.727576212320535,5.254213929950175,3,3.7187000111020145,1,62.02243368960726,0
5.097682283182002,100.0,6.488043228009911,75.34093423574159,82.29542156029561,3.8364585900093737,4,8.970538409531082,0,77.98929239128586,1
7.103481599821841,89.77847564654331,6.6194353974004025,72.6617520619981,70.32894007514572,8.279891897507834,2,5.1924180830539495,1,45.5936441935862,0
8.400523499477659,56.14886301306964,6.76119743262004,91.66089868204503,85.02358924662498,3.860416275733898,3,5.777884062434549,1,71.47267914908937,1
5.073677275829202,74.34741260789596,8.519414327004672,96.52609447477585,48.96503126230668,8.037986175497167,4,5.648640161493824,0,76.35320249447638,0
5.177146785767995,61.88010662437946,6.730705249036119,70.79228296553289,84.8127170767262,3.8050898583775457,4,3.3751631859983755,0,43.9695300922389,0
8.307801468511494,70.49309306584745,10.0,93.48674739883813,92.3522550943026,6.54235161066826,3,5.10164204662861,1,48.73709612238247,1
2.260516600609159,50.0,7.200640861081344,70.36906686113862,48.92877046384699,5.503891236725398,3,4.3555146242437965,0,69.28438985021538,0
5.222958449633982,78.63010422306057,8.592677150437481,78.91770516782898,58.11503591189213,4.723454666971397,4,4.319704817662231,0,91.61473971066849,0
6.380847779850115,68.58058180838688,8.20785978685661,84.82908077867353,65.98032609732819,3.4189428618920488,1,5.633918282037528,0,88.0409218621906,0
6.898437442570069,80.59905256796438,6.945329019612943,80.86816287596955,85.53329365333433,5.646190842635786,1,3.1687140535293192,0,60.872953278990295,1
4.980386613618235,63.74878741117475,6.119543520969305,72.58315331747885,58.80806922570231,4.118929475030177,3,2.5904231583925044,0,91.13932651502188,0
6.068882023411683,80.8291185317204,7.49794589284983,70.74430489518014,77.45334637195579,3.620467550383724,2,6.00545012081084,1,65.20559949323155,0
1.023345293174021,75.85083721879673,7.7651480968109095,63.57717655476418,66.56952037039443,7.94544548275144,3,3.9367788147426594,0,65.07689694949583,0
4.683503175332303,95.01952965188596,6.141120927810209,56.00259931052056,64.62514282254561,6.095060454986454,4,4.309968559446527,0,71.41023254070382,0
6.9070174251089345,94.11356861745625,7.249508298925984,94.24597050936669,71.82766011090982,6.287277903814406,3,1.142406894646677,0,82.5919736970854,1
4.035411931490641,87.85345603010283,8.854307467389393,56.14007581000078,68.03254364347147,4.216802962775475,1,6.926165564353267,0,60.86502707271829,0
6.117968443179195,76.73386219338788,10.0,90.2159149566625,64.44989325125789,4.6280433058333905,3,6.048032423831387,1,64.02926051751137,0
6.893745001605396,99.85380395260293,8.281553980524132,80.93054974590517,98.56231531292642,4.502846665297777,1,6.416137570623659,0,51.27748584758629,1
5.31490159828447,64.46964722160179,9.794139529570423,64.25582111009155,85.92560627499017,5.674477825001954,2,5.774651240795489,1,75.26539771515645,0
6.340927541993142,65.96441370436338,6.055938683190316,87.49762416076207,76.40384906242241,6.283606903685012,2,1.9680860926194712,0,84.00008784944382,1
4.074534869430775,79.16216900110935,8.052823378088942,79.66034969791163,55.47427740234245,4.939497259376856,2,5.457997929358304,1,84.91937160023572,0
5.586777440607907,100.0,9.007779262871908,73.55310072200416,69.26296591589383,3.414710011638718,3,3.7817329953101018,0,49.5012926655975,1
7.220432339178445,77.97661093129912,5.655500000542006,93.30826718268156,80.36593791421639,6.521140914053097,1,3.0742857895329214,0,64.25655258579187,1
6.3139459219368685,78.16754756790718,6.271614831932486,58.718884662990845,81.71934684869186,5.066807736416672,3,6.0000964828914425,1,88.682018865088,0
4.826937460872129,65.58089643888191,9.606857142752876,60.928724406894645,79.35794805824393,2.1183272424580384,2,8.317017833505359,0,73.48253759242488,0
6.448432808581586,89.45929585270379,5.5373517163195904,95.16625334759522,68.32547054390362,1.0,3,7.986678837912683,1,70.51157126529735,1
7.429219581273236,89.53176254329354,4.988304951016434,84.90940516438701,94.68441314106686,5.595794350920947,1,6.244290037021232,0,70.15799788539125,1
1.900117442845044,87.8907520139991,9.291972360459267,40.878453949736745,57.577560785183245,3.341052402244592,4,4.939543681081607,1,78.12187820264506,0
8.318148129911796,73.70779327152637,8.795144837470659,84.60207884513905,84.8309938714047,5.862124258792906,1,4.568915358162174,1,74.28873897706023,1
5.327490522637856,72.93293231626994,7.648180365975654,67.40344788793847,61.09782417905703,3.4487633822721313,2,3.190992827113546,0,61.36921115048631,0
6.85097986648046,67.0687774959503,6.931433868031259,82.59528201767306,82.26820637180845,5.266371544990014,2,4.460533632586647,1,83.21589274128854,1
8.394493847290455,80.83872501760933,6.342213241592527,88.2649593983758,79.77107824672188,4.243196944075817,2,6.8170479191762885,0,51.95672425394841,1
3.256652605539068,69.19592670721498,7.422923310713577,68.07258031707696,69.77672412486046,8.50384162054661,3,8.646278264049874,1,89.83186636168,0
4.581117995144907,68.22583494750711,9.369710436102325,72.21092945959879,56.24788024954739,6.9006313156372885,1,3.367037386071922,0,56.56068682239061,0
5.422902608248591,75.76309283089324,7.357849189213114,90.71190559161315,78.01447758112297,7.69459380037566,3,1.0099730306566022,1,78.21834913061463,1
4.432492957751143,75.10843824815784,10.0,76.40795078595241,65.78879409835604,5.048095538238131,2,3.9382520077753904,1,67.52855573555486,0
9.469873151673617,74.62021471178045,5.653087021539655,100.0,91.21299006628969,6.644721878229762,1,6.80790822574227,0,62.85433299790508,1
4.286455812346414,84.66444596840262,6.970478868507596,83.08385030067728,64.69041981088557,5.183300155202284,4,9.14455458131814,1,90.36356383899732,1
4.888906441026267,80.79047802150279,6.440411998504127,70.55684470083551,80.13327034249961,7.939182734867453,2,7.620082413313607,0,81.1435916664152,0
6.408778063205953,77.11843969488882,5.3722876852565005,69.42511588244491,66.53009428929782,4.8548758694874525,1,7.570570424756756,0,69.11573004651981,0
3.5957009478478223,81.83012928311481,6.770374400485517,80.0482079855616,57.452640135168764,2.2050213192784125,1,3.300879292650519,0,96.17757069486635,1
5.2086385764874725,70.08472958895368,7.62599395249066,77.40161036351849,63.73439581205295,1.0027569494921225,2,3.357221252901983,0,84.6962378957384,0
6.6349065225003505,81.05278623909678,7.786345269928045,84.56804469149102,79.42326779951495,8.33662223912903,4,2.3523807254675844,0,57.91784102598336,1
5.334279191234978,81.50602492844634,10.0,70.33809674087253,65.15886622228332,5.957008948301719,1,3.6690405277491385,0,36.09477557380415,0
5.8132262822001035,64.96953140642519,7.69670120458534,72.89757807996475,57.198545269334474,6.0885137000834835,1,6.82819556682233,0,71.60290747327029,0
4.9413357751032585,89.95693754370362,8.725205205519424,83.17390226322473,59.09663918129593,7.979295684583164,4,8.248974373869851,0,90.7524708223351,1
2.971059381638466,71.18566294773004,7.099141369448464,74.70185488956844,74.20390647521191,1.6965301125480892,2,5.691034542565725,0,79.15975997492107,0
6.643186422678477,80.90309799206435,9.517083400678892,91.05416617085896,82.3264006489336,4.282797569536385,1,4.489758079980163,0,93.60945582150183,1
9.509866143294483,91.6441174053527,10.0,100.0,99.18281739784767,4.527860340769933,2,2.8665503646531563,0,61.02530727919104,1
6.0368032615668765,89.25676757713869,7.796627696463925,85.87431168043197,73.39469566931487,6.48455046641403,3,4.774969687973416,1,68.2416375416627,1
6.450528234495099,80.34333388568835,5.5110114768226275,83.56786847325705,78.1869151658789,3.6147195497982345,3,5.406252655301109,0,68.60587589720224,1
7.385445510233719,76.37500997117931,6.1767924658342475,85.1734307079588,80.01455383308851,2.59725251297042,4,2.0738558544536083,0,73.61831842465968,1
3.4613390069066017,89.47511908575567,7.422901454807743,79.40993353394853,66.03731935185026,2.579302698005786,2,6.842945857013578,0,81.51164173534008,1
9.405029316259212,86.7469497780862,7.684747052875969,93.28793787639172,97.438264440149,7.298836152544041,1,4.152172007382681,1,94.48554501391864,1
6.404657592845604,73.81634979955871,8.047637701576559,85.72308010303549,66.71526345548747,3.514935812393765,4,6.722831682202401,0,97.64041332504439,1
9.263713798178218,72.0510635299831,7.690296521845061,88.27843901134862,98.11952782011124,3.895965031356377,3,4.978160075898032,0,94.99856153319693,1
4.533934008952022,59.27644818304002,7.010477374383908,66.07667967625561,42.61618482099662,6.268996301455809,2,5.594433385774614,0,80.03621668392849,0
9.63612384511565,81.54031841683587,6.045702338196807,95.81907354700598,100.0,3.6021091835302004,4,3.596101579837385,1,64.86666264178872,1
7.550310988069566,79.17302254981601,7.601707391896344,79.7121711730762,71.20829736005219,1.5901031544887165,4,4.310769428369101,0,73.38847647662341,1
7.106080171704717,91.36191374642542,9.782481036220986,93.50891911330659,81.67593016852754,1.8365976525502021,2,6.284084246723913,1,79.82849140500495,1
6.468048908706296,83.59055093480367,8.529892908141631,68.85990202808118,66.86201742027589,4.886385206569083,1,4.7370035305232525,0,72.02602097518465,0
5.5029427638511015,93.3422919417269,7.802055924454297,78.50701005306624,73.04588857843757,5.994656860730443,1,2.7900519686056615,0,56.29308520388452,1
8.401063316947745,73.02635772083829,8.544350385734127,93.33039755316054,96.1891650944487,4.59550951229916,1,5.22314811010456,1,63.064425268296716,1
6.280719739696094,91.38150330967619,6.443403956648721,63.295602915283666,92.71258929067235,5.860885407618138,2,5.771350033676803,1,83.0206300022506,1
2.0658605928256955,74.71083620895345,6.237602280875019,55.91906475889239,36.98158700683939,1.7743249479847285,3,7.745777051344062,1,66.30249065755321,0
3.765627076585995,87.77596061792272,5.878322343451027,71.3851307634114,72.34849201622733,1.9093929180637836,4,7.305106537318943,0,70.36259773012597,0
5.6283084956145055,65.41241607469307,6.812070065845843,82.4288224110132,75.08137802746175,9.507871832588481,2,4.870728907292263,1,68.82367932324813,0
6.61999796633111,82.35135299366189,6.36699115493638,81.05691774565389,75.21331626974042,7.46556854427336,1,3.905329670671509,1,56.61700973058238,1
5.8868230222002085,60.153120585540904,8.812412110978208,86.20299715580819,82.91950318379585,6.537943783797036,1,4.543397201276619,0,67.43093909054316,0
8.437941579587326,77.32862514058246,6.287014873476717,91.09654532557622,88.26840096667189,3.680550658531122,4,3.9525329852441526,0,63.13274113642757,1
2.0977962719227503,84.40353993877913,5.795917425662625,60.62551048036432,59.76208279554329,4.523987618539099,4,6.0123224514078935,0,59.62289208890769,0
6.28717587301032,74.79031448768905,9.913865768245948,83.95241805491713,67.80035810678197,4.9966453657328,4,7.0833302452313,1,54.12536531178868,0
2.3640415492256905,69.49562371244033,6.322937153377985,71.09020403347014,47.85427897239122,7.6286922274330475,4,7.479668718588178,0,68.49095157362076,0
7.519424590968336,88.46118469295934,7.2302926858755265,80.83994293068636,94.55254807375601,5.805565532890183,4,4.17558709500467,0,79.27255152206432,1
5.811082571115994,78.96537210153076,7.676984237115118,74.18719413039699,89.72050066240018,6.051827602575603,2,3.9759472011717634,1,86.80870142789445,1
6.839219944048236,75.10429352969328,5.2949603216187775,77.50713480294903,80.68500067276092,4.664690129765001,1,4.159211150882738,0,49.08778461534871,0
4.272234078820468,80.41895921154277,8.853225654254604,68.039193232683,37.760515219365004,6.585330133680169,1,1.1359260998276821,0,94.09605690405941,0
8.558929863315502,100.0,7.955678560616842,100.0,89.36308635380846,5.604645494862546,2,2.5943752829061633,1,74.39418233471007,1
8.083449328117702,91.53502849781543,9.337576017821172,96.14449983388673,88.8249571469305,5.08804546549136,3,4.930893988122633,1,53.09456913971812,1
7.167088606023775,91.62573668187841,5.98116709417285,74.52454557843046,80.67479786921092,3.513831655627458,1,5.758543480887939,1,63.94453249816663,1
5.740965506273119,84.35546318992364,7.14868868871424,72.70035787547886,77.80917865429402,4.772856515796735,3,5.982346115765092,1,41.839213481726205,0
7.159714570590264,81.66485272577147,7.0590336324912935,89.52624509571535,78.18918814756836,2.840934592440089,3,3.4390111562589305,1,45.67362394697308,1
4.586214864025302,56.03917711669584,7.395832741525033,63.86599651079881,75.90599779093208,4.91972198802609,3,4.017779704361292,0,95.8213753303592,0
7.711111318041424,73.21019653536868,4.818077877134258,81.30215618205955,74.59953518093812,5.177822715929799,3,4.460992386721078,1,59.510485845407814,0
9.298961788647842,75.19425586797526,7.166254568038333,100.0,100.0,1.0,1,4.2377482023288815,1,78.05338576463188,1
8.141221119958372,61.25107935952467,4.860304132864382,84.57234931506,100.0,4.539320921798993,1,6.3760354413293285,0,68.33213339089053,1
4.5407950603851805,68.42584209784566,7.537501106795382,82.25064346221977,58.11417298170801,2.6482395907908147,2,2.3836517800761428,1,70.2671459044465,0
6.722834634546206,60.19163529077366,3.80702631322222,96.16740506804041,71.20100955124661,5.997278651033389,1,2.701408789914116,1,75.52040708753496,1
3.4137169124827045,79.61676164302628,4.22261974856412,59.73396365072388,64.58925461267151,6.274319487101989,2,4.403129408705108,0,38.73969047231,0
7.144780622351352,88.18765970848816,8.227823074659998,76.82427754618534,70.99647963667923,4.147320364669365,3,2.268792593324651,0,89.77813205487497,1
6.901206825725078,91.06774518624329,6.179742317207826,81.74471326381374,76.48121224332726,6.098044174243832,2,1.1990594420866776,0,68.51935011078287,1
2.260367320935672,84.14784462079241,5.518212889551639,50.415559397942104,64.58747349017418,6.182133872670122,2,2.0130456807604906,0,62.435792902299056,0
3.6764323121752724,70.36603658801431,8.906268431613322,69.59250034590379,69.43466151782127,4.540568321176464,1,4.514570823102466,0,77.02009705995627,0
5.433722206512465,60.6793484148004,7.491439325992623,75.11209191402847,92.40429665597068,8.068573950607316,2,6.26106163265095,0,59.18321804664258,0
5.398280505718348,62.43131300598498,8.308135293300676,80.59720268745475,74.09752451031217,3.549850125986997,3,6.302733068785652,1,73.12317955424767,0
3.5810461291623894,67.31017422745501,6.750636891518754,81.87466520814016,55.37789675219248,7.942731406506333,1,8.175830865078183,0,67.51901309452124,0
6.777957458704368,71.11140301964325,10.0,92.06463710122503,81.18017986875641,4.549601141633589,1,5.2033302351417206,0,80.66515165332837,1
6.502947217881024,78.40251502008414,6.093229209160308,87.40713384352868,77.51179991319981,3.3133472935480652,1,5.472401024657656,0,66.79080550222561,1
5.611461736042961,69.85835781873031,9.616743324039833,58.39682455053563,72.30319932422641,4.296903048391235,4,4.499185925943311,0,54.549696314008955,0
4.488416999683274,83.38975893668261,6.907950939850131,76.87584481944012,66.69246491714232,2.8012215445413533,3,4.596347068527982,1,75.43512798827022,0
8.097414252833127,77.67726497200528,4.518234407630882,100.0,79.2668184285364,6.569115734778405,2,9.161090663190425,0,65.94078213362154,1
9.310814226176591,80.10545711741025,7.724273118622163,66.44884596774779,98.68706290676599,1.7944620438494474,4,5.522702874510064,1,42.6850413062362,0
5.032877032306926,91.40250552671205,7.472143842182746,82.05821059129089,56.11062951625564,7.779217107537653,1,5.696548538188243,1,72.96484438775595,0
4.7756661656903585,68.1976826579963,5.423017278641155,72.28474508088715,61.48573091506101,3.128265596507079,4,2.7097713941660673,0,61.93834351122858,0
6.982415330823993,84.18704578292369,5.616671084297928,76.41412662389052,80.70570435354578,6.673306743691909,4,5.820844549810136,1,75.18634954680054,1
5.283941240506028,79.86026771523926,6.962953535372511,84.43099204164967,49.108114316480254,5.0484517221209355,2,6.316663958646929,0,57.174210150708646,0
5.7212055986735315,76.66513719030304,7.524621722871972,95.70308699944097,82.01714895549037,5.541630566099192,3,7.2206202558757315,1,51.9042465696829,1
7.479306303449343,88.8525632086596,3.2940050756808987,95.14883880562425,64.34429272222101,3.8199132574452723,4,6.260169049803003,1,87.70186446983604,1
2.1812878249854144,88.79014154557007,8.579682178785704,57.19451961231181,59.78360385889427,5.705616000666264,3,4.7465235438320335,1,82.64721974167377,0
8.636604649705339,70.53509204011571,6.258253039277534,83.74832500444514,78.8915349989504,5.2699485771017285,3,4.6611533742735825,1,69.90130620261915,1
6.145361048658683,78.17839416142075,5.002378773402736,82.17308158118885,72.8229793849171,2.0841778636613446,1,4.855838642462194,0,76.56650631503024,1
5.17701371087564,82.81211682584065,8.411599827177897,84.61676147819409,76.25338873474813,3.074999994133484,1,5.214374087121807,1,82.1562199980192,1
5.8215316915571025,77.26993251977416,6.964573030872316,75.23712819544824,96.91058534413744,3.9181757779803874,2,7.535300881612357,0,69.84715449684788,1
5.924858710041037,85.85021332287798,8.824248665173382,76.72046363369722,76.71367203731972,3.490006963747101,2,7.145279098402415,1,51.87240567396681,0
2.537597393110149,82.81192017910276,7.656928394469634,90.90798946393474,35.399321076665814,7.505621890767303,4,6.50582190745156,0,74.49203977173713,0
8.989876454906472,98.32561240356013,6.997728245577931,100.0,100.0,5.014028367694999,1,9.058419960940597,1,85.03332521812511,1
6.082651264541237,64.69720864070213,6.770905082529766,91.91454310664251,74.17672353865724,3.4426573047202362,3,1.0,0,78.8977207321271,1
6.88600426089475,78.77564010252603,7.724069140834207,69.82716224388562,82.01509210995673,4.018460351993921,3,4.079882851347938,1,70.8895575533033,0
7.9030995411480855,70.91497488487809,6.379703111786005,82.44361091280582,92.99722754576464,3.9910738329058666,4,4.977454761771234,0,78.47936567329758,1
3.9576750848793996,86.04107455439043,5.721141116880251,70.53519181893938,41.49227094021926,4.423901055989869,1,3.6555410520780542,0,66.65132604818454,0
6.946943798070457,63.828281099544554,7.914863683981966,74.72334341150079,81.7470312657747,2.849341190560801,2,3.140498550695218,1,85.66262822983833,0
5.464717818202413,83.46312710224886,6.783268237833356,93.32756207990501,68.69136800968752,3.372137778805362,4,1.565680719273586,1,90.20770870734727,1
7.693541550432988,73.69951568651659,7.050351472103509,100.0,98.37959836265311,6.533213822328421,3,4.377342775831475,1,50.557261709244464,1
1.7455451592970093,72.65838133878987,8.634069754231911,53.39227242264451,57.74440858916948,5.3706862067338275,1,6.788054107683663,1,86.7390163230119,0
5.801811399517462,65.53501796459312,6.829185088396389,96.84824306366215,58.540849169289295,4.695324906919599,2,6.547872684608546,1,100.0,1
4.794358688432077,75.34924053798994,7.0225508883126855,73.92927247496095,81.39241065408294,5.0052456346301994,2,3.4957402275185965,0,77.88382503159269,1
6.864525901268311,90.84500530290926,6.100525732823602,100.0,85.68240628921197,4.908878486849179,3,5.440490157063373,0,84.75635940715235,1
6.940088374736404,79.7481131647052,7.646109900972776,86.14730317893239,66.16811427388623,4.581737790536712,3,7.715199630432183,1,60.29355202855131,0
4.584748210355948,86.27680417874474,7.524741869020132,78.68566855506396,68.06602029706342,6.034209677414958,3,1.9598659093095345,1,62.44439744204908,0
4.575652271647913,96.64641821966275,8.351162697685837,86.87729576993515,77.80217476844604,5.886319971695852,3,4.682328039254942,1,66.8573557741164,1
5.778669262885341,82.63755584822576,6.131306744489686,91.6696798125048,62.53157685157811,1.8564740535455693,2,5.5729925816178785,1,63.963260256330585,1
4.206715545369583,74.41200427937659,6.313274545614721,76.14089838820685,79.01606663067167,4.736875628181514,1,5.020030680073581,1,50.32264141322683,0
7.683967390904254,84.6725221518279,8.188206098718204,87.00843376008291,70.97751660415027,1.9883612013184697,2,6.701266788034788,0,67.41007928712615,1
5.261585599105108,74.55703853685708,7.378319505044296,81.44925499545673,63.65724182816081,6.271154406911413,3,2.0043479406762685,0,82.54574575637366,0
0.18602356135671716,74.95577316702831,5.640672810710958,42.76827608802243,31.687433014243382,6.535333113700567,1,2.9883626784051738,0,50.52214324239608,0
5.250355886756388,64.80107200381015,8.95983110160175,77.77311662242309,85.27147263642495,3.7784422047166077,2,6.364082685391991,1,72.68697832565272,0
3.9229123583120553,89.26257491084392,4.452324147399624,58.52148646658033,58.627312784380365,4.766482089330569,1,1.5955518778099704,1,72.22675911402169,0
2.737448369078109,76.1399742435056,8.176427129895627,45.878425444587535,44.796520187858675,1.0,2,6.623535682066553,1,65.48026356848014,0
3.525146723554855,81.82098245815862,5.102181946002705,68.13000125916871,65.60298913046975,6.945579628184053,1,5.8996363124638265,0,77.44788161967179,0
6.21881694366594,69.64038071393361,9.828682774728291,93.71686362504643,83.92471156792283,6.419347480502804,2,6.4838394794107215,1,76.03988876796635,1
8.657281656496462,84.35947629715473,4.683100409641565,100.0,98.61905088692009,7.300170523475052,2,4.061420694480592,1,64.41350729525794,1
6.62636894772996,72.38058761864916,8.728375977809122,82.31272178139372,77.04482203411966,7.973088280674199,4,6.019676873426904,1,85.91335929095354,1
4.786993223568521,78.58291278298175,6.877548459983134,91.40486309959758,71.2673023517806,2.5517814140464496,3,2.655424859698426,0,78.40915640315903,1
6.911808390341405,88.77826031239125,6.450096145241884,78.8684280432413,74.96851947975557,6.7760884032768836,4,4.170990115067362,0,93.60212676407947,1
5.081819379562017,87.9075931223253,7.278094984701642,56.230770279829855,87.2389330567294,7.9586088888369195,2,5.072677880555067,0,69.00357115668274,0
4.61079926167371,79.77969927483059,7.947850508736719,51.23298336635894,79.10684715662158,2.0108442579415278,3,3.2025011508861807,0,65.1735321750625,0
3.691274663534031,62.31868967293282,5.643399246503696,56.64446391171299,72.97721627161094,4.657577576308573,2,5.436213736068522,0,66.87300920801916,0
2.4963423864965617,100.0,5.776318412247141,70.6479593651051,62.91921366471483,4.273196033541152,4,2.7115855424134687,0,87.67475316149664,1
5.22015258688111,97.45858970273136,7.9744072976693285,69.75273609973169,76.51824858123666,6.710923728382996,1,5.537301619670022,1,67.76954450171739,1
6.316106979840264,87.22674824888298,4.438985569525601,86.19012131777434,65.4530170375437,1.0,1,8.483700608774557,1,68.68534317823934,1
5.80675265997022,72.4679621840903,6.123656360211871,95.49659713569088,81.17352832237779,8.63191539246439,3,2.486668722765283,1,99.41459684647859,1
5.168066144105283,78.86407838298035,10.0,64.83936109474836,72.15104916526491,4.774925871610813,4,4.954879767448149,0,49.83282091662048,0
4.108507878606438,74.56579570223484,5.547980553116078,75.32753671099108,77.28468812114781,6.832188804034292,4,1.7640778839097044,0,75.35230190467007,0
7.216492383369937,92.63855939096388,8.721704187639629,91.47209264340691,91.3731461240439,4.8795255246168185,2,3.3340919638191657,0,69.07816378730949,1
3.36573616010683,82.62502890851835,6.121073846929281,58.22130091580312,65.69822166217119,5.984250101959348,3,6.403898343478891,0,66.24086564148408,0
7.552055827686951,72.15836141640168,7.763567717195716,100.0,68.47008699082015,1.0,1,4.138742796419732,1,55.69956056186294,1
3.9955659621465505,75.29244900875219,7.981533535894326,67.10075925523799,63.08339040679459,4.23023525439858,4,6.484820277536927,1,60.04120900029007,0
4.49512952529393,91.21188142569905,8.693435102774421,68.63811781733955,61.39185455272702,6.6955224226873575,2,5.711766717353514,0,63.87863954306932,0
3.066429618768646,96.00097846820478,6.699619259780836,86.44828027802295,60.92223695444261,5.577464693427389,3,4.870963457320015,0,77.43610768823255,1
4.997195706228727,95.28331563486246,9.98332695813228,80.21364595481081,65.82769152294591,1.7263178145464848,4,2.941174810553067,0,82.78661668890898,1
7.950624916955958,87.57032065053977,6.115995153122229,99.00603008163478,84.94429174080268,5.122849787753226,4,6.370976436995075,1,43.31785774127256,1
7.031256176887913,77.47375131197363,7.35133062039934,98.70521019965796,86.77787611039452,3.3625153482769905,1,5.608267456902989,0,51.97652566192362,1
7.95684422405607,50.0,7.367915398326411,83.27948112568818,83.41968420864866,3.1891614976531244,4,1.94391918398129,1,78.21833291767312,0
7.044285091867872,82.97160023808222,5.317047820075877,97.71963642987615,83.48162594694736,1.9586114533665646,1,3.070948813433362,1,79.48388790095191,1
3.7926603429392616,79.981712411559,6.571191617531319,63.94436056471961,47.56184314889251,6.23740524381426,4,1.0,0,48.045103061639594,0
5.338421551344886,81.39982096321354,7.242270248857611,71.24587386334146,63.706514540468724,7.22602888787127,2,2.2687463874324814,0,83.1143306060163,0
4.439601741765075,80.53897347033207,6.35181843530587,69.47800898574401,73.19804612262006,9.24028626832569,2,4.373247477959253,0,69.79042909501678,0
8.66114980807808,66.73737838050843,10.0,87.08510069094086,79.66497768150374,2.0519032165141433,2,2.8882887193046147,1,81.20607854922343,1
3.606422707147377,85.57408556851186,5.742064489600704,76.2536778623085,74.09578701891424,6.534744322452951,3,3.336666807892626,1,57.22394341336274,0
7.787395378778221,86.32216314031851,8.769136702210641,91.60908344534167,96.46836582568254,6.6663427408418165,3,7.781140315151554,1,49.14964417640454,1
7.785907740217539,86.8233878205966,8.284689719723179,84.01729455491656,84.03314708790737,3.8389906455639835,2,7.057626648076132,1,65.37019514915326,1
9.659240403432175,89.46577003573387,6.979206798243593,100.0,100.0,3.164843229181338,2,3.610663624478796,1,66.0358659572521,1
5.1806268147410055,86.04051644921623,5.702186419221629,73.15130969984156,83.51479666692897,2.8285153580661393,2,6.587075268805031,1,65.19733117387402,1
7.424644319160324,75.8997058846109,5.847617019412345,83.84251789215486,75.0550708479046,3.9452935130795694,1,7.429745705808349,0,64.14704043432897,0
10.563303673077685,79.2916315208391,6.223049051175235,100.0,100.0,5.405243191711899,2,6.2370969831715115,0,95.39333822290817,1
4.764716646132607,80.91124867253377,4.321388077080606,78.4581867873252,69.24693053999322,7.720224021013625,3,5.597854966083791,0,44.50290214788235,0
2.9299195049352806,81.07699449106619,5.494801861301064,68.5480740184506,49.81239612101757,7.210676676020233,1,7.1966461554368095,1,57.326889240282235,0
2.2399799321844727,89.9821765597173,4.776285226954537,57.56740783839406,42.74078816144475,1.7691661114626749,2,6.539035959914825,0,63.721244519428865,0
7.425424057722663,86.4366875302249,9.018812504766576,95.59823236300733,94.50147769521976,3.422313502798976,3,2.573811472885178,0,70.3597759811636,1
2.2336995838828324,100.0,7.927693588582327,58.9445564086176,47.42274285705566,7.599280748618941,1,4.622135492122067,0,80.6652084890145,0
5.255361894124154,100.0,8.17896114829819,69.72696458453358,70.5134078143744,3.537814334809864,1,3.895861837880907,1,82.98042826413955,1
6.874626374077922,80.79649582613925,7.8832479273129215,69.6929153827161,72.03749896220225,4.886171673179648,3,7.304946967854158,0,86.14785417169827,0
6.370351073659828,50.0,7.250451435001245,91.68354017828935,70.74052706897307,1.5894221307718293,3,3.8391558984291487,0,77.22181425717888,0
6.850889728368345,92.36832466127267,9.191020498193705,84.37834940378181,79.83604636949535,7.3060668310258965,1,3.4956300573803123,1,44.04968757290733,1
6.444579711601708,74.59623661012945,6.083856016402394,84.33162214311369,82.54930119685176,1.174503588297224,3,7.053364148943279,0,45.0344819553314,0
8.557731626626786,71.98516078168993,7.160004483050567,100.0,65.46279812424623,1.7143788384267618,1,5.51934203186354,0,87.20934958254568,1
4.095367238522406,76.01554725010634,8.120588241736185,65.70277387663387,64.74140142280194,7.101634121673406,1,9.223564701263282,1,86.2393977652085,0
4.646009723082937,75.53356953185394,5.018186152215806,59.486056130673404,60.414848212647264,8.840123359133115,1,3.27551695438709,0,79.54031609417449,0
4.4546811094583525,86.12269810105393,10.0,72.97121256944395,80.75171319125236,4.41877783055017,1,3.962328141068001,1,57.69595218369413,0
7.66038362372522,64.40564220873775,7.042848644166379,91.38153363942905,100.0,4.90627437627435,2,7.24393547485565,1,65.16217819838351,1
7.800797176790127,69.22279254208398,7.212984175863389,86.3754952223469,83.2119927112036,6.8165591195659765,3,2.441799257477957,0,64.01703322778674,1
6.902450638637016,83.43158554197417,8.885317047512382,99.24962897394678,64.19241822469016,5.578895629394765,2,7.639384715851776,1,54.62903009497808,1
8.366987333779855,86.22944030413308,8.372432999515336,66.97327099168571,91.37069370186481,4.2535636412466715,2,2.5850892356308566,0,73.88572950897888,1
3.6439182652472386,86.41541644936012,7.057117029094688,79.42015770523402,59.809216296551384,4.029092757228614,2,6.2204471264220675,0,100.0,1
9.334448223102275,72.12963721066701,7.195194157147063,100.0,100.0,1.866404085030033,2,1.313897947069444,0,62.56559267336953,1
9.046477243424516,70.2173435073376,4.7437772035780315,99.80009399412717,100.0,5.46588354424044,1,5.090259679976625,0,89.45161449643666,1
7.471243994491493,74.93365166212081,6.1653013332250355,53.9972044777665,93.4812136729146,4.816166355861048,1,2.260939021230342,0,56.71990426043281,0
9.56359781754212,82.39872752284725,7.77581532423844,100.0,91.51464609312615,4.124307641774639,1,8.852550474022975,1,46.95005342072349,1
2.6867535846444524,94.8547736927255,7.66583925856433,53.16942681686341,62.89818716967475,2.9963704088752228,4,2.8567389744089704,1,84.81243613691936,0
4.951103727474696,59.5256281422925,8.83174862500613,69.67859885353961,72.35668595553122,3.1989382934131387,1,3.342285982038316,0,66.71778835648294,0
4.529393078636096,77.79271243041633,6.819248412665013,70.9410387452798,69.58959050481049,6.2367538410134,2,6.070851912605745,1,89.06873134167049,0
7.442958647514686,66.67321558974797,4.9190702298537,91.28897358409318,69.07545339940941,6.763327296818094,4,3.798084742206523,0,92.06340179794566,1
3.899718520795709,63.477573226465104,8.585095646163516,75.89287302590404,74.01626450931072,4.345767687418767,4,6.399906714038402,0,65.8238805349576,0
7.514990298674971,89.66956645344817,9.154134019273023,96.50335703656782,86.16802507516218,4.135040853507242,4,3.578219642668425,0,90.14524355234926,1
8.741072287993427,85.44624574499339,8.347366859284344,100.0,91.43802025251482,3.2927039067715933,1,3.4240980867948894,0,56.85917668638221,1
7.390405800167999,84.49433515947263,6.754549493713763,89.48130104297125,78.34086985091972,6.873640087148516,2,4.944882587838905,1,56.62301302284152,1
6.567502047323003,89.21025839730993,8.566579077814868,86.99673682719092,71.46884728740423,5.061991539311814,1,2.5661389860797152,0,86.08411643874973,1
4.024253318198502,75.20281103233864,10.0,59.213729432770045,67.31810572198083,5.7358019586545295,3,5.7927327293349675,0,46.782890253153,0
4.306298067749271,75.67362483666471,7.172728471660713,64.02122227055614,48.34616038791481,5.7169402601869255,4,6.754597039739512,0,69.97661694658233,0
8.499237810593334,100.0,5.032394961632313,100.0,98.89041446006043,4.384596758932126,3,6.105993279984875,0,88.74480165862681,1
7.558698007810665,77.53428945740426,6.120572425671772,96.16558490634014,74.81113367690713,2.669279800313157,4,6.2865617427565095,1,89.75185771920488,1
5.921960961244912,87.35132113054091,7.938214000456076,86.84779897066878,54.94495890541654,3.0077336886281616,4,1.150289560069333,0,63.50998300976006,1
5.164180908468219,80.06381540963315,4.592793533652905,70.67673692577581,89.20403861006952,7.255771065294903,3,4.076704508281885,1,85.1384587679246,1
1.9483842537772462,61.51741469921585,7.2541046123681046,68.84684258832318,43.109435029207695,3.5486313702988563,3,4.545869668712575,1,53.15603359810515,0
3.8582951626311224,59.553709961987316,7.570504975473824,57.679031288352036,55.92817936056977,4.179275360503299,1,7.908905343591199,1,59.98945451472108,0
9.822838174279447,74.21015780060095,9.302682609718978,100.0,100.0,2.73121892925758,3,3.8373852233200796,1,73.45614303167518,1
3.4390888579950665,90.56101251669989,8.96529228408145,64.58673627751642,79.17884215313681,2.5678669621471863,3,1.0,0,75.66626669842569,1
6.378959642442162,87.88291656636004,8.296877187627656,98.73650227561714,62.94374206861867,3.4616700059425547,2,2.992060986006348,1,54.28409648673022,1
8.014887946390397,89.14077164224034,3.7559814842282058,74.86001881129714,78.52764707583569,8.376814368488917,3,3.67761356522442,1,97.93414983067927,1
3.490154663995415,70.12953821063685,8.381579692071888,85.08481377916229,52.11413976236652,6.316074782384858,1,1.0,1,41.83805745573008,0
6.3694209495621665,96.15872490122314,8.05827007909037,78.23246145617621,87.56454232432955,3.946422257152754,4,6.93740504141175,1,70.81305819932867,1
7.87583107502131,70.35106699813616,7.38391656561752,85.5843628149891,100.0,7.165753589103991,4,1.8608399356298828,1,72.93861242507083,1
6.0249986438145005,82.12824398669969,4.404666810781771,82.07338140892847,65.34746624710621,4.695402253407107,2,5.892043096464176,0,43.79560502133306,0
11.736806111333536,79.89647710092264,5.83483913621941,100.0,100.0,7.708680093983677,1,2.8152065486069304,0,89.8619410268601,1
2.6628014822436095,78.26126179685414,5.249765845698901,62.59071739819498,48.88646777817464,9.423460700792425,4,8.013968734610154,1,58.89285402241897,0
8.117457059767759,93.38592138295607,3.977487340739364,83.21102264613025,92.06597138806228,7.0563234785323825,2,4.44769260444369,1,71.47682783309777,1
5.654396525207071,72.94889479834039,6.995627272877808,71.26134731624347,61.21184215696425,5.189101910445155,4,4.0417766908291455,0,74.92057446510108,0
7.54384030967335,66.50394744288072,5.80326681783583,92.58806105137248,84.04373772222013,6.398619747032719,1,6.056508893313317,1,48.18613062777254,0
6.8826143033984915,80.19995486206419,10.0,75.39741656395731,80.18455867966378,5.0301424385644244,3,2.9853990309585163,0,53.91792571551919,0
4.533687605780007,76.00173265713474,6.746842090843136,64.98649567884522,64.0505425715273,1.3280032720499149,2,6.151092947788403,1,93.44541740882674,0
6.45799278491868,100.0,8.940629733798941,68.56205142712932,82.59766652270906,3.690749171575911,3,4.036662750327015,1,69.01252536331005,1
2.2841970972034256,86.76507476439976,4.646351462960164,56.38167868640373,43.63487393469529,3.096816808693566,1,3.810796306779878,0,30.0,0
7.2064950011427875,75.90659424781376,6.204865620992695,99.14849530295315,74.40173702498831,3.6464179163382546,1,4.824862579432106,1,65.47117524905167,1
6.596316931981051,69.43888430812913,7.1453468140514715,74.52224825887558,83.95662304137986,8.587342865278888,4,2.820659128026656,1,69.50647163439662,0
7.277320337286205,61.19711589431215,5.637769077088494,79.0702690345586,97.08427533347452,7.244299485709317,4,4.618216630826663,0,73.29055972056868,1
8.1162366501743,69.74780914262567,6.366698972792884,92.52040271568686,88.46928296056657,5.881769602883295,2,5.678970094245213,1,40.01683395802135,1
6.735239680419422,81.14941771759132,6.6730736406346916,79.96823406410185,85.44814581713825,6.6246859009027155,4,1.0,0,69.56037068123183,1
6.296178839596553,94.27328651594769,6.649138021832658,100.0,85.35787314055271,1.2157730281882881,4,7.1826150590752,1,57.51021887751155,1
4.237863326677416,91.21689142387919,9.782677859553019,69.56403698662452,73.7322318463994,6.4563674261790585,1,6.631956260255798,0,73.315518145187,0
4.575558472701898,82.2909483164638,7.567339428147266,76.22997582568321,57.918103577845,6.879248632404336,1,1.290845650867257,1,77.5950400695323,0
8.373469240354662,76.76832334297515,7.719265844411955,100.0,82.47071314007894,1.0,2,1.0,0,75.99991194339695,1
8.872670811411957,82.68812356412154,7.8094821615176055,100.0,86.3352789290364,6.530473507558798,3,6.683813251202389,0,91.0595988446708,1
5.523779127375892,74.81362002515424,7.918939566005669,79.95177145245326,92.429012773195,2.1518527146658295,2,6.52903781703211,0,100.0,1
6.092005494506548,97.18363995763876,6.875669524187702,78.84875260567273,81.63396235875834,1.059989287107936,1,6.246069507982787,1,52.99594721054339,1
4.190771250012467,78.1080981872492,6.518880442781731,91.1941416138549,69.77778470392497,7.652636433719157,1,2.1461523929953636,1,64.27029474786855,1
8.34551369053489,79.13662141753274,7.250224089277416,90.72996569953179,93.73543967504673,2.9859019047753157,2,8.657284447486965,0,81.14592615278902,1
7.330833647383558,57.841775749793314,8.73520592337021,82.23726719263298,70.77706784810636,3.5681065212312455,2,3.4899982663689446,1,68.09805828730792,0
9.882434872927497,78.04565153477236,8.689357282654576,92.95368448169731,100.0,6.97920908551469,3,5.478953082036499,0,30.0,1
4.243353845640522,88.3648413796494,6.639402286467384,53.948737201135046,70.25199838171274,4.389523455495198,1,5.503558043677675,1,67.11179934097743,0
5.243984201963565,69.32277422961455,8.151765542002167,84.43607853218946,78.69550633833092,4.639669252541835,4,8.185862305594712,0,88.51220481192942,1
6.462891845051145,72.49279665507187,6.708123005440498,58.833775254247456,61.12213818114884,4.595826187124142,1,5.250334599887488,1,49.078878365105325,0
7.292979075451541,87.92711017733664,7.050805824152866,86.4076669682085,91.55431297632443,5.695197541949571,4,5.831682711349061,1,73.30756769915114,1
5.568664724904735,65.23342776481947,6.289714927668704,75.79471728180982,69.84986384815215,4.547331167218648,4,4.845748245091834,1,41.389578006020535,0
4.254077819092599,90.57801007541919,6.7275322916406495,93.67004101777746,52.29663716729322,5.228252148718201,4,2.606801222576604,1,83.05044462848959,1
7.762815057847142,74.67856109826899,9.01199510432452,70.49756300209944,77.03925368836488,3.992883749174588,3,1.0,1,73.62346421780622,0
7.442270725091163,76.11431779508797,7.138631721008855,78.20032075561224,72.0046822660133,5.703639179758724,2,5.065159749587969,1,61.478743321709594,0
4.16745179887255,68.76121594874405,7.202923762828477,69.47629440754625,52.1868688420892,5.627686063809135,4,2.175273818970443,1,63.73075703148015,0
8.710885602210992,83.78046260427884,4.829173331113062,91.57913463636328,92.87079181690805,8.795771675368364,2,5.700354430627743,1,47.513978931739246,1
8.340397418393207,100.0,6.5361341385509055,86.2065411838656,86.17475662304273,4.237498100652595,4,5.297500174368312,0,85.1144809930098,1
6.268592994495585,87.81497239460631,6.638027644382907,80.53308587845625,80.95225158858739,4.63166896439004,3,5.248867392094721,0,58.00973812364239,1
6.159195724752073,71.35714738059464,5.756284771834892,68.20035133506295,93.71493305919248,5.477648651874083,4,2.894150761075069,0,77.50448153541664,1
7.108115542231815,91.35620585491476,7.032498117555345,89.11250650110847,81.35365611711751,6.9288712886294395,2,7.073088152722733,1,55.57134439185021,1
4.276593859487484,76.8332045406575,6.3562265646585185,48.16811587666164,43.210670217340635,2.8168296936455977,3,5.949542194459229,1,100.0,0
6.060062958328165,93.7448498142756,7.119993782865373,80.04262123286824,73.94079563449083,5.207153043550136,2,2.6366004338708344,0,93.3949710749645,1
1.6952329107816393,88.06676402164362,7.182254514728402,52.47259761127246,62.10534182866856,1.0,2,9.137095167844528,0,100.0,0
7.752911291005871,50.568584345282666,5.566368463266033,98.92743588259572,85.65807302106693,4.456936166555209,2,4.578417364830384,0,100.0,1
2.877013555116281,69.95920367044972,6.401947326275216,81.93817848191445,72.5553878676147,7.1454540601987215,4,2.3314269986823852,0,60.48218710385806,0
9.006839656857998,89.4438522283539,7.11606142414125,91.72367659678642,98.57045387252617,3.5477151273053638,3,3.4832960314763435,0,56.738030967025786,1
5.3397598120671,81.51657272145017,8.776449146735088,90.60605835174981,53.6558615284287,5.353675230570624,3,1.982218276866786,0,100.0,1
5.576666036137646,69.7624405229215,7.385078759193611,74.72216737438413,74.55581872120946,3.942188851232795,3,7.718853835373807,0,67.88393541949529,0
4.7445321878309885,73.66410484506187,6.0070972301238585,64.06139570786405,71.43720606963322,3.2811956045326345,1,7.160896653658375,0,82.49826906669878,0
5.4239222521558474,60.937633799106194,7.598507138865778,94.57864758263543,83.34709152567152,6.942971996536203,1,6.478959149472741,0,60.68978076590975,0
8.837062690296072,79.11626712473604,9.56132333398264,99.39307789882042,100.0,2.9094826203086925,3,6.102283803705701,0,60.936503624810484,1
1.0243826869298411,100.0,8.375059708883528,55.16629866074735,55.22355131866604,5.585930587726186,4,7.496684321632744,1,82.44937497702513,0
8.553930772176376,88.04933390732326,7.82128979565343,99.64142861186835,95.72838260693042,5.616703241532318,1,4.516011575156123,1,40.451893243531245,1
6.676046962203416,100.0,8.088385263223483,86.12238516231875,86.81816448900396,3.2964009659227527,4,5.845324286958112,1,81.74762461808614,1
3.585956704285569,88.8239708978998,9.159931062142945,67.23758944201266,59.835672161217744,5.311370513915257,4,3.3762169392320036,0,77.86710699673536,0
3.8493752139015243,90.27479343352692,8.61344019102649,55.98252779642766,48.46747291533485,3.1301043250640457,1,4.69310289511772,0,62.04768376975118,0
9.352786054416406,99.74078687745023,7.850140571676487,94.05856290046935,96.53167718872703,6.043583749818316,2,5.90015434633478,1,70.36274869084669,1
4.108986240114538,83.77263259342226,8.602963329385128,76.77748543515742,68.30682071527629,2.3701085707142124,2,1.0,1,72.71281798434234,1
3.6932989788080812,78.1277267849312,5.377523355603909,67.2387806371723,50.12321761372926,4.320788993616318,2,3.7605784487305667,0,73.55541478295387,0
8.274629084729458,90.32657516622012,4.746602121489579,100.0,100.0,4.4944566806842,1,5.329974279548366,1,80.35214586961632,1
6.677105752571828,94.53840237121885,7.235647975965745,87.22207900152702,90.11674467025529,7.225910676421339,4,4.844967868117251,1,57.77526264089733,1
4.124148846927202,75.20035357287792,7.103021064475808,61.839381053781935,51.027278928684524,5.280086143423784,1,4.095207348508939,1,100.0,0
6.433249950809238,72.7843091765997,6.184134919730114,68.97453017572495,92.25782259275417,6.910026980224119,3,6.1783038776149555,1,66.9160892800148,0
3.9484946327194455,81.3885603243088,8.238779004741565,68.17068816429554,60.607824104218196,6.109382096979758,4,3.5845752535838913,1,68.03958681602492,0
8.20164279684521,88.31498866931662,4.2057046203231465,85.76592950318016,81.42494112988777,6.096606001791518,1,2.5561850800269266,1,99.17033903329447,1
8.122741929746267,87.98091048661561,6.197841615913294,93.9769277449482,99.52922850594285,4.336133619539864,4,7.3675322125791105,1,42.56429304614919,1
7.064012397643886,65.75832399812401,6.2725666826835775,78.13868540059212,81.87353025826273,7.041811767049773,1,7.085297051874395,1,99.01384371633438,1
6.723322122494033,99.11606067063322,4.545547322350811,77.4626873549214,99.3317859433329,4.287659181395995,3,3.8017018047947495,1,71.40190162091267,1
9.522376249734748,73.58835070603149,9.242096510903956,100.0,88.60537705954098,1.5403490401397848,3,4.8626108606266065,0,62.04735315619352,1
5.999372654776451,77.34935003111421,4.961198097005015,81.47889296016123,58.67966068893216,4.570425663066215,3,6.69197937471409,1,53.205214902111074,0
3.6362517491583977,70.9734564001218,6.117489914038471,61.15398809151907,59.01312768328897,5.9069528092881365,2,5.088068653461496,0,50.96347417402025,0
6.898947825664614,100.0,8.3619696367077,84.67115721567328,89.28591194459241,1.7867485625743735,3,6.060415213742695,0,64.87264651808967,1
10.172094099074227,82.42070670287967,7.9690680151430975,100.0,91.76113473908993,3.2297952825592287,2,5.951133587453489,0,74.16974915553415,1
3.9704810136282958,71.49024919318435,5.33773795527288,72.79027195088871,50.52188225377098,2.5388231196452886,4,4.3616595656903865,1,79.33744809209819,0
5.277074466612029,88.63923549962446,8.023733813890955,82.31488042731144,73.95172082669971,6.573434209417927,4,6.031848005362811,1,73.99024273865078,1
6.8328920762029055,87.69135779310034,7.434676717987333,76.6421150157401,66.36048035554226,8.345725274024991,4,3.0701127479507644,1,62.346882941714355,0
5.892190301988522,78.12272976420117,10.0,89.7251452812886,78.42006880806527,4.580601691573568,1,5.788548636157111,1,90.09268715368698,1
4.035392839245371,88.40606712783384,7.6059106241024566,93.35798680086486,60.80612652319045,6.063060726136518,1,4.851804687176653,1,100.0,1
8.243715712460942,71.74708039169136,6.788137268397202,83.30390213717618,94.4069591582894,6.011038731799447,2,4.2785591361694815,1,92.41937479057593,1
10.640081444034518,75.07081725050747,5.715247064320866,91.3814674764527,90.00220062496109,8.107593892879922,2,2.5065282610733095,1,64.61063363455405,1
6.392262918047814,59.89783345433937,5.883634949566643,83.71673702859056,91.33520902272593,3.694894192094786,2,5.263318521918381,1,77.53118100127014,1
4.191863420528,66.76048915780437,5.7613463567977625,79.7143676010841,63.3208356732311,4.560242070483351,1,5.077060555312889,1,78.49262253622616,0
2.90207894989305,98.07630805670686,9.056648220867883,63.596498028962635,65.04770037840653,4.3184627011518835,1,3.3207270756884695,0,94.05514613634486,1
6.515951962442362,96.41428627722314,7.026954872524706,72.04769585178518,88.69446638750307,5.1507344800805255,4,1.8062563595624037,1,64.92728849040495,1
8.207754686632516,80.65788648648963,7.847870685962095,89.95293181535868,77.67207859613553,10.0,3,1.711049798737081,1,55.526238484451746,1
6.950335492990764,96.62931447189837,9.271371399971331,90.73260019272837,90.52458805402534,5.061622230394627,3,4.491854020880881,1,87.00776937251342,1
5.995192318162292,78.39925513391695,3.4623037866888025,75.90564332135087,61.7204861575305,3.29057869478588,1,5.612995278843579,0,76.09565642478394,0
4.821456696421388,77.56589697432092,8.918310647050562,80.17983365965615,55.2273627509294,2.691005546213762,3,8.699943188601914,1,53.3685803014489,0
3.8156727345638206,80.56510648465556,7.083095367675001,80.72547152521821,82.53402876726727,7.505290014626094,4,4.909690309898971,1,80.58360488522393,1
7.669502652649764,78.75078404676435,7.652572557460666,90.7498195209533,97.13554960386483,3.281490992043842,3,1.7492278968430672,0,97.57383191892632,1
7.8275432427711715,77.8480367643982,5.757395167377624,88.85823850107293,100.0,6.3271739183981905,2,4.586163663507458,1,59.59360692202797,1
2.9085404266185337,91.43398107149552,5.867313402327222,72.83614138535549,53.749102253632095,3.640617341482744,4,7.502729797037898,0,56.63497622958866,0
9.179677956361367,81.50135653956202,7.733268834719482,87.33738150743453,96.10235437894829,2.466614526833656,1,3.6344087829975065,0,70.45095627545862,1
7.148142441788003,87.12481764433805,10.0,76.19361387201079,88.16240211825165,6.210399200603643,2,7.237207154801782,1,80.20449241809371,1
8.799189290291586,90.3138052527733,8.504969969222351,91.33022360216808,92.67318007581058,3.738510266472937,1,5.351449426069992,1,68.87630002353609,1
3.31574450302977,83.88185795654734,8.89828438212781,61.65992796700418,52.433106811219574,5.850851278477787,1,6.293763109041713,0,87.01637913696864,0
3.268351689169122,70.29728674091761,6.71199809460787,58.30833869294085,50.649263156214246,5.9985658816920875,2,8.717711996408086,1,73.9106093616177,0
5.702061380465406,66.47134111035962,6.099693663121558,96.81499165231477,76.35099061108193,6.092530490024937,4,1.3254721852634526,0,85.17480505343441,1
7.005568853790388,81.48780634807305,5.82879257263151,100.0,71.36481470611929,4.463702632113627,1,6.793008366016478,1,59.18762930655574,1
9.592721645853928,78.28743695175065,6.267589412954968,94.42655780671382,86.60769495145504,6.372367113009415,2,4.810597764237366,0,51.58417598392295,1
7.4121578276302635,80.87391428920122,3.920826350244212,87.97797863563497,88.40866707732751,3.1549073431038344,2,3.1016389332927377,1,64.89949461709645,1
5.514637446375933,79.83945960751414,5.912620985662597,75.69475903124174,72.13623116339946,1.0,1,4.798730726153786,0,49.80329994207517,0
3.9472615846682158,100.0,6.159470265910235,80.81130032452265,73.05563221382614,6.413784346240216,1,8.381941886303087,0,76.13986711652676,1
8.4600011454383,66.69773744358662,6.736962738407739,100.0,86.51089277180138,5.33118100967494,4,7.669891959511306,0,39.74944142172121,1
4.07058914849857,60.10053730178875,7.197625164620938,52.58030775559638,58.61097539123607,3.779843511972058,2,1.0,1,63.209091780210485,0
9.256937109544644,83.32376833519609,7.543676302938416,100.0,99.77715661762258,2.05769447604991,3,3.460320587968334,0,65.71063839331872,1
5.431230700786982,76.23577445411804,6.97761194133556,64.08794009232344,64.46713545918362,1.0,3,6.885788471138736,1,54.300452790762016,0
9.181164145235702,83.16067869729952,6.127835370485864,100.0,88.50570761584736,5.103486696417944,1,4.956511844433935,1,65.40469466729348,1
7.357862580118557,85.83883022284002,4.054962035101719,91.19179320269677,77.96263157691719,8.297571931459904,1,4.963973320245537,0,70.06407371050972,1
5.726009021115083,92.84104695178897,6.13703708739731,70.39654972194906,72.25903306373498,4.72288516713804,4,1.8633470884146988,0,89.03849190668852,1
4.9612072563477465,64.92774179616062,5.541324043469492,72.3928224023602,87.49160897104551,4.277329226616909,3,3.5090463154019447,1,54.38896082442564,0
5.31818424530784,74.43282102142837,7.699100122417906,73.70114864387762,58.14121722227547,4.951264315008314,1,2.283588505932172,0,75.36005936761137,0
6.8566333847504755,84.28761258880763,8.363931095040542,89.53429635261054,94.09487612967744,9.35841022381754,1,1.6933650438370096,0,78.3363816828576,1
6.154312992435433,87.70463595687227,8.40785660058991,91.19069100395194,84.30374551751177,6.503808453306267,3,2.484524033204946,1,69.68247173244563,1
4.81237718386259,100.0,8.13542910419173,62.57981299959585,84.54405157687546,3.1328494965992215,1,3.143804485107321,0,62.529374557084175,1
5.668737179364736,89.55703971113867,6.799711396821268,96.73123090594481,100.0,5.056207807804206,3,3.4777730621838225,1,52.9151220315401,1
6.1571540594383,79.43211404113723,6.217066651786155,96.84267137539993,91.25745456450835,5.664873822309882,3,3.3157405558791506,0,98.47848188026002,1
1.7425318111703758,71.09564247057338,5.879345869499401,49.95942337994143,59.71186034610086,2.88732226684231,4,7.040912146835201,0,71.08960753972691,0
6.916336229577397,74.3571014728098,4.7387516250973745,85.30969909151008,68.3730538612142,6.518273244685119,3,3.1857115899592827,1,65.26666015168584,0
4.040557550566387,74.07297177042894,8.487780550761787,87.3108731939751,52.381122688287896,3.364382405711292,1,7.852369384371263,0,100.0,0
3.69333519358851,86.55233628513761,6.737933443105039,80.79586183471739,65.76191300518327,1.9781084653198584,2,4.032048244822082,1,73.33429878993867,1
2.6253113057785793,82.5699744558583,5.130489559568689,59.75912622841394,38.77110635547583,5.152267107679557,2,5.878397319501837,0,100.0,0
2.4122150042642194,66.76350429157822,5.760262936434648,70.20447316699983,60.62768253849751,4.83568828101929,2,5.9422861627977355,0,48.75521731652932,0
3.2891049937754215,75.64098530909567,5.699539815351171,96.41750788606849,38.38541105504241,4.997956195594611,4,3.204313158414406,1,66.44291699903282,0
4.5819580847390196,88.77547553451421,7.0645367275226905,73.96139024220722,79.01408236408027,3.4707107646744246,1,4.3438188699846,1,49.44971129645408,0
9.906518275053136,83.51662354974059,8.601201776606029,93.2061088608655,96.22210653098283,3.749774764257918,4,3.994112326119293,1,68.16815079793494,1
4.948240648209592,85.6864461601277,6.478015675606625,76.46540176196196,70.95541334395944,7.256893320738222,4,5.744881425621656,1,68.09638114243502,0
6.355500212536063,83.82921710057263,3.6211997278245263,84.24302201765349,70.64927831101156,5.8821712300014966,4,4.742311021164313,1,63.12952119372545,1
6.800962773012658,96.2643073460886,6.71622949726162,78.7594464750623,61.82051253585023,3.0865078468454303,1,3.503203452106038,0,70.80832910233855,1
6.262130372431697,82.3604306382437,6.765709149854207,85.72690254030066,89.9197350265328,1.098606211159785,1,5.23811657731862,1,63.86054315624703,1
5.845113078548013,76.13977202129303,6.6626196535967175,66.68155479546505,88.42769242083521,3.17116719577558,1,5.67923216625992,1,68.34439995282351,0
3.6094124728015107,70.8424495886644,6.0588082502864475,61.39172369392076,58.14159718477208,5.314598144320381,2,8.700089357085176,1,58.66311662762867,0
8.901855096558425,82.49609458209711,7.326158621088764,100.0,100.0,3.7361365632911165,3,5.136252912191802,1,91.64232212127206,1
9.614393287275771,55.59295985224916,7.099211672723502,80.52325792095635,93.77744552155059,3.5806995896463585,1,5.020016693617078,1,53.36875887346159,0
2.6346826117546285,78.15710998167287,6.962754528810029,72.20508897872091,58.69299411319023,3.821679122138674,1,5.856797220920008,1,73.18545619043275,0
3.951942818227241,77.94160140078657,7.618962042164449,49.63990043407917,71.30304889856454,4.854584874527424,4,3.1011952746742826,1,52.110322556962345,0
5.440379315245988,66.35529146382719,6.355250765278219,59.88865078746679,78.19312513721465,6.569255825916698,1,1.548980797929016,0,57.47582426407311,0
4.070924410179617,70.71734161344004,6.27012149544902,65.36483462033922,77.83524259517115,4.9991615921086145,3,4.375795816558356,1,59.07603019065402,0
7.011931106911731,88.09657530148242,9.0701849343781,87.92829396275215,87.26039339852375,5.123874043035301,2,7.1441981959554814,0,68.02329443614249,1
4.543455595186774,82.30711749074962,7.839033114573154,85.96991400720776,67.54157974150661,4.550279272234359,1,7.467103426337382,0,72.63132732119607,1
10.330112135613206,81.01788333707327,8.2404190914142,100.0,94.36648313490501,4.001286335690522,2,1.2412305885370443,0,53.39909363374467,1
8.381097188687193,83.06347533932022,8.839156878001102,89.43994986767606,85.50152932888395,6.78848174263986,1,6.332158960986933,0,63.797403104109286,1
6.42514806126443,80.92627587948924,7.7889162709372,87.9215527861702,86.65140233483675,6.4848041356883925,2,1.0,1,55.1328188062606,1
8.053972526639464,92.42862562858315,8.392583018704256,81.56087442851798,73.3055699706956,9.090559835332101,1,5.918361109665172,1,54.47035344993009,1
8.211800848714617,81.23429181703649,4.63098225689461,92.45315583703714,100.0,6.221128596778506,4,5.798718625793311,0,87.00339448241328,1
4.872105023883513,65.4178688618125,7.306230807994041,62.36606253986397,66.42119288315575,4.0031713563850735,2,1.5520399409689132,1,49.12021995861317,0
4.36756551091607,96.3012996487441,6.725922307278509,72.66373272333448,58.01933402141752,3.1906973817796205,4,7.000092286263374,0,71.12027051979662,0
6.156286125939295,83.70340267328845,9.516526136349714,79.48306737120244,65.9504749878211,6.905890521423233,4,8.487671802581838,0,95.47110049413884,1
7.7232722489958885,74.10746269204932,8.39146829770495,80.57368203048527,93.0833113504592,3.37002623137978,1,4.875039337995047,0,88.09237640102495,1
6.278120797306835,67.46598281704982,6.0543322138102305,83.04101035191157,77.52231124580783,6.619473373044142,4,5.281999749953926,0,76.3803780279413,0
2.8460070356180056,83.95914220958045,7.559191237793809,65.81553170968645,72.96369444600623,3.480172012214772,4,7.958232405973812,0,69.75619040416704,0
4.394351112098315,78.82827995025625,7.25152200017386,83.72629568388292,53.73535016733068,5.6983167675745605,1,2.74733593182404,1,81.04963093547944,0
5.852054272811244,95.7414678603241,7.681497149728343,63.20393733342834,69.33068940624884,2.8804975702672757,4,2.7978450847542145,1,75.54090852353048,1
5.84866879134834,76.54092719333173,5.4717362959380225,78.48285487977128,74.16980116681592,6.559770708664162,2,3.3212329921615975,1,91.3393861051386,1
9.945084353579617,71.62619210317533,7.540024697857338,92.12279777086329,92.15193868177836,2.532656688981502,2,5.074164208621985,1,67.99421614717602,1
3.228024115202004,88.95796218235928,6.6577729760676485,74.83774115777294,59.429331332630056,5.545914659013404,3,5.068831688524961,1,85.0165254189316,0
7.011178483671749,89.2528189271683,7.4236746460834,92.59501307028007,85.26207856618569,4.604320131545976,3,3.8934194494394925,0,65.11411219375435,1
8.97822621665658,81.68651367610195,5.913422252316746,99.96992953396911,98.71419969123687,5.20361287445252,3,4.399039177084923,1,98.40244481075577,1
10.542899490845592,86.76357047674908,6.122405242905101,95.67616487353334,100.0,4.208392331676732,3,3.9208635300984938,0,67.57230377466817,1
5.191205153632078,79.62312879257762,8.760763030550054,84.81073159756134,58.112506633976665,4.1614801052580175,4,4.016399977238777,1,45.71597631717971,0
6.982858905440399,82.33865101009248,5.4226786624897585,69.61298523976868,85.2747566319955,5.309562408019543,2,3.462957079442827,0,71.16557700543837,1
7.139520714397294,91.64990882563923,5.533368398436927,68.34449653605876,76.36769609050211,2.9957232438202963,3,3.47912052305163,0,81.46902709534953,1
6.390963463106582,86.25318334021503,6.922628114176633,69.19610731651366,82.64591457887533,2.9839558766666467,4,1.0,0,94.43021853249914,1
5.802309597521388,78.30725561667376,5.842164437221069,78.67679988433788,79.12717944865881,4.282901000723177,1,4.552649811244033,0,55.0577278625822,0
6.871950779000092,93.52362545926151,5.672457051605802,91.1113979048834,71.36251084167725,4.2050597205619855,2,1.088841355565462,0,43.833665811706894,1
0.9355078295606294,56.35144627208488,7.157613956812442,24.917214407707903,36.6015235510229,2.989207072391251,1,6.501118237414843,0,77.45069769925905,0
7.364138980125262,100.0,4.742401214644443,100.0,89.30126451544731,6.84842938582933,3,3.88016431170968,1,76.98655090403511,1
6.2523558073239345,62.940409051092644,5.488056647629543,82.57290099840401,77.74817995138491,4.33105316313679,3,4.761180842567345,1,48.83392110189606,0
5.555050206443469,73.72907175227704,10.0,62.09752755631959,71.13408283134477,4.546675594007778,3,4.253580734496087,0,65.05603483074984,0
10.093724391439116,79.5908246480493,7.689212588453514,100.0,100.0,2.344943348060907,2,4.511772449303545,0,65.72869931088184,1
4.650131962418896,78.53519329271839,5.880154971595133,84.17591395887868,75.21797653313469,9.143271709224239,1,7.526749631193436,1,82.34680038919709,1
5.193848021869939,90.06411040026555,7.627322617399296,81.96365026241229,65.86678700420259,9.854134791109825,1,2.2970071761454367,0,63.794415461924906,1
9.983106604409468,69.42163381389766,7.850995715479945,100.0,91.3781082500318,3.4392028431913038,2,1.7533661553150313,1,63.46733650186279,1
4.335877390300286,82.60766817483064,8.491621630135358,58.01692065753032,53.396074573425295,7.452172762338195,3,5.238744653327928,0,71.71939626547935,0
4.899769434126922,74.21787901780246,6.8092659558149045,70.35879481925056,69.73315780677638,4.816373232524819,3,4.008240552521363,1,49.32833113933902,0
5.7059491531383,82.95140979337417,8.464746554159333,69.28282346045617,60.00409214734415,8.207539185626212,4,5.719247842687892,0,98.511729101659,0
7.681468964259098,79.35227740202123,3.9423302126767408,100.0,87.08309836784494,5.672466172800773,2,6.4331544794826305,1,84.01102299874181,1
6.415605014706626,80.92935652682978,5.41553780428637,88.47165350839944,90.66199800248415,5.199524337534798,1,2.7873134868696297,1,59.473029758541195,1
3.4147493056954747,74.50075167535654,7.245807102604684,95.54384241805379,56.95389813131001,1.0,4,6.206777686529628,1,53.2354210537748,0
4.9356628737456205,74.89936049903918,7.494450299211687,70.00221903455582,64.2519344370721,3.2427880531466338,1,2.9561130261609874,0,54.397609087773574,0
4.785291133575577,82.87272514027427,5.632326568497037,66.67971355105483,88.69019453772492,5.041041339149885,1,5.1491503818762485,1,78.80112218540194,1
5.845557909553909,89.43715505756045,7.389129986894739,77.79952316181804,90.17036564919991,5.397332505407958,4,2.52617255281239,1,54.844292421803935,1
6.851687317259659,74.01720665802152,6.064239626969109,98.04200880052377,73.4641451980038,2.570332572125231,1,5.264287514382656,0,66.2600911496579,1
6.836411511775944,71.3123245542709,6.5845613586592515,80.52086066512625,82.40860088124542,3.5424569426474424,4,4.958245438156198,0,44.63766260732092,0
2.4479764919031957,86.13460165671837,8.537160700997516,63.48425843858543,57.9746413749,6.106894034501639,4,2.7941410227877097,0,78.11899403064115,0
8.127881975121712,79.6749610694231,8.3634062453329,91.60631690447676,90.80389607799205,2.233578540533285,4,2.283177317304511,1,78.68124219609008,1
6.505137691993247,88.30498133985952,5.504409508955106,82.92065607198813,97.17756062908737,5.267459447447079,3,6.501277168193977,0,67.23146688058183,1
8.769064095187812,70.94202786628853,5.414122806969845,87.32133587131429,93.48668349532107,7.475907062978111,3,4.0939990946432365,1,72.90336855984035,1
6.888396654581344,62.205610745765696,6.383239906670026,83.06907259380304,83.70272868379823,5.770939258223642,2,7.024061924464691,1,81.93611513199389,0
8.202645915471525,74.66995918173666,6.959880548240612,89.21220356384404,96.1024984442933,5.670973486331954,2,3.9132125403506546,1,72.50015042584035,1
6.933090622900254,72.33647390734984,6.0131522671378885,84.58980651775477,93.4977408978782,1.0,4,7.6043594712384195,1,81.71279511679977,1
8.692451512405496,79.212115999197,8.560963664199502,100.0,100.0,3.3561744471642077,2,3.103220890024339,1,52.48035053959407,1
7.044501272035557,73.6315478572961,7.5210847625628325,100.0,87.64785549532974,9.108403667182081,3,7.945493115022416,0,75.6804135600538,1
5.804169507114192,87.4101695133645,7.609127664811643,70.61649990887389,59.23801898874607,3.8016761649081356,3,5.348743726116124,0,72.90177074098956,0
10.544869440893763,77.11849737577484,5.100191756582543,98.80441095659165,98.38783940477832,7.528952419094136,4,5.799593481537423,0,88.02977414012493,1
7.778074244559784,81.50474498773902,8.75093607607567,80.64025223873705,94.86265753941142,3.778318221287434,3,2.991950773111146,0,70.4555928380998,1
7.147488842008826,81.57634558440944,3.0,87.60845958226686,85.38892002484602,4.444358996981074,4,6.458430365861574,0,68.53958758275796,1
3.447391166923328,81.94955092412188,8.251083177774053,61.85346125950687,68.94563333976949,6.031173690707037,2,6.527856264822345,0,61.64300962900276,0
3.4233847650729246,79.75870889545027,8.401467606506156,69.51489216278452,79.41196920715002,5.201386031988019,3,4.351130284949573,0,92.36842968225066,1
6.585430964283707,85.10600690410314,6.351398219083058,93.96342392586641,67.742953735109,5.76302490200216,4,1.0,1,34.65725028595887,1
6.291042395536482,72.04344866174192,8.909365325871136,56.196895119636324,89.12535612126473,3.363219490546026,4,2.7733428681732653,1,77.66755786531364,0
4.771754869983368,93.99417926653884,6.905353670568481,78.77657324592374,65.3268945949639,2.727459621062487,1,2.7730386772160824,1,69.6942633462966,1
6.28196539922412,77.63462616631465,7.093647554991165,76.80795650714181,87.04529058809204,3.2282567712189976,4,5.898705635082695,1,67.24581666425809,1
9.17725385608719,66.88450862101318,7.509293181106324,100.0,94.65131570284197,3.9353637170752664,4,4.069935320959714,1,65.06016341339593,1
7.390804949100597,81.88073356991774,10.0,77.98933036800098,100.0,4.541437235885177,3,4.108780567455499,0,69.16217493785743,1
3.7179829804945235,71.48819517552515,9.016650862124507,80.55252478554137,63.608767245584524,7.0745507612796406,1,3.8673754602771653,0,77.17819406073656,0
5.776982345714113,86.65334534508875,8.051696801069378,88.0177179089734,68.25675183072488,5.174682912050097,1,7.938580555643917,0,58.074412956267956,1
4.3900670382948785,100.0,5.6307932700982075,77.63385667690082,70.53914845768695,5.96919420501717,1,5.090703921659696,1,72.0254084174987,1
5.224600167182878,72.1342790844215,7.215384738219238,84.05525801401538,74.58702881027997,5.283202025160264,3,5.395480671166594,0,75.26141309989195,0
5.172768668740715,83.32372333223985,5.78031385923042,68.40763867198184,82.41758295354876,2.769131492942448,2,3.7612209771240224,1,55.69373756027513,0
5.044708834791989,62.44494411295372,8.233166270924219,69.02730662706705,74.7487809948012,5.034539052011298,4,4.940722685985607,1,77.55807430529492,0
3.4897292560532103,84.53905229441347,7.210700463602285,74.97300828844084,85.6890219280123,5.261564220383072,1,3.048621314589571,0,75.3838410989368,1
5.74469063696362,71.1428620020031,5.313217480579157,71.04616175713198,73.35410246775899,6.519846442682615,1,5.687449355115859,1,58.01552492616838,0
4.87878472630538,73.75165381565517,7.121686875127755,88.85027409810777,68.27650886002755,2.8628238607130703,3,2.706892844053939,1,52.17878785254182,0
0.14110261999546392,68.98713510160172,5.725873795425542,47.469602387167,34.807755219442235,1.0,3,6.488439691198317,0,57.818306838137985,0
10.105944049003327,87.32151226054735,7.226824332006321,100.0,100.0,5.352527630340995,1,3.530095454456479,0,72.03065345547805,1
8.177539308433344,90.07304357473262,5.711384025452116,100.0,91.3758270614296,5.707700003176761,2,6.896785625976407,0,68.86102686469793,1
5.247398550150008,80.23385214658508,7.041231450041219,69.17475921006928,74.29649660045882,4.641230387365905,3,8.814588515363953,0,90.90885120874432,0
6.037638099481197,71.3557329466428,8.125704792902642,80.87580800585381,76.89770535182717,5.056041801453582,1,5.002202223050317,1,64.49306431773634,0
3.6566913053648764,95.89523036103863,6.920422012112341,78.82528817319746,55.841935664916264,6.7575447571656095,2,7.623230244285779,0,56.66351825454182,0
9.391445755621731,72.49589872245343,6.413667599241417,100.0,87.53202325290684,4.0823888469449825,3,6.502897897970838,0,79.85530943732411,1
9.794577389546223,58.37967700072561,7.304914331586194,95.69473384533754,95.01572708892178,4.442718315682842,2,2.134435921928415,0,55.29962319287998,1
6.313387456493049,84.58389009957068,8.045773931189279,76.39963290724671,89.29570134130942,5.158072889227664,1,5.221855555037015,0,58.13748067226065,1
8.047061288370688,68.95225326358484,5.339225095177359,87.90394711640292,100.0,2.5603706416613146,2,6.002397411378445,1,58.33382344500519,1
6.350573557867848,89.88608793499175,7.390984232057804,96.23144545085287,77.33379598280274,4.696205549904491,1,6.1954306308525915,1,30.0,1
3.3265491222481387,76.18862303326581,8.9763112285261,63.84168704764123,50.543465068814584,4.872513365331588,3,5.356413609949985,1,78.50299997270459,0
5.176353262072685,86.03713240544197,7.8604854449150725,76.66292323519806,70.24638346926821,8.274084428640549,4,5.3306227926544425,0,84.09971492430337,1
6.263855933543914,94.01500346552157,7.086631220000842,77.05141495848531,98.49978995396427,4.403768684743079,4,5.010174716230468,0,83.75029895990176,1
5.090904562513112,67.91141135379279,7.959606260048342,82.51000846052543,80.53510572824487,5.400022479888934,1,5.2663521719873705,1,98.28142550279719,1
5.562693445129928,74.34062869107595,7.678744684154024,79.3687176014862,78.88358758610505,6.837235210779484,4,2.552642059401909,1,92.60545888973604,1
5.817200884981771,79.24328927342937,8.130401663739722,69.05166631732658,84.53005448041631,3.325030549379144,1,4.527578438042643,0,64.99049999862281,0
5.838243004269078,95.37551319034344,3.9641025835255834,69.50297388099544,90.4351241390276,7.751480773752332,4,2.094037290376943,1,86.6386055188804,1
6.104516980994966,73.41617282059555,4.669815799505102,60.536529239419764,65.0984398704986,8.527740464114556,4,4.004744634492048,0,68.53539530074852,0
3.878789867206798,74.05496304050993,8.507243724224855,61.08073524477783,59.352340516269564,4.94220742470265,3,3.818388897798223,0,63.61045350671175,0
4.565967701744127,84.78140575555808,4.742081235757839,80.76929654504237,62.1085898820966,3.92114787708124,1,3.690674052658919,1,58.666333802510486,0
3.4308314686000614,74.22771274289428,7.602307953578808,80.39176272312298,66.45613278231019,8.254238848780776,2,2.8959836844219047,1,65.985640920464,0
7.9556310993724,81.52525882897616,6.471925515951563,96.63373912903384,89.33489550263037,6.591261745536296,3,5.538554547593774,0,74.93458374715568,1
1.788706116319351,64.48462579031873,5.505716131606005,64.48985258800357,58.295349604810184,5.163938409327672,2,4.363859388576278,0,93.71706987073497,0
8.307180686633851,100.0,7.5244746357212104,90.27064293788276,84.77421062113089,7.853687639231405,3,4.159147488494,1,80.92967617577958,1
8.772698794525686,66.52290769690596,7.301550255574856,100.0,100.0,7.641984377098639,1,2.1848520110074467,1,58.43037497376427,1
5.395638826034757,76.78247296009792,10.0,79.84097636099263,71.68049587471552,4.3274860920835545,2,4.404277615606021,1,54.338071891943585,0
0.7937258243454028,79.67518964157905,6.062783193196166,72.01311884159827,51.70781046565425,5.4974597065983,3,7.29106559983193,0,78.52816085695522,0
5.277378876065419,99.12688134356796,9.16016518010376,75.40244123855962,83.61833824562191,6.1535849758519126,4,7.321612619720682,1,83.5356154415202,1
5.871631677422362,66.7515421906726,7.528634371576472,92.78823922447312,86.38103321948385,5.0574600597757025,2,5.747025159436891,1,88.41214110331435,1
3.978803560142173,99.83704135478752,6.008467177685931,78.63515861888946,67.481105444871,2.218258818191439,3,4.409692049760322,1,65.96873304410603,1
4.969563212383514,87.57176821102023,8.198869686275868,82.20224892395916,78.01084833812654,3.123480992603507,3,6.117965660449052,0,77.04254286697109,1
9.060390397726703,84.17095324423246,7.848607756680927,75.18703873401532,100.0,2.2834744290795457,2,3.665292823646617,0,82.83739983665372,1
7.329854324603482,70.15366312982044,7.053764942287074,95.94116723849453,89.11513828736784,5.985848606048008,4,4.401495488233238,0,49.734111255813005,1
4.1508717712438,85.71141242038074,7.399443034660935,69.47927906712746,57.608766606847,2.6312953657525116,2,3.5149551148058213,0,74.16657277244504,0
2.8048016608091357,72.765133775802,6.104519453431703,59.58474335969676,62.65931727449366,5.38483614163486,2,6.81673285432818,0,83.56520912299645,0
5.345965364780458,92.66661253198413,5.76131931211824,61.90069641212315,71.70298000848685,8.663807652550314,2,6.560011921983273,1,77.65587168113927,0
5.5730864412991235,70.28937970892267,8.139163260733874,77.8095608668138,49.9585073037513,7.8555403698242925,3,4.930635481908013,0,68.79029997463321,0
6.9923983747266325,78.86841505543916,6.664090863530089,85.29750784181559,86.57437048539072,1.3251667061320425,4,8.462504618581129,1,100.0,1
4.929366574864682,74.44726911986828,6.879875502626361,61.61681365617537,70.74270594934416,2.4425970584579875,2,5.825029161541893,0,98.95778001319627,0
7.022999150723723,70.12477037573005,7.419732393916416,70.3821940246817,93.70217261931671,3.446967151640283,2,5.712455092672624,0,70.14093617014463,0
9.87030808012046,87.41319816907914,7.397932517175712,100.0,91.7209119058397,2.6619526215612646,2,5.498240493080177,0,67.15409808973425,1
7.631002044888525,85.35458747409633,4.856010293538903,96.87206153505639,70.72891564553808,1.692371245356533,2,2.4754263645335124,1,80.50417972303947,1
5.903822985338455,92.09010198900997,8.929378129682288,81.4219440259165,77.10974650613582,4.978319320549518,2,3.211440337185259,0,69.13706753836574,1
5.633699057893411,62.20124891791833,7.181773227851018,89.67684178631069,77.60396822341494,6.410201098833128,2,4.890724092627579,1,89.07313612918884,1
5.286653731640257,90.64170702341043,6.696020105766776,75.5694188146863,72.65825184369723,6.908068077445774,4,4.907233042457398,1,50.99119881072801,0
8.361281824904289,100.0,7.64626900775462,91.26289638051942,90.37477778627976,4.051047658512381,4,6.179525400420872,0,66.38950528184222,1
4.745373108097394,75.48358910823053,7.354813290422294,64.55658525307906,57.7849691065211,4.4561925993688165,4,3.664265781891239,1,80.27869056056582,0
6.090445417999965,98.9514861210897,8.150594034234553,64.84980731446265,75.15350113825056,5.71135449024951,1,5.141373401513087,1,85.0562237221937,1
6.102395803762171,77.36838727940173,7.806975508226412,99.0586003574067,73.13031652752888,4.783028876321702,1,5.177120262206966,0,47.78623441412103,1
4.996431614376936,66.27590262438693,8.0767693434944,86.29514857438215,80.70567709393602,6.621213552191604,3,5.25639016355225,1,55.68905616798179,0
3.2550689042317984,76.94367557593205,9.026490858591274,52.35021884977421,63.32366706569693,5.860729725669027,4,5.032829034106563,0,44.8561086850645,0
6.645949007235337,90.48203967675276,8.325436823456458,84.78726411448949,77.09572282596007,4.247391152971942,4,2.1923199628960077,0,56.902323290351106,1
5.877992056289233,71.61823517668469,6.759270669507156,78.3894971704095,92.50680110196305,1.2867273766931135,4,1.0,1,50.84178330050065,1
7.00048093887314,73.99661340993512,5.315648265884751,82.26247996273527,79.31380887108875,7.998063210963987,2,3.1164727283854807,1,78.08696646944495,1
4.932799387121666,85.93539432293191,9.501696899506772,70.57381845745894,75.17466356159163,3.6278354211113566,2,3.937753954402191,1,73.43506828435972,1
8.441642597626096,80.03060116738573,6.643414939979331,96.02090445781027,88.98064224986376,5.715117291460521,3,2.643096261899124,1,67.69256331078613,1
4.246452437576311,85.84622952486741,6.290338879959217,79.4140174425963,81.7902397757379,1.1668166625618048,4,4.888652262251301,0,70.39142202195029,1
9.424080568035786,82.37829540758335,4.394909773353341,100.0,97.41308116635082,4.97736683322839,2,7.180213937576397,0,87.91359353360717,1
2.504726980343477,84.79625319551573,7.507709657968167,61.31845115792545,56.1925041609676,5.200523921724398,4,6.452066330855759,1,54.36596370516065,0
6.8695401291137825,75.67698814190459,7.2233299059306555,82.77543347665771,79.81853718695555,5.297204145095324,4,5.932666590827221,0,41.046976215799894,0
6.950861365053247,82.31730942030393,4.727327595625779,94.12244999449291,83.67028745033163,10.0,2,6.970621477325006,1,80.65767820769544,1
4.408885864118235,70.72626994304066,7.679911063199763,76.6788787017518,78.4486935711885,3.737763252413134,2,3.15075391133954,0,64.13554443309596,0
6.848787875722025,92.88433622503389,6.252712118947842,84.97083400896446,89.55116570117903,6.641328453913386,1,4.086407460658152,1,54.72347209954959,1
8.559037339520318,73.65725283182687,10.0,92.43617372160051,91.63498584828362,6.046464904418754,2,6.2296937261164445,1,78.31016968234597,1
1.5663623212918711,91.28847487549389,6.1459582118636975,61.284516702582245,66.41142499231776,3.6427220146648276,1,4.050939981656012,1,40.485306923775,0
7.005489614981629,77.66393039017134,6.34721000170331,80.34396118931366,90.76279410331547,6.61133880636186,2,4.160347019697739,1,57.13617351772174,1
1.013458359339845,82.01999010757321,5.687835663618449,63.28267996978133,41.698938964065576,4.671358126138395,4,8.724838243818535,0,34.17015575585642,0
4.0686703929535835,75.05035449109299,8.916814781562959,59.58476634638925,50.60853882038212,6.750486435153437,2,5.190884155726645,0,73.8864280472279,0
9.25833272980189,69.8400456883197,6.44083630830287,92.17709855134464,91.39985836084563,8.92192524684343,3,8.527252400401474,1,93.60535257432711,1
4.836435933215892,62.552396123946984,5.912628769351755,80.2932406205397,73.15210338479788,5.3015977812682,4,1.3534066671944602,1,61.402319856066576,0
3.652240071182055,69.4467584140754,8.060432514880814,56.93237222236755,67.8854441334066,4.437749541863098,3,3.7382673907934114,0,58.12683680320474,0
5.604124542030636,76.76091146784078,4.929470596880222,62.29053728365818,87.216124085204,7.103112367620826,4,5.817633161303855,1,96.7683058981628,1
10.135812676327104,82.11879178828885,7.9376658193734215,100.0,89.86941630677262,7.793306331868683,2,5.187465159546159,0,79.4115287547788,1
2.3366355055879477,90.10379313283264,9.672099574901287,44.71859598347503,49.62825969405958,3.2334849212159016,2,1.0,1,100.0,0
3.897380176721311,75.54242540203151,7.849911749252634,56.49886534308794,51.60785436158274,4.0940858209238495,2,4.540841638855565,1,72.41204114541067,0
8.994863366359253,71.18039235732826,7.956847474389887,100.0,80.58118808236105,6.350846543682524,1,9.946035193237407,0,73.39955789851213,1
9.715404687075464,65.57285213997288,8.305090325361226,96.52917085931996,92.0142406629196,4.735935979170561,2,5.493825543660194,0,91.67244266284277,1
5.7931375514194325,84.80063617904104,9.564562043013279,91.82055725418701,78.4249477514568,3.091335974026426,3,6.208871999997575,0,67.7705775479331,1
3.521894594946715,93.83194515329343,8.814840940028656,55.56132956535903,68.84531191858345,6.081389655790789,1,3.7121136641497148,0,73.70794026872125,0
10.191687003618318,92.66330267956289,7.659504583409536,100.0,91.66658095549316,6.342979431413545,2,5.486568294792682,1,33.680518944403076,1
9.188884783498393,87.09932748147237,8.355837100954002,99.94026944956957,87.04054950711796,4.331228488206049,1,4.975343603529358,1,96.06555734784436,1
7.3578939755244654,86.38543317267599,5.671097611802334,75.08432057633323,66.34913209991245,5.122697530662474,1,7.237628863477816,0,75.86311222206528,1
4.37519530212516,96.9762377970934,8.164440386120983,82.19359555562205,68.39469389552092,3.846853862107762,4,7.174001773559654,0,68.38935850493206,1
5.901941318323926,83.3208146141681,5.491666043224379,84.61649542328001,68.09025889023617,2.809525148176055,1,5.81503228964148,1,83.61017511818217,1
5.679279837910339,86.46129676024171,6.4494663720525605,62.30352832267736,90.70599280958051,4.0058707867436265,1,5.14193163118909,1,52.27808369927425,0
6.661702609231155,76.79216138148001,3.0,82.93109508406977,84.06830365188287,5.147864700351813,4,1.641784928207917,1,61.729321629030586,1
8.902002876262673,66.37956629145242,7.602144489051193,98.36958174389969,91.69755982300829,2.0498215570614073,2,1.572089125809013,0,78.30003359942464,1
7.758834082274806,73.16151099500424,6.034191983337471,82.89360367609345,80.1418802182043,4.1519741374956824,3,5.163821826795035,0,70.66039242117286,1
3.8452478460304835,79.90840961465345,8.666717822806694,54.42759017506428,48.1247848742406,5.175660261185477,1,6.749268222923311,1,76.69947297761198,0
8.752992900039075,80.60785372501303,7.585288915908104,96.54955239466948,78.83923963078014,7.389319820249735,3,7.663492113912342,0,73.73955676261396,1
6.6262642800263105,99.26285854855394,8.686143842052438,100.0,73.53617613443652,4.374815290398938,1,3.220522499252758,1,79.45814824394523,1
7.374131591717832,80.81277167591068,5.374605182991194,83.00081696701226,77.25576073006394,2.5081952997815558,3,1.9815228127174427,1,50.18796457315683,1
8.933081718557206,91.78843444025644,8.557579055739449,100.0,83.6067718828833,4.580679974604542,4,6.865918305789164,0,89.17217203258234,1
3.7768395009728977,75.64922758423684,10.0,61.3613092872498,66.43198428026082,3.8668613918198194,1,3.3706164658032813,1,62.74170618821158,0
5.9283488425870745,76.88324114234766,8.146237449897841,81.79720056303489,80.71274897967103,6.1043571101147265,1,1.8458634646543692,0,70.86598693773212,1
4.9370908972815695,66.70992362776552,8.185523513038433,82.40067979516904,65.03622141067214,4.324189347275541,2,4.012643683761798,1,60.98836336710754,0
2.8642811492690883,72.57671987123427,7.254396514592402,64.23726908663178,76.53720957826769,1.0,2,3.9778020665515093,1,65.68892168870558,0
6.69341995520984,85.26981391363753,6.212996829151954,80.48974328723688,62.69322606609812,10.0,1,7.640342152614695,0,73.43640904093118,0
11.023113103168846,80.07560180394134,8.141788559052262,100.0,100.0,5.284726583181859,4,6.7312678293630706,1,81.02753071084857,1
2.3198445109884944,89.42938619897234,4.740875634396898,80.51377370763468,51.733265025051715,5.178383020617158,3,3.5252257944733385,1,83.51846629291566,0
5.93543877790106,81.81253948345051,6.373367312618775,82.68306313589662,70.1056238477338,1.917180056005936,2,7.795908685112085,1,76.48766928741576,1
7.281085870149547,76.47546268362258,4.343414796494226,81.24482758544426,76.7098867607667,2.0708614680767763,2,5.2500517158287066,1,61.063073339683676,1
6.246156403312362,100.0,5.944515434027376,79.33326644396499,77.4073395907506,4.816102084653935,2,7.1216712705881875,1,75.54169671432385,1
5.773743894968519,79.06096431286953,7.963067637840342,100.0,72.38718509659384,5.6723426646232795,2,7.654357016244424,1,73.6043401989659,1
3.4015672731083515,91.63000969705304,7.758090064330695,68.35690752892303,56.49063836752451,6.4042282783535045,4,4.474814199860943,1,70.88597672872764,0
6.465573485880327,75.98790793455322,7.076370543303209,76.38373044362191,65.80624456538821,5.474875314636521,1,6.142639148254034,0,78.01334958935135,0
4.4864720459681475,87.09599479383567,7.255601491093016,60.98168106501534,50.7377140977039,2.6281155936637313,3,4.186483071133165,1,50.863636448757305,0
1.6201565900428934,89.28015659151687,4.171203073203686,39.84177200908841,46.835774788301705,1.0,2,6.860204523838536,0,39.59620104443998,0
8.389184441027462,82.08491970575581,6.441156579143628,95.58176494359921,86.31414560119947,4.79955530124359,4,5.180550287607446,1,87.8499883223292,1
7.916771639684085,56.45517077303398,5.977972590347185,96.13027812666546,85.53026123533624,3.932050658781744,4,6.920644438131394,0,68.02939314825667,1
6.103321953702159,80.18252460856112,6.011410464228189,76.54964796885872,75.53371374331786,2.47485655177543,2,8.049513327636925,1,76.23892763175961,1
6.458149376411405,92.30460047759975,7.89936794172063,82.14104270174748,73.52387283964025,6.656116448211251,3,6.094463663589943,0,56.98651499611826,1
8.148636025431124,85.27480833027731,5.709239010242034,79.03856303426937,86.7677419144047,1.8488465016400233,2,4.8130802885162955,1,88.93336318003199,1
6.448679313556165,84.45838875229246,6.092978724808884,83.57268121605584,70.15679280030204,6.233937678913165,4,4.8463442468200055,0,75.25118825823488,1
7.808035109522629,62.77743066042481,3.8693961314357255,93.85512875328439,100.0,2.179724049965037,3,1.0,1,67.30723603820813,1
5.4050355982523,72.7954492932494,6.558815229435746,71.67353531958511,64.4328121080141,5.2681773711666615,4,3.5744113603373115,1,74.2868757453593,0
8.623967477147893,84.1135763115144,5.36824367842957,100.0,88.03399776823395,6.867948644037243,1,6.865147040670684,1,43.8744909153338,1
6.641571451865368,84.10383276786892,7.118804393034465,74.83679399185772,72.6115408200534,4.324133368795452,4,6.939762414029671,1,75.59693496048547,1
6.388103887211748,92.14666780132903,5.5733379298863035,84.77528547624856,70.92280792122145,8.379839669013643,2,3.530864683798944,1,92.30240797473613,1
3.459877822575936,78.55133244853906,7.156813368323824,75.78256130992574,61.00568260183508,8.835772651187007,3,5.329149235477471,1,74.72918922845852,0
6.573911708603418,84.05824086673815,6.782971358886485,82.09666354152327,78.42112815279037,5.474350000039311,2,4.6214671558410245,1,72.79214514276052,1
4.336090165011098,80.16374241931294,9.508062659563482,69.79568263611057,61.421937086314486,6.082770741180546,1,6.379204757418585,0,65.2445314646862,0
4.723434546943012,70.13057263498443,7.745826970679791,59.32851123021844,65.50584736611495,7.121417732633038,3,9.417229526691797,0,86.24142422492989,0
4.369248743367757,57.44208668905252,4.240543191156545,85.41965867400162,59.017356950273836,6.088852744970978,3,6.416937156003848,1,88.46513965870963,0
3.86753013620155,84.31009692130077,5.102666733845938,67.63871866433179,67.2224371944709,5.874486435197087,3,3.6596450908601716,0,63.52083947647417,0
10.249542806033922,81.73947208412811,7.0828120134885,100.0,100.0,3.951861194447824,4,4.843160943818654,0,75.37970287059674,1
8.662678123976807,73.8182495789983,5.605228077411024,100.0,83.22765597152866,1.6252876496445756,2,7.803856506205464,1,73.48321654631077,1
9.840735004288522,63.80826943484135,3.0,92.92069010126508,100.0,2.219809173501046,3,2.1826461512313795,0,76.02656758685426,1
3.554209960888872,86.29739514408737,9.024319470750616,65.79576376153221,61.774749335540335,9.764734717523037,3,3.769884669022282,1,58.409120415809454,0
6.142507499821785,77.34079925804448,8.080336025358111,94.05736100654397,83.54134258025661,5.644917915610002,3,6.419927864013419,1,87.14164637700016,1
3.4129847495918084,85.56874722368146,7.781465310237658,55.89294709055459,67.44583810251157,4.508633037217336,1,7.588662506410785,1,78.47827671733108,0
4.608610245605872,98.64048530411759,6.089015431793627,94.32223197560194,69.70578844582184,7.526654518235818,3,6.217935804547225,0,88.03608035462054,1
4.16374603316685,58.585691196802955,7.641515156514894,63.37000231307151,64.58427043785011,3.501084054276341,4,3.7866101695653884,1,53.269841937869444,0
8.479168012883123,73.00399191297636,5.943459513668678,80.6006654980105,86.53050608081428,6.1662165348263756,4,6.073070602652785,0,54.151201383602,0
5.20754064379648,77.90624386688087,7.307285950326536,77.36079342586774,63.59564033169252,5.154384067120076,3,5.828585533473161,1,100.0,1
8.136758667388033,94.5482617414665,5.619125161245284,100.0,87.85209539481036,5.920055002207205,4,5.70164353404584,1,87.20693935407292,1
7.208241779177036,63.635969807935155,9.27443267583402,66.93154953996313,70.40356236088542,4.327180261412287,4,4.805852646075319,0,57.77368520113329,0
10.607277504209577,99.35861025680605,4.644645018877233,100.0,97.70510512408278,3.070611385419239,3,5.1059886163712545,1,83.02228916820536,1
3.041111553720552,81.3585590156629,8.848425744266248,69.96820794116832,69.31520556704899,3.354257853720716,4,3.1850002789224847,1,63.01278666286929,0
8.518466479573597,79.03999338266142,7.058373742025996,92.92883198322329,92.0959210882385,3.432231595479405,1,9.960408449994986,1,44.519357111546285,1
8.292881740801455,78.01940236781094,6.265799506987014,95.28362540403737,98.68393463416423,4.994059375355689,3,5.313998881354379,0,38.49624154564577,1
4.0532423239459305,75.63736967819972,7.250504382543608,63.08588079800691,79.01589281025983,1.887729639052114,2,6.097024562101621,1,69.67016746126968,0
8.01426667294632,90.48116759269155,8.10002201076727,84.07411490541779,86.31530547852975,2.5051427699558144,4,4.564177567143316,0,93.41201735245137,1
6.672289926052458,69.3147924591756,9.050120105041596,81.87722315867029,82.10699789825117,5.271048595058405,3,6.6906206587589026,1,92.82082144428729,1
5.545047480093184,83.45414181643854,7.469714534700298,66.42635652143841,70.25182593903155,4.74464991117217,2,2.40313411687573,0,88.90217432452846,1
4.352129026056001,76.15818334293024,5.663955872106584,71.3137811158781,57.98671655157994,5.380463068513397,1,1.5087889289716707,0,82.45016659823965,0
4.561781097101628,72.37866551485902,7.083445185648682,68.92145254879313,57.841003989285724,4.909912931333782,1,4.939056985151682,1,74.76046990618214,0
10.099624191571852,100.0,9.725189854993559,95.79766910631056,100.0,10.0,3,9.108110550235462,0,87.27946134018396,1
6.001365637914965,84.1905073475346,9.021517128268936,83.2118923155612,78.09446663234627,5.253476867981747,3,7.416641669079588,1,39.83670471138727,0
7.564260003062918,86.13265544661144,8.363145217186538,69.61470508332155,100.0,4.241840701025448,1,3.3831071405391193,1,84.84681878355825,1
4.418201236664894,91.37776780668662,8.19353053018358,69.80010514949294,76.22972754922827,5.202263570723019,1,6.032174819946187,1,53.184922619491616,0
4.440294107556722,65.78650054681452,8.049175135909813,95.37500819393222,59.32963474997665,7.03991008502066,1,3.728021044338883,0,56.30915421325103,0
8.163969618499884,97.52291909122032,8.738132251764805,79.95875122924318,97.38723951326702,4.90074322124507,2,5.852833374888604,0,80.43778239329863,1
3.3008475768969356,54.910428215049244,6.3150568214171425,79.35924284932881,56.75433007035906,6.369456717272492,2,6.008787752492075,0,83.93096030270613,0
5.169572464189457,72.3123358996148,4.967370901337491,76.39442353007428,83.18603187642675,5.792091928804433,3,6.852958241796267,1,60.854373616197826,0
6.068054822144464,75.409683268211,7.1035052511055925,74.31069602190814,71.54499016043658,4.419168846314712,2,1.8686726056847829,1,79.69289441128328,0
6.2227452036801045,85.81723364970506,5.773627619833464,67.90730942310246,66.81221161965391,5.2217515977639035,4,2.4688240222902946,1,78.44397902404361,0
5.641813429967687,82.18718266141488,5.4174688669342235,79.60588680269076,65.89332980919202,8.197844228384152,1,4.848858884190083,1,65.34029095831463,0
6.791639562191846,78.33185259301607,5.919582135118102,98.492168869106,73.30318834900194,5.486156590075929,3,2.935153328670895,0,72.30776290607047,1
7.385711511635623,79.88002655372276,10.0,83.03644610621048,75.9117514236271,3.0279579516578594,2,2.7805558600301543,0,100.0,1
7.46927509091866,70.21976976477431,7.204186951113766,86.53676120722557,79.08956778946089,4.360979145734249,3,5.5437147584458675,0,65.7764795792166,1
4.028392382664347,65.02767605515827,7.542861754541482,80.24567041522505,72.73727299923846,1.0,2,3.1679288711072644,0,66.29362015109663,0
5.4316898041424055,87.26511622336061,5.166455789493619,80.56715693417483,90.55058090751628,5.274797413505761,3,9.515313780776916,0,72.25010714328309,1
8.389525723753875,86.93706112536185,4.234370561811055,76.2248708215236,77.03525918698821,7.624124687565628,1,3.933668025412194,0,67.25569905714318,1
7.789294375147745,95.84494375157058,5.771421035321791,89.93534403429055,99.37089667921796,2.317188463732292,1,4.459535831584615,0,81.85753597126597,1
3.254281097037872,72.09982903184792,9.157293377813122,81.39375459184535,54.74864942248294,5.2994654690160985,1,5.595081081034274,0,92.03865939128586,0
6.702959800704403,86.92815210300923,7.501413199114782,83.14538713884704,83.69658411624876,6.970863611738573,2,1.9840892377085062,1,66.29996891300655,1
2.0435495012503795,77.16293271635269,7.8978926371665885,32.80285321147813,35.7198367017693,7.182277266392969,3,6.01700902433069,1,57.148222833527406,0
6.0938698041207395,91.90474985193482,8.107849058803092,84.35149893651443,81.803568998173,7.559602344551662,3,5.682935299667774,0,99.62361914516508,1
9.795534033491954,90.21962776678141,6.112975930302584,96.99310577201942,78.7200802327911,1.263492337308993,3,4.3013889692445995,0,71.79714214380823,1
4.104214565462027,82.11209399224457,9.081948375960051,52.23012868809796,67.76463811587382,6.00986190922362,4,5.547854615192566,0,44.43208386398002,0
4.331353909016836,76.60469843334013,6.050788601166727,54.86468864454634,68.56068392439438,1.9888696298107895,2,5.856565025647939,1,97.93411191545349,0
7.528059563145719,89.60932178608262,9.10934853889383,97.39136924861668,87.07843372182899,3.003335726855058,1,7.870381424600599,0,86.89281498481853,1
2.914396969580708,86.46904523256566,7.663453234203011,57.248157391952745,50.13728031115496,6.642244519217012,1,10.0,0,94.02013784067672,0
4.734489940229922,73.15559597913817,4.316432268630517,64.5974858937897,73.90220638567597,5.316094243703234,3,2.8769980247306552,0,91.51371286083872,0
7.192882275163505,66.72201326520569,5.8779857700991975,85.60802576650084,87.06810874514821,6.452672148478747,3,2.4053051801169123,0,100.0,1
4.731428304621193,77.11467099318203,4.322592200691843,67.21511153990657,66.28904199131597,3.141766790396603,4,5.205499222616031,0,54.44594946463275,0
5.528060025578057,95.1541381534821,8.744923199191312,78.64078640566774,79.88686322522028,7.947206220325754,2,1.0,0,58.06527887943004,1
7.488371420630069,91.46487158733038,6.962896868796398,85.41465680878365,83.97418705812535,6.376667867682102,3,6.298830463651008,1,62.61604479865822,1
6.843092167073123,68.8767253032942,3.6574863400753297,72.21550503442919,86.34632459152635,6.778596238586919,3,5.226161526145715,1,62.187306903315225,0
6.533636792590804,68.3224258410008,7.563620322579488,77.55620597734017,77.94302748160392,2.839666447769728,2,5.734573198522754,1,71.84426773094792,0
5.321755441459922,92.74683849679487,6.19425360641752,81.03631042039066,74.09755255985495,7.342802480425236,3,4.392856129760107,1,62.651519445121224,1
6.740122230537911,68.6436409524217,4.774291217450015,84.1197915550758,86.18796279398009,4.367676846719194,1,5.510031531936804,1,52.15674096753858,0
5.752534639800487,85.09295323642007,9.516948755453045,77.94324837508412,70.53608210262257,3.7775474597092185,2,5.944479155287737,1,56.883437148087445,0
6.915611219851569,73.83928784663676,7.160928799144868,100.0,69.15530145656746,6.250927080091323,1,5.4000468113331825,0,65.59370372807064,1
5.006135949764044,96.17044924521683,6.559852896530031,82.34105500267557,72.79760575406581,6.166423549575878,4,2.309802769074915,1,87.16450676111121,1
5.634862051240917,72.2957520086212,6.4008628285209745,86.69872290441802,85.7030860935748,3.306362304485325,3,5.344011654403042,0,61.370347110218475,1
4.0200844148959725,91.43361530205829,4.7300807962633415,68.44073799653061,67.11201621895029,9.11260202038504,3,8.70792937209967,1,82.1495172858335,0
5.929984779987528,81.84858654060365,5.043176650623836,81.8513758034504,78.76133182688889,8.628701152779549,2,5.481784116959727,0,50.180816143919884,0
4.37799827274231,82.52194854234287,8.927375177312625,67.57899146845463,65.84622857148746,6.210070281623539,4,5.274111225536329,1,30.0,0
3.7719070996760133,60.29691418648599,6.289175695321421,76.63503315362135,70.02262912578809,5.860806845463377,2,8.120075315781651,0,68.00237354016289,0
6.517322295710776,57.97086646794281,7.033101551405295,81.48261243756343,77.24457961288527,5.659572452520592,4,3.508768884470255,1,60.849869028072405,0
6.425479551715321,77.79434059732687,3.933504285698388,84.35117524788217,74.0138894990233,1.900006747962657,2,6.779355280173544,1,56.773942038926,0
7.565747469897145,82.46906063416611,5.022861946306741,89.43485037103741,96.44746734813153,5.225614775842926,2,3.9396852938956517,0,55.017245928579335,1
5.137748860849802,68.74802172262277,7.914718779812129,75.50707549019447,65.52110998217199,5.199083163791496,3,7.173166686690273,1,59.38727279225508,0
6.816105693673512,69.11306589523657,7.56656764017075,100.0,89.79134362655856,3.847976627523238,3,6.596096308935127,1,55.18975102733904,1
7.101595144547327,85.61472629826133,9.630062798086474,78.8417829477894,93.66892548686106,4.381301655996832,4,4.17544227334556,1,56.548959275512374,1
6.889547615663189,85.6285448045713,9.014434497446839,77.69062277672901,87.00545501459973,1.0,1,4.468077747334116,0,49.617289726175144,1
4.348692634395716,78.62258939612073,6.653933541272766,78.68443064009615,53.599800610647975,2.8054541397500175,1,6.955623082836455,0,38.058990533125254,0
6.298726964542378,87.80201721186074,7.709430347069906,75.54194483196011,78.06391087947924,6.843652583014579,2,1.2890981975533644,0,36.85888767787557,0
6.728280592109323,68.25797704279853,6.525094835645389,80.72733934705768,78.34968358206977,8.462393803278722,3,4.1161417802106035,0,100.0,1
6.0143569338158835,76.44065082913029,10.0,69.20767513552323,71.12614904954216,3.1132386294084577,2,6.240834967249033,1,69.05129813299065,0
1.8270446832578306,96.47877605783674,8.7235220440786,64.05080261031502,52.389783973011255,5.365697309951877,4,4.383786457210028,0,92.86813669456279,0
6.32097924794696,80.68322129939817,7.2545276362866264,86.64746868457632,85.61793896265725,7.196764658794634,2,5.26972676041385,1,67.33613307066116,1
10.425062078794484,81.26312514586999,7.3005921773145275,98.97338979473798,97.96484587145493,3.959569948210492,2,1.0,1,67.83585162330353,1
5.279921462486034,100.0,9.167275430889712,83.5477741972309,69.96570203217946,6.352496354469231,2,3.291043808660908,1,74.60005936198664,1
4.543845804289358,66.0065783415123,7.869366770670771,54.13797888411087,64.85248548741627,4.93242060883968,4,6.358905344303618,1,79.60105972217036,0
6.746697119422796,87.9643036664211,9.337942025605129,76.66495158197054,92.11889317197989,7.380803976850698,4,3.497985245871173,0,51.29995820619928,1
6.624756420933143,96.639862798081,3.7095281106116897,81.42399024255641,77.17753234749298,2.4350985206627533,2,2.3950805783559743,1,64.30337729352671,1
8.38547033083283,76.75142073501453,7.691842392248198,80.20452668513462,77.96876540737952,2.7908467424646934,3,7.123217065909191,1,74.5717264222934,1
3.4842636881822244,88.59630786854846,6.226847702977922,49.934188066723905,45.17123373918821,5.559078337885622,4,6.0313681081394055,1,40.997113913200124,0
7.462760505149985,70.17980502789095,9.634566981441989,84.23484287536546,88.40385869655961,5.192412199800873,1,2.8229332943658183,0,89.46007481354434,1
7.180844122502927,73.13267604432649,9.319598030784743,92.84442148312206,75.47824733615855,4.88735220701334,2,5.277007688864197,1,85.9413612661392,1
5.715706926118908,83.84966416047634,7.04925371365196,91.39961854485966,80.98148660943824,6.151668320408966,3,2.8881044105494262,1,38.4733542934043,1
6.67737463584338,87.98566673110591,9.303446468216547,77.91399434716317,66.75204792998898,3.1387008708845276,4,4.695081886248769,1,56.814992872573065,0
8.058914963196715,91.20936512406246,9.67467177998876,97.62673319219951,82.96436811307422,2.261128776757143,2,5.351976379050921,1,71.57274612390742,1
7.744630760056901,95.69628586939493,7.111610007889221,95.08857418104118,73.16209606513993,3.999783783942549,3,3.383007201599209,1,82.62763465006488,1
3.7139613758525427,79.32553441444819,10.0,80.75588862260767,66.62987541060448,4.223442882603802,1,6.484665867050479,0,92.89190794310935,1
7.640316373510969,91.93611755172589,6.952988270995417,84.69967156401484,92.33037364731231,4.432505637884177,4,6.794703404643312,0,60.439879401777205,1
5.870622789934963,76.57695156550851,6.678218574496137,61.368108997828074,78.60998831597578,7.538091422707753,4,5.5271310497997135,1,100.0,0
6.145748196031031,89.02091311588268,8.298808882876514,81.4305995043826,66.01512597214776,6.540834493598418,1,5.827964303080803,1,69.26861013301624,1
6.146393982003389,82.07488797852182,6.46931390328653,70.59403250031971,69.42072645091366,6.066479738310858,4,2.0943423232625142,1,66.63808146638503,0
5.69951402240348,84.45677907081924,7.128009663692341,71.26251902139732,76.54022402053641,5.443999189258622,3,7.724374453687055,0,78.4258713087338,1
8.38341499421413,84.23507874022037,9.114151636076365,88.90488353053883,73.42307588404114,4.131623088568889,4,4.8173500238870615,1,74.66185775045149,1
5.832564080301576,63.95294990202188,7.028828278325905,75.77354408801645,72.58403503793042,3.2921096864331103,2,3.1294872697491685,1,73.82325812339784,0
3.7609077432336626,68.75878141139226,4.457473310537038,70.22013138512625,77.73449999276079,2.605685158615958,1,5.29167162491185,1,99.94241712413395,0
5.212940288060542,81.02541439817523,7.550979081773795,83.09626460449888,69.4780862365595,3.6109862990586494,2,6.490939984777766,1,73.71055912863358,1
6.357389433620951,63.127209203588315,5.955559631421408,78.10959133534509,63.25889021140619,4.914156023278023,4,6.02469913410794,1,55.23588579941772,0
8.4584295685941,88.31211103199756,8.297906735941819,96.24912290905056,84.67648493480326,2.690031599634667,2,2.8306192704231377,1,57.4036767152438,1
7.206189369897667,88.71555966288142,8.044284573739368,86.17910694879339,76.93021296261024,5.339039515473218,3,6.515275779034996,0,92.08937023040188,1
4.298929442505912,83.2717055287779,9.207100522249783,80.84959117131402,87.19666445340108,4.61112374552871,2,4.87868183640162,1,80.25743730905661,1
10.970379833357782,68.78865987242078,8.361298451189045,100.0,100.0,4.205403176913594,3,6.002408364768243,1,46.6547655828909,1
6.529550621955959,93.80138938868515,8.635366425487097,81.85848635203425,86.48665807275154,7.323065802423274,3,3.3968969988374003,1,45.91712154540342,1
8.55078147599803,100.0,5.9963548597934295,89.00990290000108,87.8739295485742,1.0,3,7.091823178773304,0,70.37581826699356,1
5.696571132845541,81.47076827445974,8.205979743835753,76.86037026464275,86.18572340687048,4.23254090943014,1,5.365431052529644,1,79.24732562182272,1
7.066718489410899,85.10535378451236,9.952676934040436,77.49871116359576,71.06571454596082,1.0,2,7.37764662827646,0,59.829285348304026,0
7.67893700903681,82.01738654796044,5.96702513704485,79.56871218374891,96.83937520666345,5.477125345858885,3,1.9302637822877555,0,44.797446260644584,1
8.436389423508512,85.30369188998799,9.699607437590647,99.93960097036981,99.8980719152515,6.524363166397852,3,2.197161760769974,0,53.12242397631538,1
8.11473661075645,78.80441243373603,6.175974863198004,79.74166622193624,87.17496231804589,2.297787591572397,2,4.519944306729387,1,94.68626645961567,1
7.744394000145956,79.65435760156197,5.722043132425039,85.53078910375075,97.85822713438345,2.553884832217219,4,7.935250039945563,1,77.45455018048875,1
5.369826537611782,89.05717600497366,7.444300665032257,87.00256055076888,67.74674793103219,1.6034003365790888,1,8.925621795347451,0,85.00123095067624,1
4.856507916087877,100.0,8.073865624193214,70.75553163040331,56.488191515544926,5.1272839854263355,3,3.223147401850401,1,87.47489976453302,1
6.665215020648395,65.99928765598261,8.367625185958397,91.61347964009772,89.77094025388958,4.318423447591945,4,5.106094063222946,1,60.60990688368467,1
7.866256144682138,78.96187515597033,5.557356368840197,83.42082351614228,86.34510757669824,4.442690539216813,4,5.310303950561311,1,64.40447499569605,1
5.554558598446786,68.19539514767918,7.651810145881435,67.26115692873199,79.34515762366739,4.264056721028237,4,6.4363152260761085,0,67.47991921617677,0
8.130343931428772,95.92024898576084,5.9716681427747424,74.70346110813566,100.0,3.052801871264122,3,6.769925332824975,0,76.25027253622106,1
8.905233490972359,74.12262030680101,4.766616615894135,100.0,86.20886022187119,7.263748047792073,3,2.7712036141766636,1,86.3425726514414,1
4.16735816185316,65.56799206214205,5.606895526700823,59.46807899292165,63.57035392271921,5.5446813602632545,3,5.129186720434744,1,98.04822178582221,0
4.32615859240744,86.38186998848573,5.873649451066273,79.10265886328813,81.65329660022178,2.6306729264447917,2,1.0,1,82.21453254602797,1
5.719249882189327,97.44311114743111,7.782392740528761,68.59677914301281,81.0028166016888,3.5989063683349967,3,6.621582566080809,0,82.32378762520057,1
6.615225336378392,86.63597868560763,8.728320494603002,96.24996586129018,72.69352457622439,3.255862451065049,1,4.322760263351926,1,98.89946329991623,1
4.950865972465898,82.04797877281918,4.7901900551871,96.8221571084805,60.15501879940061,7.811855806946124,2,2.5892358413958756,0,66.92411856341943,1
8.704405357734288,84.09140922775994,7.527941611312084,76.65672619176807,86.94562574537227,6.422438545365731,1,5.665093619913624,0,87.83504448832714,1
6.848133723036902,94.14840662825554,5.234952721343641,73.39310427359638,73.70465529019263,4.747021086154894,4,4.260261513989007,0,78.67423765189828,1
6.078894096481479,71.2580072998585,7.943628113521001,88.12578912043963,78.84684577378418,8.414442369907718,2,7.522922061552447,1,79.22428075960592,1
3.128180952262945,78.88152895913687,6.065904128494378,70.77133399497288,59.55343078555367,7.904087190398368,2,3.2148357289075706,1,66.78208113589008,0
3.3683683671449858,75.47309851490466,5.423006472965081,74.61106038332684,63.00258774562343,4.53857821171646,2,9.44591040012187,0,49.08651088200791,0
6.562018500563613,68.3213469270829,8.199496773021362,77.0725369987743,70.96398298778385,4.178869355752381,1,6.709111085926699,1,75.17251464060416,0
1.7348087476903276,76.71624740583198,6.119616091832357,78.54938534868532,49.700513410889414,4.275272088205303,1,7.575388826368344,1,75.23625403095657,0
8.025274819288143,91.07721095982448,6.526054072970952,91.30686876333846,67.59465117616669,3.0945068080621385,4,2.9423275969030978,1,61.36835389884902,1
5.683692311255359,85.66602148392725,3.6700163686654355,66.2488357878416,75.55221704114581,8.467948896934326,3,8.576918754267519,0,68.54897740067486,0
12.0,86.443105001082,8.41982704213521,100.0,100.0,2.9871749938822454,1,2.574905109183466,1,56.77159813639334,1
10.615832501232221,81.46475611653318,8.23136278175366,91.04349354387278,89.44753591393153,6.73660863085488,4,4.58037660709285,1,56.898835027866355,1
5.637101861504966,85.23323782728589,7.008186766421971,94.09492289306587,78.6568934755044,6.381086261817659,3,7.60931325481352,0,62.78554880063818,1
5.78732599493737,71.99409657651894,4.708628587966361,72.33331734668569,68.61381245201858,4.390268043552868,2,6.013538145008949,0,50.07342628668589,0
7.99116302800406,76.9049011407277,8.814053767502145,94.88064998746651,95.97198970495805,8.6200902073289,3,2.5216761654080764,0,61.24782764463546,1
9.406345219836076,81.92004236968677,6.000604920458813,92.32499464935859,98.02454583113925,1.8818073578369434,1,7.270820123685304,1,80.70601909259614,1
2.7239418851279664,82.7751585888189,6.319969824849117,57.4658363280147,60.3906924373722,4.84061739804222,4,5.679908905485075,1,91.84176876000086,0
2.427249069290627,83.20187854921873,10.0,43.03370353364262,55.21173340329817,4.021919670118991,2,4.1675995278901325,1,100.0,0
4.755930388891237,78.61664717983622,5.944545333836156,79.76139797436186,81.81890039719094,6.921186300541706,2,1.9159814879007584,0,63.997999352456915,1
7.165475166347729,76.22576598869671,8.11331494363975,98.81918835803049,86.4669557750374,5.707131728750336,3,5.869501059745655,1,88.00160235942516,1
6.993747181015194,100.0,7.843138393123926,75.80906009142444,74.90824594606664,1.545409642667015,3,4.673144394067148,0,75.0426089089071,1
8.1395429099677,89.067872729324,7.5852582893201275,75.24542339985179,89.82440798301623,7.478958887492906,1,5.31261869749447,1,66.43968880693565,1
3.6006049432693836,84.13147475952623,7.4230008138317665,76.0361851437252,57.91481922995581,5.970923445849135,2,1.8295972796588167,1,76.03304596003395,0
1.3677122740622467,77.66791501793605,7.564582842833799,40.37614787924873,49.83027270956937,2.9290162760741385,3,4.162685883287306,1,86.53188562152071,0
7.716028390604291,75.48781173056123,7.407910886410811,100.0,82.09847321995761,4.300641790427215,2,5.960609243083023,1,62.52548388000254,1
4.343607454069531,78.69199406273044,6.922122461835909,62.674086040801456,59.29353736895404,2.4002301700558357,4,8.752929222609463,1,62.1801947764251,0
1.9630242712227242,82.92828843586683,9.266924686166114,48.782193927867354,53.7708677548208,4.65832394876704,4,4.589436754298739,0,63.853299536810724,0
6.2901274919187635,61.195644559369185,5.031009158801083,83.93526167090673,78.29866123767812,5.3002359347196455,1,7.8865981181362415,1,60.59838928661563,0
7.586351376437355,64.30610404625317,8.532187156023065,77.5503640320724,96.1576667090826,4.330705682732103,2,6.5746968416996925,1,87.98323772185084,1
5.755885735757445,73.63117611061043,8.233513448031328,71.70831786585514,70.38575562321654,4.099071000254291,3,5.467569932506697,0,58.54226192381134,0
5.084303227635021,82.07139436778569,8.047598681994103,78.96133546488517,50.69728089085706,1.7745192618976424,4,2.9753164326677712,1,61.185772805424904,0
5.6812755357081866,77.60726852848148,8.675469141460193,54.115254306874476,70.44894522961599,5.674482923006416,4,3.0590429129380876,0,74.66804652411011,0
5.258834475198435,94.78121226099483,6.861100907097411,92.7183648352754,55.288699262024835,1.1510908062740945,1,6.2350817414131985,1,73.45488704767547,1
3.3039057761196657,65.17603213004232,4.196538886259685,66.95593020525571,63.980154397683755,5.062159036474524,4,3.9470088517895743,0,63.85224937451881,0
4.570638646019137,72.4865453039663,6.891561010428271,59.923533106060404,50.68485259262694,1.401688351935078,1,3.7692745624678006,0,95.25432008614253,0
7.042559810027629,95.20091740991101,5.5132086735631685,75.04034535726973,72.37164823602475,5.101009780972573,2,4.6387793219314135,0,60.540462809645966,1
6.643357082753,81.31119324675147,5.902211185212904,93.13324919637301,76.23679791376938,4.987761990824502,3,4.672338339321616,1,67.43371064093056,1
6.336119611933641,88.84842582801159,5.136370489251382,87.69112741040924,93.45622371921328,5.806689935357081,2,6.801535952387374,0,41.09874192381265,1
4.009703036293241,100.0,6.283982712334248,83.91632175431832,53.32931706061027,6.724571433603185,2,3.9890046034795787,1,65.42503444241638,1
5.636993675728665,73.06195582098178,6.105064459024826,71.35753993060098,73.94601188583786,7.095176844501876,2,6.602480072048632,1,50.15565161372385,0
1.6458699071142906,79.00685662207968,3.4336452551093464,61.19518790707948,55.674985212258335,1.77991480124814,3,5.879410268108807,0,56.25602419813262,0
6.356953327770779,77.27573099069129,8.050332866923434,86.05044575669066,92.98232549883164,4.883587893733839,2,1.6520080252758973,0,40.66210558570265,1
8.857715415627135,60.45406995516724,10.0,100.0,100.0,9.021881769120107,2,5.589015325966614,1,56.612435106632724,1
3.0517357359157886,76.8960319624403,7.909355790244433,76.53148991389963,69.24948393181938,5.238201136995414,1,1.0,0,68.87408169886612,0
4.82814465336449,88.81062187380665,6.695614065198658,66.96808420837897,77.61193850870235,3.337303719397373,1,3.2095534766960268,0,66.33727342581554,0
6.658213557420259,85.40589541812241,6.9178804064856765,82.1493651094965,67.85805163056017,4.840597747121328,1,5.926153693124497,1,63.77841942209958,1
8.505685268854968,86.1908316938801,6.368521197980236,86.42692888847338,94.63103265630028,4.232668119371877,3,4.97871379948125,0,65.12644375776549,1
5.103550767399701,76.24491019360501,7.1350623758004375,74.99163510343476,79.10791412612043,2.647083685735692,4,1.4642157880769173,0,62.42514381084081,0
4.615499341468207,73.43902763994359,6.94448785889015,80.06182452797078,58.127993152069045,6.738208376414016,4,2.7616764660529043,0,69.48094705361055,0
2.0621537151678337,92.69255671898621,5.738427354402559,43.77041357323215,46.57532352376678,6.168705116550725,2,1.0,0,68.34660410063239,0
6.206876258616213,75.02682853642331,9.524332583421748,92.12809698767391,69.20933460042671,2.330981855775744,4,2.3148734859114324,1,74.12470783279976,1
10.084152080287488,82.94082038793213,4.769268646435344,89.02893915879994,100.0,4.813450832366196,2,6.1581266986371,0,66.985566243031,1
6.554716923929352,81.63334680677538,8.07749731479137,79.69988142267444,78.63549034028479,3.8670727016357542,1,3.885134122849707,1,63.49510459665793,1
5.9554420416325735,94.61717016257118,6.848203559023702,92.21662945782411,72.52419330644447,1.796814970950066,2,5.339891083453116,1,81.6733347540613,1
6.644164621533971,89.7141235767236,9.851247722598618,86.5009202875039,67.04828856267395,2.1703610850480293,3,5.027288763078992,1,79.04310219150555,1
5.977815992102796,67.04741379332879,7.511296898872332,83.28437944315058,75.19295342067885,2.468080352399336,4,5.065166140999171,0,69.51361462386606,0
4.3739712554797405,68.12446833224959,6.460141694225127,60.063595824447596,60.56794398303095,4.883140493114406,2,7.046264846226103,1,87.92655137149866,0
7.646559831355411,85.78909818069134,6.628439202348254,77.79193979853865,88.31275464077409,4.084093999593287,1,4.594178715657952,1,71.2397348836615,1
6.4515230462235085,79.35662352620834,7.0598600417796415,91.67017919780673,67.27946629088655,3.0816240758081737,3,6.821336746119813,0,67.58241033894006,1
6.035226503867315,75.44828216046236,5.285813957505399,74.28469706449268,77.9904216182659,4.216233940758098,2,1.0,1,68.9711276581764,0
4.0492679454435,90.1562788399447,5.849695712323133,65.297220994219,59.906099967672795,6.495069943690955,2,7.2228519136880935,0,72.47675944938881,0
8.607015863869519,81.8745938208891,4.322584046212214,100.0,79.14912592586565,5.713392194544111,2,2.419843815780445,0,56.24199905820198,1
7.32940549066622,80.52457386889444,5.615534652438859,76.14789199963582,70.70359256521586,7.003737615243805,3,2.854120553843357,1,41.895581126467654,0
4.894158325265396,87.79828640755049,7.140859722490674,77.16314295518956,57.594746071365435,4.543374270561502,2,3.590765021017488,0,74.2220670727423,0
8.003649707363873,76.24891005056436,7.450262573926781,90.44732179849629,85.95790766977782,8.205114381363288,1,7.167710441662873,1,82.51053717244952,1
5.004858323229586,95.68518985472554,4.0310054575053975,74.9974343575155,71.23910428301252,5.696159767396984,1,3.2214003017106845,0,54.98562341636813,1
4.435993014977926,72.11952376766992,6.794182445433699,66.99560875611459,69.31419441363937,4.022165153317219,1,3.6882224415272917,1,86.09609150535248,0
4.480593765039426,86.56929066342089,7.845114926233198,66.60441701056385,69.95909176752104,5.185903619380738,1,3.076624563948442,1,45.303162480087735,0
2.4578628938238176,94.33832838659845,6.755631709935647,51.50567283117043,47.161944753150905,2.5038480948203654,3,5.5107896017188756,0,61.618175908920776,0
6.9430847608364115,66.227045107279,6.0493170313333,89.54207406459513,92.24253764597022,4.387629727504462,1,6.487216669775336,1,95.5902373332624,1
2.3377102433232997,76.5666482414755,6.381758282427679,55.00705930144913,49.60400619985827,5.859948460453215,1,8.40864903152126,1,75.33904728806789,0
3.5431123374684748,91.42207392885558,6.188854967534167,77.40300789901488,65.76017162540816,6.223339016197179,4,9.799634999573541,0,65.46283686424246,0
1.8488239818429335,91.57244547731025,6.044904161337914,56.99856949330814,49.45138955611943,4.1796755543376065,1,6.300361506375939,0,73.78428752947343,0
5.8278606144182135,78.28504399611761,7.260735287867273,68.55479817788068,78.7233760035397,10.0,3,5.731308373738736,0,87.94514798876139,0
5.699359079456256,72.6532890632314,10.0,76.11865657579708,72.0528738152884,4.655584513689423,4,2.5653205357835764,1,48.322601164567054,0
5.346607573627272,89.55935822330763,5.884450124642225,72.62446587677161,76.0159942075093,1.6432119157136933,4,8.818606307461952,0,89.76789625418034,1
3.9148446106588475,91.83549102581605,6.522786051007859,79.66525717057476,63.41517896514985,7.426534384016996,3,5.430806218667891,1,62.6494520335723,0
3.65553249312672,68.35336651487606,6.922453090937153,64.58766057311827,70.0716006652672,6.214254607699354,4,4.4218703161847275,0,80.62577389444415,0
6.928739727093149,67.9608635103362,5.9689683484625595,81.88159482346248,73.38558793044692,5.4633776419105,2,5.775063538107108,1,60.786646611751564,0
4.898896136583025,82.25256681983599,8.64735370528514,88.60994773783948,51.69446346059236,4.070158217816444,1,3.727298545210238,0,95.25584982332975,1
6.632716643072289,86.29360633428892,3.4436719400403426,88.24625642999493,70.06272566409277,5.786693032052883,2,1.0,1,69.53255495250865,1
4.229502627751555,77.00930914769945,6.203411244431987,87.77457329879275,76.06619991888967,8.238032491995261,3,6.1436058418672035,0,50.067748771407466,0
6.3621254855421645,86.7929381998235,8.227470604479944,94.40107746834987,76.6271647143756,5.403265874680292,2,7.684947703867808,0,77.05114637432638,1
8.606556074632127,72.89863393162618,6.558858537417049,84.1611544895321,92.55995940325839,2.059932826378148,3,6.113845270401893,0,89.51844972690624,1
7.172331600785567,58.853064009262646,5.768741561724563,95.76116654792892,72.49762346424953,1.0,2,4.985841739996692,0,87.82394763058552,1
5.1751723635670395,75.76098927667404,7.661135131658146,91.12889473858111,71.70657143290502,5.769119121276771,1,5.026543504782721,0,71.40250555272696,1
6.514397940711855,80.63232146513101,8.359514853095728,97.90012102679347,68.85826120354416,3.0281729174797842,3,5.3445594954325735,0,82.18112985334967,1
5.518669650939574,77.24160040103544,7.315953167822587,87.47430809046475,64.3542051551099,4.800574565208392,3,5.2833084421771686,1,63.67647881440367,0
6.015760369389456,68.41396736340515,5.7981694602806755,89.75403179603904,72.06972538809794,3.3818447539732013,3,4.878597365038891,0,78.8655648182652,1
5.348777895702993,61.843510241211824,7.684304978727615,73.71727904175947,76.54363995263941,3.238182031606804,4,5.0506857589377026,0,75.44219374192417,0
5.671329588229217,74.85911195632102,6.396926049587815,69.98282709765033,79.54645333580041,3.4694517334274657,1,8.110025480880928,0,30.0,0
6.42418670614835,88.97655771649744,8.117780322840742,78.59876034176719,84.33556921626847,3.650249280166868,4,5.944546428693066,0,54.99091738178107,1
4.0132826008360984,92.56197439413683,9.224888327284887,53.41852298985286,48.198854454572846,6.552471976965671,4,5.210293968049128,1,73.11766901647712,0
3.9682423460200433,91.87713384138455,3.091634866467201,83.26916488431726,63.742809072217646,6.147287586273169,1,6.318453792591834,0,72.47492097634525,1
3.222914892337578,71.84090464851447,7.166601209793449,63.281644867510764,57.36967102019811,2.5840223543776535,3,6.318597973566487,1,69.56383763461028,0
2.79945779099258,68.46293676369636,4.396399094578559,76.9105962456125,41.47492258514093,2.856530547265983,4,6.891995925539717,1,71.34061927963452,0
3.5654346155590413,84.96634614979895,10.0,55.512177305579215,61.55244536057623,5.758243808938745,4,3.4861771763342793,0,88.11501480130073,0
6.318925013608259,86.35100011597925,6.297813199305715,92.4208742780634,75.40927790728193,7.105004730871043,3,4.038944187704421,1,75.31183327972522,1
4.214424969016232,84.00169605200497,8.119559862738058,66.12331826328797,70.40180653527626,7.0742827198282505,1,3.372885091611496,1,35.01060726491763,0
7.0272289284621925,59.85936725762237,6.947024710607656,72.29245055921922,82.97584433317118,2.994182318439537,1,6.533445846987384,0,99.2156446371136,0
6.0694274975051234,71.33115415116534,5.795373128921411,96.6183180091232,70.92335968219821,6.9786228638004495,1,6.435741948814051,0,41.401808440233694,0
2.0629915731238926,79.70311209714022,5.6169204292338595,71.3880745590272,61.63557394331313,1.4474607313623,4,2.453514254955257,1,84.37213938563086,0
7.30995116844338,84.87218194630427,9.378518759651138,88.66768004407474,61.64737200290904,4.594231165979922,1,5.781675625640646,1,46.5352174226295,0
7.62159729118342,87.67307362602487,8.433907090267466,88.44736530726672,85.08693246280441,5.974052885217305,1,7.744467735735746,1,91.35159965304732,1
4.012274650330293,81.4425352228204,9.915376131066346,74.45647343984265,46.4411385820624,1.0,4,4.5293347225510265,1,65.83001430875274,0
6.840383085789983,83.30783806538236,7.083180002736548,86.14820120812402,71.9203658026787,9.185713848170924,1,5.627946547852609,1,75.7641633417414,1
4.287003525181602,80.84865458361104,7.4318794318690005,63.5122580841933,70.97015818118311,7.653390365953232,2,6.460971405648849,0,40.207601072920355,0
6.195340753496671,86.85619374218483,6.5992126515170675,76.85618106963415,64.43006971657199,6.294007944721178,1,2.35888352120256,0,80.94344747939711,1
3.4710031860900687,83.12865651490911,6.569376695327486,86.96219425083737,46.58884092950106,3.069943584870157,1,5.303976317982205,0,76.24453318115006,0
2.4137870949308464,80.65737660047287,5.437169601283948,88.79050290093437,78.30217240374132,4.863792750845734,3,7.544232379482942,1,79.25984900185976,1
5.234365620774063,77.3163120086262,7.126015286386527,91.79851315617714,57.813303210442726,6.580840339526044,4,3.8135823664717043,1,84.24424935407241,1
5.752542107450328,80.81291425042481,5.816130107670705,83.54494993887788,91.0204616755817,2.754676866000372,3,6.664932284517657,1,72.67763304247951,1
5.204640612770792,84.84591378839275,7.662863383246304,72.64571273683461,69.50582203083215,4.639051537523965,2,5.054323214278238,1,66.83937894957496,0
3.631938883554881,82.67475388898062,7.255015328470314,60.17783547880475,56.54334208693953,6.820767699621964,1,3.650990715732652,0,57.83639730100628,0
5.200201875737726,83.80826418345254,7.431523065513583,68.6781852743866,76.8690751603084,2.0108099964539,3,4.806982898371169,0,63.353286842846245,0
6.538589505161468,93.42721861351185,9.51269490953534,77.16027093893973,92.5974777864138,5.66484942204091,3,3.9477441518275365,1,88.09741929282977,1
5.910213939754926,82.65163922746588,6.943423075351613,100.0,64.00060421744627,1.4904607407576393,2,3.2233719164742682,0,57.43315564152227,1
6.365002061198426,73.51001479526842,8.135090504280143,99.88783326981812,73.08751446990526,3.112306488842693,1,4.4913104550937835,0,42.35356341440021,1
4.659769599091534,88.83606785994169,10.0,80.76163189481161,76.42731494139173,3.9908147886478114,3,5.136852624772245,1,55.18700609901873,1
8.34343582943232,66.33801662331082,8.95992560394257,82.11104738303334,92.94055810086391,6.027111225437557,1,4.667891234902263,1,79.09064019536554,1
3.6476533268904388,69.18586619260714,8.729754547682267,77.16882590156257,72.90509826775646,3.5984217949875923,2,4.469252837742319,1,65.45721634593849,0
6.975120594173437,83.35847264720068,6.53996767671925,82.48943268576113,87.00184310935842,5.251096782658302,2,5.451991765931199,0,79.06740484462968,1
8.363782185919924,85.16396667786579,7.344464583351695,70.2888165431584,100.0,3.625543724383534,1,6.0628119499620965,0,39.99308379352922,1
6.961816185497791,67.54948776496005,5.022585561955087,87.68008730150154,83.55678310132325,3.938766455769696,2,2.7118095343205204,1,30.0,0
5.59495154587034,76.1718251901325,7.748371601446622,69.55562732101114,75.78782075853167,7.501323015572298,4,4.495208261238784,0,73.96162854559746,0
4.943405906674042,73.93916167780341,7.411690266420763,66.63649524246983,72.87764916020224,2.699543643515523,3,1.052918180012302,1,85.07039330102498,0
8.072175302092512,75.13323677118403,7.035077687734272,87.85679657478249,87.0081632952895,6.518307947894369,4,4.675633281931593,0,44.33507166104484,1
3.154050149476654,89.43597776272946,8.54079218236429,60.787021017959134,67.40517248486917,4.997872229050036,4,5.301058092143243,0,77.89064829009739,0
4.059751479240713,87.06505463547253,5.188337766363405,69.95618920516348,66.72892111407454,3.848892622184019,2,6.1395600243308746,0,87.85395360368065,0
5.204884469016557,79.80877820146293,9.45229427674052,75.20111684491073,79.11110690555078,2.564954335179764,2,5.308209612992609,1,69.93424687133694,1
8.475307515023996,74.54038072885072,8.352647031910426,73.61844664664366,100.0,2.7075273858018174,1,6.0963512881084965,1,83.51636259004306,1
6.759535272081792,66.5035032977986,6.894049030522039,99.00045624923729,84.84175844809403,3.522709950484107,4,5.130449963338555,1,72.8561145122707,1
4.063908482979509,94.2018493878195,6.77690561827391,60.48577518541075,69.40061414021902,4.699891185557716,3,3.6489632436350514,0,66.05598437089667,0
5.379384589230193,85.92113900284919,7.7209168228728915,67.37293909484623,62.17300965941582,6.207019272312802,1,2.768129663220601,1,82.31523311513318,0
4.771353711807411,72.9333089592686,9.281276848095668,70.57123604113409,63.12458639264625,4.3995214801552756,1,4.473994585422941,0,98.69196378373725,0
4.58042201553293,87.19599497624891,7.152411578035016,71.81876160397171,75.91636662310489,4.533378296235562,1,3.467447593186086,0,61.632382866731646,0
7.957779117113558,79.29776379425374,7.2160463529688395,100.0,100.0,4.83201955335539,2,4.76056177073806,1,68.68402499475651,1
3.2565137414729888,77.12890495137657,7.027177716438807,68.97680322791396,40.134780193754324,5.9535553828774574,2,4.016245993025141,0,55.13971817810123,0
9.217561711468747,84.35211528289602,9.673036169052208,100.0,89.62673879629833,6.28960563839302,1,5.838162025128096,0,72.328203166692,1
7.656459380369245,72.58501750087275,6.446675345594464,91.02765877767904,86.17496230636198,2.226069048856304,2,5.097910048914469,0,67.65400945824375,1
8.181723341207396,76.5624348048989,6.955738602071393,93.2232325310247,80.2975954264376,4.435850580513376,2,5.894988672514497,0,87.37677915055282,1
5.074120975949484,81.21461064199546,9.195153481391491,78.4678999106175,62.219529413880075,7.4548080346958425,1,5.8847694465491225,0,91.29622252997319,0
5.700118561841781,75.00548807114787,7.220516250419295,59.17325138351951,78.94991010898873,2.3677600925600912,3,4.64065391256714,1,81.81978179930614,0
3.133696370950576,86.69085210267524,8.705588290068283,63.169297006357596,74.6159379174178,5.148625780897918,3,4.763327310157359,1,85.7014651657208,0
4.950675185866394,98.6906650367826,5.633079914645562,86.37598703504354,49.38581555197695,4.658311992406438,2,6.003208976642723,1,59.427456749818724,1
6.987309695286302,72.45701867392857,6.692061217557229,100.0,80.21909668190085,3.866648820126777,3,9.891877861348249,0,55.676021228497,1
8.592126123562792,63.34874703695955,9.226651057660343,80.91754129241886,96.18556015928064,8.181565302086716,3,3.021737706128835,1,76.55226063586774,1
3.7856863663950966,59.98259832523738,5.985490426354682,73.15923143521901,70.516257920373,5.073671617735749,2,5.083502975978919,0,70.30030385891929,0
5.268988126029468,78.49531858505017,6.773051440345439,70.63447485140392,74.80520218686719,8.022290143888629,3,2.6085833055519205,0,99.98783321976472,1
5.697401559534955,73.36835409873817,7.385027846337218,98.96352683664327,91.79843485657088,5.01125441048882,2,4.958175300884177,0,41.17533275606871,1
3.2084215956150297,82.0786050106708,5.51626822301052,52.50428037016033,59.53959550694812,5.920511778635463,4,3.6518781926912514,0,79.2937120930593,0
7.1826984835168,81.32597672026101,6.379284822067154,92.1628873207428,96.21611880502178,3.8455569821460385,1,4.76018717789568,1,79.04576177723413,1
4.552019336514782,63.96783153385904,7.16895502273846,58.68798568753201,60.848439315629,3.8678126494044927,3,5.3106206678957175,0,58.57063305625381,0
5.609219297645952,61.851161705185945,7.0700226012429415,74.86042980762143,74.23514525176421,5.818695060497721,1,4.021217775152078,1,55.486342524952605,0
5.096101256176245,82.95933240346095,8.920528031255703,75.13737297338312,58.44945677906896,5.8553949152671825,1,1.432482647625235,1,64.91107242641648,0
4.421322988560651,81.35428834719957,9.31218579224838,82.80353176019933,75.53658233685385,6.195974133183709,2,7.851071354305613,1,45.37733177128577,0
5.985910029038891,75.74182001633449,5.715872691998634,69.15788188360918,74.71103154782159,5.753356573909151,3,6.678553959598619,1,91.85999206202666,0
5.568780842863955,63.428564148676955,7.1669027787512345,84.47773470279363,76.9908956823827,2.3271581459918305,3,4.73888154217827,0,100.0,1
5.256284235442669,84.7139126276499,8.011372462637148,76.46919841109282,68.40401909980528,3.3872626465751683,4,3.2105340035788767,0,64.88073507444669,0
4.543076756639314,92.71899545423943,9.274521198698796,75.44331764605637,73.12274555642604,6.69988577229739,3,5.170049180566055,0,60.410572312006394,1
6.639049341565911,82.77982440218922,8.077735445975694,92.77857385468096,83.80863578795298,1.083069269193325,3,5.721977650082817,0,50.337124743068436,1
9.30723453698457,71.52526109434936,7.436370102388498,83.71060575486997,85.89689292219535,5.585214483011207,2,6.540023631519217,1,53.55794866724709,1
6.279774465678255,80.44552165571152,7.999813797973946,89.5048220598772,68.31097246823943,4.776239801861638,1,6.724444328801572,0,61.15833367495344,1
7.992236429822258,66.33885919066316,8.01065325150439,84.27213361821704,87.67573127552004,6.699163734944719,4,7.101352610623692,0,88.13151911271451,1
3.2195561496930747,90.57960713838793,5.608428561573447,77.05651529823363,65.91307647222501,5.833242372141511,3,1.518280621010041,0,100.0,1
6.315522878587539,80.81844334529539,7.2891981887594035,84.92319073831649,96.5220928026637,3.672039440583076,3,4.390713571957711,0,59.15761053812321,1
3.805263362057867,62.31843088246768,9.188741491283038,66.93103299511878,65.8614887390045,3.5812999233966734,4,6.986201641223255,1,56.46919904052608,0
3.046150144936197,76.99325639556318,6.688964846958993,59.33049103377277,68.35221489450258,3.9544330540061616,2,3.1527365947240704,0,52.48010185131337,0
4.521257185081927,84.63301510234231,7.1941699638211665,80.83923586896294,50.999033762849876,6.160126094741256,3,7.438535154363346,0,76.76184143613746,0
8.383798668827145,76.66952379024478,6.636225325710967,100.0,100.0,1.0,3,8.62075523027655,1,75.16331367756925,1
7.900031657339291,77.24104278559827,3.5292107565896877,84.17164287809462,93.45705205532767,5.314758888714123,4,7.382508638918321,0,71.51388703471204,1
6.4860094441088,67.75597792952729,7.030885265852019,71.09998156273002,78.420011553065,3.2339308255452655,1,6.32318081420643,0,63.335444243966826,0
2.9345988802201384,85.66540987081656,7.4526878959793095,71.61510483055295,55.96063280674158,5.381670595614514,3,4.104987545274303,0,90.38807048745537,0
5.607438697224127,73.51530799980863,6.231259913678647,63.551884065783625,62.57263420475478,5.688995573006738,3,5.563269607495744,0,81.4639154396167,0
6.603400017803471,58.43554622994967,5.268044576672908,69.96187571318764,71.40753214961912,1.6753468341426254,1,2.3078107025587533,1,80.81295729773151,0
6.351072459157196,76.28742629329606,5.679090310327526,71.12835954050698,97.21079107627732,4.546267145998738,3,3.4377786708164875,1,75.55357940493741,1
2.3124128330385085,89.81149715570353,8.146281424203346,57.40755933480504,43.98443261537093,5.311140713600493,1,3.578393034977059,0,67.15916766370103,0
4.219364303960257,76.13070553400053,9.958787159570358,57.73350262764683,55.23350824509809,5.175900190550295,2,5.123945147931894,0,59.27247603796499,0
5.871844471702567,97.3798498512352,9.073650011358149,59.97122326469706,68.2088619694596,4.755598093768071,1,4.215645469143418,1,77.79857523315295,0
7.072581819034379,84.28967948548517,4.983480992754172,74.00846715180067,70.45368338459355,2.5582249603719767,1,5.523199913240129,0,76.3474398640689,1
1.6077443578001072,83.38758162280367,8.281940965826054,64.46346625472673,49.79953189525574,2.8627439387069162,3,6.7556536497545165,0,78.50786704928228,0
5.675752049040283,78.71601734082391,6.005256436286065,65.66331952393375,84.94361742089409,2.2439053544922993,3,3.5805449142574766,0,46.533490227536504,0
6.286097539757905,79.31713792235709,6.126599406236834,78.02779091924782,71.6116619758271,6.108091141679507,4,5.297202185874102,1,75.0891721445649,0
7.6992239770324264,77.36576364880496,6.307036603043074,100.0,72.46210106458635,4.7688583163867975,3,4.168062020364127,1,65.36999728987982,1
7.385715168474873,76.97730607917474,8.059100424783146,86.43683454210347,87.23290414099577,4.896493521414574,3,5.3803249873143635,1,56.8210419059461,1
7.165142637617611,85.30867162067149,8.438880064673558,89.25102308538399,82.43311244890754,1.5890131123102118,1,6.372345196423638,1,80.92640416329984,1
4.400118986596132,70.64168770209434,6.852953393080318,62.54019475046513,76.42795942039304,4.93279440547759,2,6.842471581684425,1,72.65905585448324,0
2.183995725753385,69.2410617127574,6.878393888487963,82.55472716576836,48.55889136149761,6.267274143965365,3,6.340608238586077,1,100.0,0
5.213894485877198,68.76804949124622,7.69639561485369,70.65652753800171,68.68179911899644,1.3163208508514415,1,5.827971257857988,0,77.26723241649027,0
8.00326365041712,100.0,7.851991809286362,87.73527140757042,86.52427825707002,3.929187482510059,4,2.1595734539609412,0,65.54169058125837,1
8.786909055048863,85.3034290167058,8.764338560137794,100.0,93.611495435828,1.859301736910389,4,2.8374681409082214,1,68.37571746334152,1
7.4210982045955705,83.04492201680145,5.073442036736202,85.28814857444166,80.60097245399753,4.159435850540226,2,3.351643440399018,1,52.42148095550779,1
6.858681645603468,69.42485329706568,7.030041009706045,84.7722960547695,75.60564879316073,3.198016204858154,2,5.71724041361505,0,88.46272267779564,1
6.759279296771931,86.23342300674828,5.397963436163233,80.97951327596836,62.05189893181317,5.761817667283206,2,2.417990175218921,1,74.72477928558934,1
4.887762506478439,78.83428653546672,6.923586581404895,71.69048875181993,63.672702947669464,5.338479126852784,1,5.675044656335715,1,74.98194520439718,0
5.73987941289276,82.1416894113175,6.660737068478858,82.40441717274473,81.59150915817408,7.583008811268089,3,5.528938514265297,1,54.03672303715488,1
9.338139051652663,70.23379684136444,6.929875819145947,100.0,100.0,4.891844301399012,1,1.1286217889606305,0,81.6850177413794,1
4.114883988416247,81.60268857417577,5.8003856678342025,64.14193562995555,59.978173694584484,5.676975604208547,4,2.824794356464896,1,55.96903047349806,0
9.229557581419703,75.76166461793517,4.769065310188857,88.48698334562923,100.0,3.8845850367030446,4,7.087751149713499,0,61.691357332397395,1
5.3559436910158835,72.34388842969813,3.8583437099276456,70.68835756650378,71.84862142909175,2.7938706975428422,3,6.394818296789826,0,71.88156850394903,0
8.650864218190158,87.34106335807249,6.80322976860274,79.2417809489531,78.52672159098147,6.669524869380173,2,3.2992120056101317,0,61.28581798056925,1
3.1863699810049235,64.62292191469997,6.353498341250591,50.02754731983164,42.59437932148698,7.486510107094159,4,2.9302780291710997,0,58.11504534211632,0
7.171808402329298,85.6477626431415,5.98609350279426,88.83071348389558,95.21342964017305,6.4113113984765056,2,1.0,0,69.24797052351896,1
4.526459728104756,86.84486133552996,8.983822694247491,82.0182566722749,63.4287211160178,5.262456246259065,1,7.942595375442629,0,85.15010205601095,1
3.169465616151625,71.2035632444876,5.710842719807033,74.5577810122103,46.87614846618396,3.0518128910294475,2,5.08210873686209,1,83.42614394984294,0
6.437068084821892,71.79671538867532,9.125251123208205,58.36542769274287,56.029646794576,7.283256346853893,1,8.767448110690403,1,80.61123322416333,0
8.018943577191937,77.76974318733598,9.435765616403886,87.64406701552707,84.1565003544002,6.159018631274024,3,4.616657826055486,0,77.29359750336707,1
4.310117122813008,82.8203621046222,4.073649299815928,60.529666058139455,69.90821132684167,9.049757218658891,2,5.5651785977791715,1,62.86653911137954,0
3.0019680790831975,78.47145008185774,7.138572188498455,66.44721477362455,51.03489703403714,2.691152099520187,3,6.782596942857191,1,86.81308874188933,0
5.81631047133009,84.3356246019188,6.4004552637460135,74.90331716855664,64.36541122664183,6.72513300249476,2,8.27768537236182,1,43.96146194569745,0
5.825129342445638,97.62979652537399,3.0,85.04476577467408,69.45701836860655,6.098213009749596,4,6.002043316968848,1,76.50683907456622,1
7.096639255108998,74.92283230850286,4.8330381203973785,85.29166537153158,95.01175572210255,4.315945599503888,3,5.004814435876585,1,82.6194247617348,1
7.899189142728977,62.8482002929658,8.162404160662712,70.535926764466,73.46531867962196,7.727669760406208,2,5.055915322230727,1,68.64562646648231,0
5.881169637455012,88.25923583030654,10.0,69.73498945927966,68.8700075205049,5.804690296849096,3,2.90832879558613,1,59.16562352870999,0
9.711006629588526,96.8331457592753,8.354017214048874,98.61288429620916,100.0,3.126213943076692,2,4.236234266268698,0,69.44411465920432,1
6.448469489070583,83.92768363051124,7.485448708769466,83.14345173766378,83.63257982866104,4.763321967451181,1,5.102438969230179,1,58.636074539278134,1
5.307146987986201,69.12251324646331,6.968001427553369,62.478966862890985,73.63416006570677,3.1022823857937745,3,7.763787750203525,1,77.71390986524716,0
2.776865281794344,78.76107636764799,9.52399437197217,48.5197293735105,50.176730336603576,4.062968569228973,4,4.139913613037314,0,84.1860048698946,0
5.474680959367665,68.81476515788367,10.0,77.93585817257011,73.15313390121027,6.4076523070794655,3,7.1253092909475715,0,76.70034672952983,0
5.327226109177728,86.42855493962948,6.11973598071372,62.59945748538337,66.58506597053336,6.978548090468433,1,4.836323977472281,0,75.80703325483967,0
7.920609592562941,66.48709597301566,4.0000201595345635,72.91675369780685,78.92979624467014,5.44242466757873,1,7.487117119164877,1,81.40476335213482,0
6.924967248133708,76.998712131718,3.8527188050931978,80.17343111435513,70.74922873578484,3.4998502468209356,4,6.3534449879459025,0,83.1383395988338,1
3.6412617567347656,69.95662173706094,8.982821488239702,63.321847870287314,69.68852650413358,5.763216840790714,1,6.2183907257027045,0,58.325894357192496,0
6.344508772822075,81.26824685134962,6.929412188838421,72.93853909071737,77.4629913147711,6.446799275915274,4,6.957653319991056,0,46.930100850588005,0
7.343062343458107,76.33658322862243,7.274862865688077,79.6779421500409,87.20351149877561,1.0557765095205647,2,6.666319822571918,0,74.16829985881007,1
9.056062718775665,81.76762103250263,4.3140235105649305,95.41867082610227,95.85310817066804,5.232957550061834,1,7.127626791407648,1,83.86578546641152,1
7.7750079348281185,80.22350554966366,5.870216630817301,81.6734106373424,91.0592358870523,4.6196204032013375,2,9.263527918481131,1,46.28652327483335,1
7.521693308622956,70.1334097227589,6.556778779148827,88.31543675976317,82.58297195187882,6.907422510819145,2,8.233789422697857,1,71.03248114524541,1
6.120171989230327,86.26877063529022,7.311757575046106,76.7961745849783,71.90445742483621,5.771378329722998,1,5.932848468329925,0,86.92503519591926,1
6.776624010846899,79.51234348156885,6.402111941629362,85.55962160810105,72.50694077117018,5.968703402945572,4,4.1165062825926935,1,68.25312855745037,1
8.499009801412317,70.11470992134099,5.4440107025479865,100.0,76.85436747440276,4.036178067238076,4,5.73283557938165,1,92.81701442109527,1
3.3344452050407005,100.0,5.823149511096215,75.06470447910945,48.786339524015034,5.003303434264872,4,1.147608548682955,1,90.00758386217997,1
5.301121345566088,84.76430166717125,8.81248492892085,89.38771143849127,68.15255086239432,6.887369939607776,1,6.657973225002049,1,67.25931179864082,1
4.454862502487519,78.46739446600695,7.367176929405249,80.65578148140919,50.69878017057033,4.870240534059446,2,2.879933610852779,1,64.48390444626618,0
6.758306237452248,94.15204526701824,7.918235210433328,86.1771065026793,66.72697838335318,5.349339111463148,3,7.244962551949012,1,64.75996005005129,1
8.460444351301575,98.41815609386607,5.651689283684005,87.96790538010643,100.0,1.928085403115868,3,8.960578067381434,1,72.02282393538863,1
4.806051426557852,78.54650577686115,3.0,70.15264790462702,71.07810340788504,4.862919927345569,1,2.098131314630182,0,52.39744806126105,0
1.219391265061124,83.47397486434762,6.215343539673255,47.31918326094752,42.79798030833154,1.0,3,4.899391207584825,0,49.62443403143877,0
5.17555850995106,70.11997181997059,5.700144168361755,75.92308546027087,93.76909564875196,3.9677102612834867,2,2.8711742946651384,1,35.92757852255314,0
7.826947464034813,78.52807249231988,7.523518402942119,96.10861210729342,70.47918759707859,5.127031115453798,3,1.5433800721270137,1,69.6827054018117,1
7.075259805899759,78.0093744624013,10.0,78.11962300066858,92.20767160001678,6.534061588969141,4,4.787356697592246,0,100.0,1
6.8563724956211525,81.84827033621654,8.042749026427384,83.90968389146803,80.02357414593276,3.0016801130960484,2,6.270334074197094,1,40.14223076585267,0
5.44001339625104,83.3276047863701,10.0,70.42644469403751,80.49055060663437,5.747368286940204,1,6.5088008586380885,1,67.23755683788585,0
3.4419385275604273,85.5982844882806,7.853154543009173,69.30323593967827,61.741168338070636,7.9369868087242565,1,5.307851625130689,1,66.78688898763494,0
7.030588643248935,82.3764265629996,6.055170643640928,79.65910937674516,63.461081237041036,3.7185122685687553,4,1.6715358867728742,0,67.71900624213625,1
4.33143637993075,67.89257373370836,7.521874117181325,64.26207618671322,66.94322295517279,1.9058941565546852,3,5.246757524906608,0,88.85201874095038,0
10.368193466760912,70.61532894258914,9.670957899216562,95.04130038448432,100.0,5.579679914114177,1,2.014903967508926,0,56.67395686385036,1
7.141014416709032,74.53592380536327,9.744343894481858,90.73835982200083,60.92623351501005,2.6160059869274144,1,2.1460234838842736,1,40.80620210499046,0
4.838703394892098,77.1775940807677,6.136993947935381,73.22602292115695,88.47270330737157,3.36200285305296,2,3.0063602234868805,0,61.98575422756181,1
4.777229505222744,90.50774290472114,7.3797755435489485,69.60193022611335,71.77545297306419,6.846673883404971,2,7.09962238275684,1,59.982484959274785,0
5.814111586772824,68.37061013147087,4.856099680493282,81.68460295933623,81.6045469220019,8.753798550753363,2,6.090510691363088,0,36.53630487938846,0
5.5209961559565,76.425849518293,8.237002937037145,73.459818605106,61.47068303997589,2.9986197673170296,2,5.645181395765201,0,73.6823009425528,0
8.23366755105991,89.5300949821405,9.330032048583842,100.0,96.30818052781564,3.525160519969173,1,3.2747716383263303,0,52.2098105918905,1
6.372832339488093,77.00122525503387,7.059699181174024,72.1255001605079,89.13203863255912,4.120262075182361,2,4.224449232897214,0,68.75350727665295,1
4.536736522182943,84.60415649842824,5.998923918459807,70.8139674827419,69.75610141447612,3.9043838929491463,4,2.2597549876858753,0,64.55739911772747,0
9.780881370311565,78.60457957072096,7.540196426916344,84.8567546348878,98.59157263666174,8.866585027624069,4,7.728602653784193,1,53.88976042915478,1
6.0986166630404455,82.56783257324723,7.626188547044749,77.02433939630129,67.6558187292585,3.938864340624427,2,9.394516015140583,1,83.35940764285274,0
7.537679351937793,77.7152745619046,7.12171574777443,70.89204178262267,83.06400693379351,4.224496170947742,2,6.113196828146251,1,65.77810144387739,0
4.7835469851104815,86.67065472728353,7.268072686503929,81.38090015114366,63.58098676807009,8.232354946349652,3,6.463508422020722,1,70.81407350543316,0
6.726231255489047,64.54943592593565,6.739277724295944,91.29619394750102,86.07734390686113,6.153352623078602,2,4.682079721577262,1,78.79609384754167,1
6.62221998228639,76.36687991611456,8.493932392339609,90.95280164867671,71.23456064254432,6.971798465898489,1,1.761095272683272,0,74.32752468574215,1
2.220701415807694,82.96572676694308,8.104341167747691,61.39223188078315,58.97071570988173,3.187774253955217,4,3.3120704187456145,0,72.17500168874767,0
10.030550220921281,85.33695248006192,5.525345279283776,91.35404705750548,91.79344569823112,3.939640633648528,4,4.069230902132988,1,57.63712054466839,1
8.581288921845093,94.92952622753828,5.4841140952621075,84.90303828886597,88.86420798947037,2.9205632846420793,1,4.22948797897449,1,53.316321015184805,1
5.205609367708025,76.08975333134424,6.618438374460157,91.32976739074533,77.39410017637633,6.602523092071632,2,3.769212742859432,1,72.36771267383766,1
3.795460519088289,94.79481761860873,8.105255686157768,83.3340736334394,55.73479591466929,7.450486415566887,3,5.095506617143134,1,55.571267341041946,0
6.6951232276071035,73.4097617334033,7.222086120836222,84.70116770754323,86.67610425541864,3.800451261636974,4,3.2996618229359687,0,81.91661663489091,1
6.173395398828793,93.28646411544644,6.035274384816017,75.7106366533407,82.57031396968644,4.271517354191447,3,9.335448241239256,0,68.0569038827181,1
6.711337897126459,88.17467126698372,7.392277895088745,97.2429237126174,77.55852064898932,4.359019869922684,4,2.269251970007495,1,79.72918037475816,1
6.383154792388179,70.86541420367777,6.503784220716592,74.9707423480928,89.91676076788697,1.9055520134436486,3,6.774619088045101,1,55.21341795592081,0
7.012481978611852,83.07039237251821,8.320729690336197,87.35090197401834,82.85273529144226,3.6523558444806925,4,4.476290579676225,0,52.88202803508738,1
8.894611398783614,79.48764164467808,7.499587652600571,100.0,100.0,6.546532429527202,3,5.925596190523697,0,95.18309683752156,1
7.136206410257293,86.25584593675,6.527082718821784,77.31764705464019,100.0,3.249162991109812,2,6.0162297343552495,1,67.7579695839683,1
3.9006890021801177,77.76728411566691,7.347278158069693,77.79568086727171,60.99112379606759,5.1859637244099765,2,5.3140864602413105,0,83.69824388070423,0
8.725125705424905,76.92753774338269,8.972572089286302,98.83123648556321,98.8003040728234,2.383962051071687,1,2.7332585048007516,1,48.82119387138637,1
9.281229126976575,93.69094582762851,6.145554885180434,96.01098021256726,89.31169550863069,4.711998177742265,1,4.3359204992598155,0,65.75457588354448,1
12.0,79.01279105544327,7.603985472470741,100.0,100.0,3.8733576908279845,3,5.338190544398686,1,89.53541327352998,1
3.753011933520804,88.26422324191766,6.894309489301007,61.52066206657126,60.56347502726054,2.5566570324324656,3,5.212867670568238,0,46.530657305769786,0
6.48576402630055,77.746485149558,7.64047552579315,85.32333086000934,65.28858136030867,6.580772192310223,4,2.9537360504359476,1,100.0,1
1.8358025936220255,96.66663259227523,6.018152587606404,44.945645019296265,41.63873776525905,6.693254722402037,1,7.582424918083133,0,73.03808175701585,0
7.106298312758418,73.21665370664506,7.165503149739064,86.83893015397459,88.5521158697612,3.06092257552805,1,1.0,1,57.71597723834122,1
4.903599403666455,73.85856468752816,8.6617349236252,79.92850685894891,64.28510626751034,4.567633071612546,4,4.4997502244707235,0,75.279230896159,0
9.846891589649907,95.24517181115903,5.594489528130839,100.0,100.0,5.088637366144899,3,3.1573624896287624,0,86.63703553559283,1
4.450770059962836,75.55053609104748,5.005892345012377,58.27027955521196,69.69873973995189,1.3704764257443012,1,5.364330832718384,1,57.61659363405229,0
2.6216339240654767,96.01074306164392,5.062816653269554,76.27064259194012,74.24134416458402,2.205814547211936,3,7.033451712008853,1,59.76956744736998,1
5.0574725185949605,88.91840579594813,5.2440062046997165,92.24099753477415,75.58820796733022,7.572568872733562,2,2.1860619776458434,1,73.73695077223353,1
2.049024457565725,78.45350293439166,7.892984931838996,64.34663796496456,63.43632744818749,2.8697462069948587,3,9.707210464576889,0,76.94531197001083,0
7.50219890901462,61.86706527982842,4.891210471201802,77.1305087308265,89.03204008536318,7.516366216503392,2,5.403697273915724,0,67.02343668415119,0
1.869833907487359,79.80681695728164,6.553156982884704,56.06807665383438,54.332938455704884,2.309172651233338,2,5.7634479801909375,1,76.03509595235083,0
6.056915162366318,81.01630053533425,7.927433954966062,79.80860336064652,87.98882139533106,6.3176555542808055,4,2.120491329305174,1,82.80323834954521,1
1.8443763602876064,91.67217733304373,7.62498859082289,61.9265168887436,57.75423282037829,4.377393784979329,4,4.906865623333049,1,72.59961604729125,0
5.359404390926716,95.88447176240112,6.421661530056272,77.0168374810696,74.25706247513457,4.6584674616912665,2,6.943349643035784,0,59.627872297412324,1
9.286756311609068,73.15012820856252,7.286385597632659,99.24543298699152,97.77708452895158,8.711871827067927,4,5.419843144437355,1,69.68594576894549,1
6.72129578287159,88.01181763988183,7.160717994606353,82.69901134096672,85.7100678155337,2.4916267313626363,1,5.280391147453834,1,96.34359370445397,1
4.273012790070132,87.6540215601335,6.6636385666777205,74.0161348954731,58.924341545821946,6.189596392522142,1,4.8962808626432235,0,74.99605324871467,0
5.937593022121832,90.73412702410445,6.68374792201813,75.08273089899602,68.487563471344,6.106979327115644,3,2.243999816673157,1,88.60353554912363,1
6.036033744088893,84.98689912135545,10.0,76.79830155061978,90.47026178826269,10.0,2,2.232582657873093,0,62.2849178482493,1
6.945260691686811,60.5750230903823,8.21396635589695,78.96605175366737,100.0,2.8457383595362282,3,7.338654253281419,0,73.93961455319317,1
3.266283273438347,78.4457756747224,10.0,85.50401171223245,50.30887505652842,3.748030412993127,2,6.764573411886188,0,81.91472563677318,0
7.185134547694661,68.44292425083084,6.2545553006192485,100.0,76.42086296177092,6.631844571665108,2,7.060542344934566,1,92.46636518097112,1
0.5912167367944496,77.97394227081926,6.872550104667779,58.50902558410841,54.972528615808145,4.599472281596274,3,3.3543599123907604,0,88.41383094609239,0
4.740230895272379,89.80004236133894,5.001811352085029,86.95424444903928,73.77658530305824,4.073898086536501,3,4.684864477662162,0,53.21099045326852,1
5.023452315096911,83.05150835874973,5.785649796865641,83.10187496526339,76.90499494379068,6.9150229766463305,3,7.46360037200229,1,87.27778563785202,1
7.266653652142477,91.48090866397433,9.852869722993752,88.14597985585294,92.56593486138543,4.466863127392559,3,2.5426893504807198,0,95.29000367220144,1
6.045261705353738,83.41753920713539,6.216948565237366,65.17059511657186,73.86424861468167,3.2162818592371645,1,7.259764815106532,0,61.37658275745075,0
3.1888738922874267,67.01674060331098,9.87892195021669,63.322730260185736,62.43294260362642,6.452420309523962,2,3.8269608147522143,1,56.58299530392435,0
4.0300137483659695,54.79152993427265,5.134956608980165,66.79968982164633,66.70200399717675,5.750576016055721,4,3.2895333991309905,0,69.63348075157002,0
6.397360019094814,81.48808761679591,5.419796448890085,70.6560483645525,69.79924411211428,4.374306808788047,2,4.936167400386975,1,72.69246554624584,0
5.841865316270887,77.86073533648835,6.488153168464868,64.34770383528827,78.20210132978235,4.279396962479957,1,2.7659961817764063,0,64.74896257737835,0
4.841751780728507,70.23054260618117,6.904375117481234,79.13595236931279,81.42761764586771,3.1701867901188736,2,1.2062128110058818,0,52.19897766433651,0
5.038332420976041,62.99372750348622,8.384630938675194,78.43670532858833,66.88866213742264,6.450193710230684,1,5.152059373297914,1,92.08609021117267,0
7.392335994318578,72.65256786527291,7.676155625779399,75.28771017091677,85.8797084533208,4.27978436549125,2,6.068531540762777,0,57.10058956096772,0
4.964614854261571,78.05508515135224,6.375527113983958,67.36428920694595,71.85477828567798,3.4603081928526604,1,7.430580345275109,1,62.39608638397379,0
5.823817511941853,86.6587782370639,6.80002629022284,90.7313102912509,72.0962595672984,2.428889665616291,4,6.213949426342972,1,71.63688179148042,1
10.339873176161085,81.8863108156798,6.52140562032295,92.92240074563982,100.0,5.784308715817672,4,8.930794369665412,0,47.91279854359861,1
3.152634726232154,96.0806724717273,5.628019397011405,67.4711626704988,52.11515204484304,3.982834042174005,4,7.722149951472966,1,46.766588474563044,0
2.2963145368506828,69.64395943954605,5.6680555950975675,59.5837896885736,67.10434240806343,1.0,4,6.47615750337323,0,63.524714501026544,0
7.567179329597213,88.81058892057433,8.541825837150114,92.89953135860668,91.66513159390573,2.5934624207119072,1,5.937237650711985,0,82.38445276913632,1
4.6427138774117935,80.47298743128728,4.25775260810929,64.65249286049466,58.488597257741816,4.532806128682035,2,7.460204366146462,1,72.8200526957259,0
5.36352494451476,86.94669124118585,9.426038046167582,77.71845949797486,89.16124651595109,4.588924670165665,4,1.0,0,39.109060607188624,1
4.437687243737772,75.63485136734457,6.485508661596652,73.87566199214763,68.30713807504259,4.512915499258699,4,4.0398859174741,0,90.84225261274538,0
5.480399718464975,90.7168037389059,5.841237090411759,79.70380665461707,65.65292313843933,4.234487776864878,2,1.2830379060785786,0,81.9611405255786,1
9.197076224192683,82.95224758345243,8.109638936045904,96.77611970058955,100.0,2.0482925545271775,2,6.326195264772199,0,72.86520738191385,1
7.604256917236238,73.2055501508225,9.227824876220676,91.4673777921223,90.57225669789767,3.2509029517018977,3,3.5144722451782027,0,72.4629109841694,1
7.724447023773954,79.87975971086811,8.676448662405935,100.0,68.62708510030333,7.367553972968203,2,10.0,0,80.10124341127393,1
3.167545888414709,77.60444141062901,7.752778074039837,91.45070720978461,53.748672158049715,7.0724562537061315,2,3.9641484036584393,0,100.0,1
3.6976925268942615,84.89178350637793,8.630295234582753,62.09630122660408,64.97712853358101,6.155903564688103,2,5.212726329765046,1,83.2078629746104,0
0.32184268102914615,68.20223250625492,4.425253634284201,28.42678360162074,20.33538930974829,5.979005208081337,3,4.195466931624668,0,74.4425133980963,0
4.3812383578344924,79.70648297884306,6.217254187767778,77.8611447963922,67.13813100088089,6.809511816130983,2,4.022337523712245,1,51.59348480367769,0
7.913406372771317,83.95307252649332,5.633244909962733,91.42955646286924,89.06023196368051,2.7584105250157993,1,2.506956232337403,1,72.46778548093198,1
7.033893031496742,80.33023307193034,8.836958096822762,95.77988374931951,70.36843936522223,5.065856733513898,4,2.43970118011805,1,81.59968261229687,1
5.556973474095752,93.46941244388995,6.42478297161417,80.63372636763194,76.04828970717415,2.7594656987060793,1,1.0,0,68.27223814381196,1
5.955399432563894,87.74022774071052,8.268109835173084,80.36303655807666,75.8070349866337,2.7941710604694534,3,6.090924605606877,1,62.15821736690275,1
4.622228914849189,79.92519203259253,7.803785413732957,84.40021053301817,55.82043243024499,5.736129875493883,3,4.1507064669440386,0,78.30468676354701,0
6.409517764803568,82.16689097497674,5.706539595754478,94.73539470815626,87.65271205744966,6.893500878271751,3,8.867256452085293,1,55.1791364717369,1
7.53175655896123,82.95665551482,6.119562685035573,73.79318220699616,93.56907730144542,4.612301731154924,3,2.5117196318655077,1,83.01945531120359,1
2.7682264251790545,84.03299604166824,8.940726536222089,55.67507025449943,53.71198768255071,8.298000864419002,3,7.9526290403098905,0,63.466548436708905,0
6.599295375674696,61.74342004335392,5.83677602697338,81.9405472854867,77.60995902012993,5.423568654091073,4,8.144518670703043,1,38.16305434891948,0
7.8648697419093345,76.98473704230653,7.187301415293218,90.3087249487925,94.45185782740947,3.446428935166977,2,7.554086333000963,1,63.178690517354646,1
5.169799422073261,65.15560931806574,5.826188070510332,73.58916507684381,69.0121651013215,2.826542896252656,1,5.469594620931034,0,69.143128782135,0
7.401401224241168,92.78280947459487,6.529071719626209,91.34907789982469,65.09932534024546,7.036262968369432,1,4.3235885495611965,0,78.28740787509398,1
11.629308888945106,79.39150479997072,6.930757084045042,100.0,100.0,5.25691823147963,2,7.552135393874569,0,76.5557679790157,1
5.791314414026216,78.06659050320377,5.8257002345537625,96.18366917733837,66.6152932767722,6.352094756338964,3,3.417073714324636,0,50.64324152760217,1
6.786614100010647,88.96797332033235,5.559329569024177,89.72220073778223,76.82125405588795,1.0,2,5.541415190891441,1,71.8314104877019,1
4.523885832677217,84.22324797449875,7.429410005166163,64.09609237885499,81.72202067557805,5.489344068693876,3,4.912504107955746,0,61.98992440227609,0
6.362502325204101,68.71365485620792,5.732893886813236,80.33874937404232,76.83522921113664,3.9764516230075255,4,3.217166274607962,0,64.59668096649717,0
6.920543249964608,79.29094637472632,5.784013666451991,83.84919383722746,81.54060885852638,2.212480928166271,1,5.556093944568607,1,55.026518567587786,1
6.3896846805402765,76.64833026773616,5.591420284447044,87.09482580251297,83.43478083787764,4.874635314103149,1,6.483676503186024,1,69.23639494576106,1
3.9606093605822865,62.55467111393946,6.883137930503023,73.68472713725086,68.81699560223404,7.183627067308912,4,3.1383435811220473,1,100.0,0
6.412723542650902,73.09723766762795,8.415552451599762,100.0,69.28436358212758,9.532456572839436,4,5.9202403742317005,0,97.84663473375707,1
8.924391877435273,78.16459677983535,9.2597929544684,90.00682803462728,92.94336610926788,5.484304814645021,3,1.0,0,55.019414712167034,1
6.897271529029054,78.85049068508157,5.911122871009332,88.3338629828133,81.7451544534326,3.5817068200769553,2,2.9016893178795327,1,70.98916504006012,1
7.923974378143682,65.17768576322692,10.0,100.0,90.26411523515037,3.460994886963066,3,4.085308554244088,1,65.29021594841382,1
5.525976059974744,91.51665583047476,5.492942708939806,71.77781133083771,76.04807576901466,6.926264724130398,3,5.714674473932233,0,72.13039985448643,1
7.499800478847421,78.97896941108561,8.625322784991805,88.95048935594065,100.0,3.0062517616942155,1,6.738629499268109,0,83.74463659755189,1
6.558535676433052,80.37553076660564,5.917455318976836,73.34387337092511,67.59261635272586,6.244854759055526,3,5.165645782327675,0,68.0601632135839,0
4.098178540625536,84.00641638339837,5.693615095194985,71.311761699402,74.38998744573277,5.587362379919235,2,6.133191468979994,1,59.31653388007277,0
6.637042009597749,72.11923746096329,5.882865764823417,75.38303856661233,91.65601011591708,5.366202783765758,3,4.678836193461151,1,87.34726082677952,1
4.016606673119379,84.56355973132696,6.921328450526321,80.55104240051037,69.02747977795156,1.8637628202384153,1,5.809496285816596,1,51.489516213165246,0
4.734239450230416,76.32925353981817,7.869958256550415,75.14438584146603,61.90228275265175,4.286083595547351,2,5.703818133257417,0,72.83955787930662,0
6.378656614584748,71.03414459352808,8.004802056857233,72.5393104731008,94.91861999018475,2.0836844172847746,2,3.981958748731488,0,47.708454256428375,0
6.594488546760248,85.73447493355398,5.584022476978168,91.37811971171794,57.64710263315951,3.823505197366469,1,4.2892402469054565,1,54.608902609391976,1
3.621535069845742,94.91673858801808,5.5155110687330975,69.90433573794458,54.89654344689619,6.834277323041025,1,6.2002543447024365,1,81.17183175046317,0
8.107971542365753,87.24829373485832,5.625041959954679,100.0,100.0,7.462115806711131,3,8.624175617282802,0,59.80912847425072,1
7.144012556600946,89.22977565140431,6.832968396421733,74.24343650352725,79.1629593053805,5.427897298981771,1,7.41363716261864,1,41.85157435294993,0
4.590543128778233,74.79369393437702,6.684766593713688,76.64095976637778,83.50790402067125,3.8593189751320294,4,2.7417678877651994,0,59.15964315113132,0
2.9248304071016493,64.02380270831543,5.574736806895308,72.35756898195532,42.43093499582589,8.176198664720836,1,2.7488365215481787,0,57.55343544081323,0
5.710190841837138,94.90137522099842,7.404405541094866,74.31717930682832,63.14012611154274,3.83281873248764,4,3.928737302463473,0,51.0645134095135,0
5.10811257227768,100.0,10.0,62.95053559170688,65.33229373239632,2.7286270163819912,1,5.197842675755189,0,78.25130071113148,1
6.226280914106046,95.42806773769682,6.242926807247273,80.7153296168263,81.53167826000157,6.392965935833567,4,5.096512513948639,1,46.797809776570546,1
5.273766677688867,76.6421406102025,6.3497322681947,88.64998632625361,69.42239856233297,5.9154680851394135,4,7.480560553856698,0,61.18093777185089,0
1.9850862785099803,68.45365661271155,7.839492355486553,71.18473469889047,47.006525145435674,3.9148481781483184,1,7.59022661169355,1,72.00111758145383,0
5.223306123397683,69.34317302180433,6.161775562394808,71.83224626943264,85.54380105137133,5.200450459139135,2,5.01133116883102,1,64.85815148465834,0
5.388761777863374,63.16267432385951,8.003446722577273,64.11295452555245,87.46702042107177,5.884319977703546,2,4.544606847278252,0,63.93714079580569,0
7.267322049548118,78.92621381589954,5.92218593983144,82.02481304424487,79.46013464021316,5.407357682103632,4,6.033492864575199,1,59.15940796445869,1
4.603600650777901,96.05677958082455,9.748179411365951,68.33322674657038,50.52392583137078,5.917877909929161,2,7.126402640103021,1,51.71820065314145,0
9.357349346745131,78.58337368127756,7.517162458888442,100.0,74.56925778859699,3.9885702768800515,1,6.104873619955097,1,60.44858747766899,1
2.176718898696486,83.02322900348275,6.0699655763849325,59.833579464441215,55.45321453998248,6.052490088479198,4,4.136908393218583,1,79.86339114056805,0
8.622334995605248,93.75596964304208,6.116962450796089,85.57903286065482,98.29356619581947,5.035115675166564,3,3.7754922765853545,1,63.48932248637725,1
5.55136205824379,75.959046881676,6.229300370937947,88.79944096382563,73.9381502052482,4.0563789569272934,4,2.778792563068551,0,72.50381324157006,1
7.719169744687113,100.0,9.05912449937331,90.00010739788391,85.60593739731509,4.50823047553345,3,5.386973695190505,1,86.75677081539658,1
6.159602968117466,99.92094407497453,5.096873488598074,85.15217136789673,68.91219166176397,4.804196328151164,3,6.246240196639374,0,78.99706189758791,1
8.279111072050938,78.68888661319518,5.998087494310743,74.14570101894202,96.22446437144401,2.109243325877442,4,6.469690386258915,1,50.85580207231959,1
5.2252760708943775,74.22465735980788,6.157509164611861,51.88373164749903,88.13351021435537,3.7266815068601433,3,7.303520739509796,0,76.71939823521231,0
3.8027591496443756,86.97238046390314,6.976468049864593,54.63833793377779,40.647778124510694,5.129811031185572,2,7.9606192013238655,1,85.71504272603482,0
8.841008574542126,76.52475057481142,6.593335461029808,89.39960861664288,92.2710395593756,2.2980179292222953,3,2.2500687046453276,1,61.26701117846821,1
5.773038708235718,68.43444782932664,4.763158252914305,84.62875371731667,64.9347487552783,3.760152676370839,2,5.809524866862655,1,46.215637904783826,0
6.443116947248421,92.8123865352298,6.400265974606799,58.793116032169124,63.75404174295201,9.769289956743744,4,5.878518978761351,0,63.38956626031461,0
8.46950382808959,92.1644738727708,6.850673975222548,100.0,79.51726426069337,2.741483270357612,3,4.852107183163995,0,72.82083568318536,1
3.93608951581113,81.55511603763561,6.057853247380325,71.38610784675691,67.41326565171083,4.232372174699141,3,3.343310860111445,1,78.88611991088837,0
7.190981795278515,67.37135246271822,8.030163233571496,99.55785890589168,87.19551274758275,3.3325654429425375,2,7.889259669473541,0,62.188805422389315,1
4.820210487074219,67.70473748782614,8.37911264313047,65.2413516106298,83.52414053419331,4.766259992093326,2,3.82279897790513,0,39.467673163940376,0
5.735661288711256,81.07229288419153,6.882419950405911,83.71690578528118,74.50178320372214,3.37016331373004,4,1.0,1,50.85387365843148,1
6.144557930768578,75.00128965494967,7.345812380276094,81.57474895355077,59.28513128591568,4.513513753415134,4,5.040144570220469,0,75.39881400238993,0
2.999556277106128,76.58907067858392,3.7584160039760937,73.17464451607619,55.61564223887705,3.562905929700214,3,4.524272666228482,1,99.86012033682167,0
4.442325914359131,90.21963155060004,6.368345841757252,69.87371589579848,52.79016476399695,7.11025563273965,1,8.715394545626939,0,69.67080381938804,0
8.702145784826278,87.33179317422558,8.507232537636868,98.24288101420728,80.14491584473762,5.163274075439094,3,5.9793879083875,0,89.69315941450435,1
7.772382377169591,93.78142680497612,6.364845125231083,99.88386507355995,92.4398848470825,2.99405468607356,3,4.389474506337535,0,54.14567249546017,1
5.87472084534553,70.09376776622743,5.894107485412059,72.8618412878099,77.19013412801738,6.681593047665386,4,4.606289819213852,0,60.285418018858124,0
6.486246917025786,76.56808431313289,10.0,84.85367691002543,84.79313745650802,3.083466767939774,4,4.583192984324498,1,34.89573317412769,0
5.411514988727085,87.58981695460113,9.728615785293709,58.17895257141194,68.89416145964523,1.8718396221766977,3,9.434266749126767,0,75.54471153934448,0
8.713166771655963,84.48078341012892,7.7013623687232355,100.0,100.0,4.993915025134386,2,6.350967736275688,0,56.59562921245662,1
5.599294844411673,95.32380382587621,8.708365917220071,97.54309965668327,69.46174008356891,8.814528848679958,4,2.185679655451979,1,78.98651519624616,1
6.463684184269696,84.2053670590407,3.6610968730628834,69.87406044386154,89.94893343304065,1.344671742168225,3,4.51112010379803,1,62.46525848497492,1
8.29206028828413,98.48109104105552,5.818672839056941,90.54648883714123,93.1987511244202,2.338024156861806,1,4.952735103998982,1,100.0,1
4.445257030308187,85.40017801723141,6.295063190240273,81.03109816068206,64.60157347700294,6.505051326321689,3,2.7848635930714627,1,96.89802469706962,1
9.117578368993788,90.6216744758866,6.646029851699581,95.90206657963445,96.82640065572369,3.7153572007760793,1,1.4340890855058204,0,35.44943901471377,1
2.9390771805132463,76.76485053215544,6.265083968539056,66.34638141749849,57.455856073330295,6.223897134493087,1,6.191126763573689,0,78.86816226935453,0
9.259284262225597,80.14287211883989,3.17496056272548,92.3864268958916,100.0,3.3250221861161062,1,3.390734008524192,0,58.850527716984956,1
5.254648832096051,89.10944403839476,7.579036928062839,71.99172162960112,73.9822692183642,5.283924354818352,3,7.497543237119963,1,79.70329833720943,1
5.514602504349437,96.12978170593054,7.81548119242091,76.7060709858934,73.07148830215154,8.488947850770977,4,5.016388865215669,1,49.84380067144109,1
2.219979657634114,87.29236949310753,9.402848187384972,61.51661250956413,50.93496937529669,2.6108207059562583,2,4.051462359476529,0,91.6185082966599,0
5.090410565244614,79.1682822806538,5.817536102837555,63.63764021044997,78.97430558391778,7.047521620274608,2,1.0,1,85.46038448646027,0
3.9203869379462315,93.77335029528342,5.694755263330147,68.94171483027088,70.60145501821243,6.359413593264174,3,7.444635699255864,1,48.79371565169537,0
4.784707309253054,58.080213437201195,3.0,89.60887593335853,65.96982755239205,2.0215114978021824,3,5.587053665290604,0,67.28034068698649,0
5.72537806842224,65.77765498493126,6.559649745113671,74.43555240622216,62.79585326430535,6.117801047483546,1,4.103610562365275,0,72.43594088882176,0
7.9155832289458115,86.8163422366839,8.351667671593258,77.20536631598279,78.47381798989133,5.145612257725213,4,3.219417224839595,1,80.78977424400279,1
6.415206702801251,80.14108356253125,6.082348206710921,80.56187283414198,76.64961482138554,5.182188019827459,3,8.19818241806251,1,69.82077816393307,1
6.615353306802228,86.05513651124166,10.0,75.93063841276818,93.1813949020042,5.673035132903406,2,2.871560598654288,0,81.79558280170109,1
3.8089612223088753,80.64407522431942,6.615107746315715,55.66138785832498,60.35200104138411,4.29926831116839,3,4.262705083394696,0,68.93851008086122,0
4.23849182079454,85.70945694603873,7.2204884264328335,72.5841437212989,59.48971482511159,5.140197917884795,4,6.139490204114126,1,79.17658427613051,0
9.597450036702623,71.8559717900681,4.955345379127609,90.88442981200234,79.97750708772928,5.482904850080577,4,7.901533280046748,0,49.48202298468645,1
4.529597930473507,85.70486086079691,7.430830517762919,66.40084798383478,82.313001938864,6.492115877771057,3,4.5673605859244395,0,69.61012679172457,0
9.31241650411459,89.94414528207585,4.031020307720957,98.09635632442685,100.0,1.9456779332438376,3,3.530366051534915,1,87.25183945576832,1
5.513877602238267,92.20550603931233,8.040546932519717,62.23764205756799,81.04336531348818,7.581771792982209,4,4.786521582889363,1,91.16630967260495,1
6.004575872287008,100.0,8.086642264353118,62.607182858923785,85.64433575301581,2.6894193138815736,4,6.808941325914672,1,72.59559452418505,1
8.14073032045986,82.44098443502386,9.038937136504765,97.41237354731861,87.19707963516953,6.523256928292774,1,7.2587897705264055,0,68.5129730669853,1
8.543784843877313,82.73911086847178,5.470046921848467,73.41058821214574,92.10861540073924,5.15889019854556,3,2.249681701909237,1,90.52051453927356,1
5.778374879441825,64.76827535826152,7.240843177446129,69.12509744413558,89.55626869617089,2.4376873144026048,3,5.229880240754019,1,68.48607436394475,0
5.223513892956922,74.68588598861575,7.8457248390797565,58.11917411090023,73.1368922509329,6.056290939408009,3,2.1314691820772023,1,87.16790733158955,0
5.888159102955574,78.06917925993388,7.663422457495464,74.57943084628954,81.20420751837338,3.1091867216096576,2,6.768434341954545,1,68.40035015297693,0
6.675915056464237,90.50319552276355,5.702051087297723,87.66016275883284,88.76099751079053,7.13759111031528,1,5.844767801166306,1,70.5999785987933,1
7.782607373739511,73.88998875910372,3.4120271656657897,90.03641635602132,93.12495756666351,3.5783303229975116,4,3.1576287380985413,0,53.429224402545834,1
6.008459717988303,87.96340019748833,7.520440445326722,100.0,74.76906660526488,2.010027804789245,1,8.068291140102328,1,51.260761642044955,1
7.237772596046307,79.9837828303662,6.7712504825351205,97.05801915812154,83.08779714813865,8.067690210072591,2,5.670026960014775,1,84.67194186699733,1
9.276719464541882,78.22831884885238,6.14999411055784,87.0720188211434,100.0,5.362647342473817,1,5.450384960933257,0,95.84228613162786,1
6.762619224529569,82.48893969133256,8.145918045573199,71.84254607438375,88.33574394652467,6.734382251522631,2,4.641777035308081,1,71.58568779300093,1
6.623305712009556,76.08843627747157,6.93262069276835,100.0,91.42216026225195,3.2970562424932655,1,4.983924131330687,0,67.50712739858366,1
2.9621783498198644,75.70962751907335,5.021207420848301,75.43661180643295,63.28403993201757,1.2163789265835985,1,4.237034997154424,0,85.33962366300872,0
0.7385397263418731,62.95214094209885,4.102821566355668,59.58639470440508,50.397294493971785,8.350404848175554,1,3.5175830075674925,1,75.06047498721699,0
6.776751458460336,77.52045792672111,5.306555102300252,84.63227541445787,76.19817508291754,4.987146375642102,3,7.4582611752107875,1,34.025161215592234,0
5.8103515374382555,75.20031853851273,10.0,81.78697336194145,69.05061411391051,5.982703788327093,4,4.014514820668635,0,84.90508516692944,1
4.970434650170516,74.8401901065092,8.08416516089916,60.03144049602832,77.62891464453804,6.313191561196538,1,3.9471839245365556,1,49.94643605187532,0
6.487060408372689,84.16873062590041,7.282918512962517,84.00569374383113,73.18051177007239,4.329217893968622,3,4.741411819702235,1,69.82419499580807,1
5.879192541606184,86.58631952790509,6.727508609221293,80.10827668262107,75.06814521846849,5.452459095231033,3,7.8490289617096165,1,63.37770377776969,1
8.255560501267798,82.32194504642328,6.6289105900788465,82.23641407532418,100.0,8.187905185010889,3,7.262331787394626,1,60.39012135793995,1
6.1722217365179555,89.95415190449475,8.750793975038642,75.47584414690499,89.23903334255863,4.93511754224134,2,4.210303260865026,1,70.7040632688221,1
4.506153429859665,85.75561925830365,6.264106387144853,87.68253108373389,70.05480888712982,6.88420263283915,1,7.453570851117355,0,83.40441306243396,1
7.980332477918578,77.04943810194358,7.865380616026439,88.64991318664427,84.92059906917436,1.0175060399387568,4,5.216240340856678,0,70.46981669516606,1
5.565737850107595,75.37143714285621,6.477358074562609,98.54040227586908,72.16063799721053,7.247521260638429,1,3.3131494639839296,0,91.14842140080444,1
7.053073367344615,83.12822236766847,9.910234947752594,67.85857247184924,90.99504161462383,1.9559914039880528,1,4.047741303993187,0,93.01001317271137,1
5.045178587614399,85.73767109901901,8.113432761367456,70.00459107581452,69.90607875122474,7.018817648067001,4,7.7465077385674554,0,92.8730645688918,1
4.700346229005127,93.97844307031498,8.868335222025438,58.02894563255645,62.61925344392812,5.781262440902543,3,9.165690527138226,0,69.16228880781135,0
6.168336460371393,91.91173044940095,6.123385337967642,68.74745776293862,89.1677663263081,4.808158647852244,1,5.639633517506405,1,62.82673196591347,1
6.025657287087371,74.5852699349283,8.587204168851132,71.84622937884387,77.96994511381703,4.80082355758414,3,3.8669256766339624,1,69.49453713692947,0
6.9596540707336665,78.97993719872738,6.531133861907964,87.95136662137423,75.98536621448454,4.494537813285331,3,4.750165064652107,0,86.8798325866849,1
5.462708493380515,86.7101780491777,7.165052235899274,79.98180417770644,77.56565284960939,3.3586609611128733,3,3.4751116361221586,0,85.9804516275839,1
2.3272804324592054,90.67997778058972,9.452571505929187,54.843498966019965,63.67586672668032,4.588047442739907,4,3.766473242153501,1,31.07188482437035,0
5.1344522328232225,89.38969468704792,5.435837414865372,53.394265590750294,60.72998274906173,9.416118155018179,3,3.569904404406362,1,74.58773910937553,0
7.587636934287631,79.36122167168654,7.3048715969581,100.0,83.52128247219645,7.604613421569459,1,4.841312505002686,1,34.479813257094655,1
5.405247841513787,67.45977347571484,7.65700788777809,74.16859204720538,69.96465337319859,3.257993642955132,3,5.241362072915853,0,69.71397611849005,0
5.507233194970904,70.01063623754409,7.7800065712012145,66.37326427184313,77.56627082766019,5.535374804654577,2,4.703677718636421,0,62.06494479207062,0
7.972753011811874,82.72633514319415,6.323823260359802,92.61307286976023,94.15660129946983,5.191958326472863,2,4.557354130956859,1,57.446202572415714,1
4.5760535454821545,83.42225579424345,10.0,74.92471943264252,61.94158216009807,4.715413113980657,2,6.520983247011387,0,82.73883458725463,0
2.9143935635142006,69.01320626565615,5.057602171989609,61.345203167571356,42.55884962202495,2.9944448867250415,3,4.5415821501491065,0,60.290708598941244,0
5.678737760949011,80.44569610889272,9.188328082948704,79.87899896116011,84.39041411168807,5.891795969613304,1,4.669968378732531,1,69.85743027732403,1
5.031652097502526,86.31224356971784,8.822598408387458,63.607962083432454,58.99045987924303,6.692143259829273,1,4.6468794579477875,1,56.0144822196083,0
4.067507360493492,68.48773342492856,9.851333184405528,77.9366652342323,67.11688621339972,3.3322026298664396,3,8.086575465902538,1,71.10582836027386,0
5.649243088202619,91.04997201804414,4.61765935193827,68.2775444934444,72.57564954190889,8.911082834578416,3,4.017570750348506,0,84.395956193774,1
6.983011294493568,76.22468851440175,5.696752768165434,78.85935991943353,83.52250681900216,8.04400649847111,4,6.19259221388307,1,56.83184968778838,0
5.981422876864369,92.57613112576651,9.237914588742461,86.3951325458376,92.4008769782548,6.096331117902465,3,3.503244612125078,0,79.59904770748382,1
6.613962145372476,74.665475542241,4.184441268054536,95.10940037696471,100.0,2.5365605946623733,2,5.699889662850525,1,70.84729366313341,1
9.626815397030846,69.7337451711582,4.590311648439379,100.0,81.42651826819899,5.802817251969124,4,6.092466383576674,1,70.70979607066008,1
5.314242276884872,75.4186301015828,6.267538319932762,87.12919376909008,81.72451521463847,5.56395600312893,4,7.1685185736054775,1,64.7438822429204,1
6.556697269289339,79.0485187692268,7.287990682933401,79.54276450842887,77.77770588895957,6.0263105524369935,3,4.23146366141487,1,81.60110819062922,1
4.981573274801731,76.11520093228519,9.388337610473162,59.497535683004024,80.3679847859359,8.180928544579473,3,2.772074870349637,0,80.06376714156886,0
4.307280560226054,77.83998578426886,6.722101127604462,85.58695865715922,75.41631412314797,4.648051890766759,4,3.43202935347885,1,67.99847745671586,1
4.83018469316446,83.3396514967619,6.087641277903191,87.85788335487206,83.07855623096839,9.095653159311487,4,6.929083146273343,1,73.04017434671333,1
5.042482856956623,78.288206302036,7.467084906544641,68.49265275124816,73.10454629336671,5.8130086919875,4,9.163503224973345,1,81.14464241831635,0
6.718951595094251,79.33887606047993,7.704394724941602,92.80664835371685,71.41794472101526,4.41907364867747,4,6.668906824025438,0,78.12278825331455,1
10.698151573401514,62.90773600797404,7.661859733255406,100.0,100.0,9.798754413412823,4,2.4757211404232966,1,65.40044988919378,1
4.567913127448319,83.91698016010473,6.733020688072982,87.85233447235888,68.58745452613056,6.65978380004018,1,6.6013057622256754,0,87.4856176165367,1
5.166749388769075,79.10796702308332,4.067370829122775,70.68510031980756,68.66206418127312,4.090532226085054,4,3.112417817956917,1,82.96206727968773,0
5.873753973777504,96.1029298048287,5.623576016340502,99.15528274437256,70.4802850356154,5.168433177892885,4,4.301714765737521,0,100.0,1
6.791597697419494,70.60434832746041,9.130406627901193,91.81919396307993,90.81294187556826,6.270466043709068,1,5.3744621537305886,0,46.45645868369199,1
6.52710162390957,61.91704671500486,7.2806034069649,100.0,95.1963046635312,4.698277946429316,2,5.710737710941929,0,80.52978458974233,1
8.568191587896234,86.18068493930042,6.516216821339415,88.20298524298238,79.45562394038106,5.267815738089901,2,5.130884189342433,0,87.28134325375144,1
1.1472158589295836,83.46527018313,8.677252822560963,59.786375339089844,53.1028175783668,3.3655927926745575,2,3.7977757059008237,0,85.07750667389286,0
1.2261402596086546,69.91566979468854,5.304825051446578,46.437909314599615,43.63296970342547,1.6296109383841837,2,7.119916529348668,0,66.20930414678124,0
5.008243655979701,64.70251044995908,6.661977799430488,83.48111080109047,55.37673795395707,5.212838645489423,3,3.94486719020548,1,49.55265103276937,0
8.194600375087418,95.3739673068429,7.206637607761055,99.96341720380833,90.64466045815459,5.2800556444517746,3,7.509025490723978,0,93.09481916251247,1
2.8687039367888074,94.14110390606781,6.337933745058057,88.3137588659559,48.88084581883724,6.054239183115708,4,2.2812402184206664,0,62.773838344276136,0
0.0,55.12543241293871,7.151144234352398,54.82039797219649,24.222467721998022,3.8476205857876065,4,5.4310606838888456,1,65.568326710269,0
7.142358812438418,75.41776970743499,6.718459102867352,92.95273608725302,75.03674815238517,2.31889141091867,2,2.547698073536936,0,100.0,1
6.487314447405429,96.64192054783899,4.900985428321187,77.72826847198932,68.64614750529404,3.069351060505303,2,3.3318347360147262,0,50.903286996621624,1
3.8195831864011405,75.23937442222133,7.272216822818584,74.51170965835809,56.450630587772935,7.11126751367965,1,3.973975582133164,1,82.28331940427812,0
4.02892079855814,75.09387765973348,5.007472312730698,66.34569190591486,50.91468402181195,3.666777375584857,1,8.041210909461949,1,58.69318517543432,0
4.060512560730651,77.17240672370632,7.248422687645084,71.46117039207326,60.41167427812177,4.115838028392476,1,7.616049332204653,1,58.36400764969055,0
6.22107063494788,68.7910302623184,9.061203736225163,82.85050979019735,70.19393252884757,4.375172872337776,2,6.748497525114392,1,72.51479093086554,0
4.747369447633986,62.95224255771956,6.578465204085918,70.21379850467822,72.24035545726049,3.761447661426419,1,5.0665715004337315,0,80.14562198392383,0
6.98812783795104,90.5254731073475,5.242775305043521,85.57009015517514,87.86415689168939,3.6135783449343335,4,5.376117898742686,0,84.2530105783764,1
0.2907466741912179,61.57063093752325,6.809518280192529,47.70078167382188,44.34596581293172,3.257752870732379,2,7.5329583236627125,0,86.22209755795396,0
4.286296269744401,82.47271452108755,5.752043337882203,67.6341700983836,63.363333039731316,7.8013131491364,3,6.402610572413597,1,59.4011860116876,0
3.7478920781778995,88.8657949275765,7.891763503947204,79.50610690591222,59.863076512144254,6.3602013666858594,2,5.036016846741513,1,52.847095892468374,0
5.487318643255016,65.48773701098841,6.77801687871572,79.1907296345392,64.55316198541644,7.495641546300475,3,7.97334316003256,1,64.86034154009157,0
4.923904483019723,70.75731597404928,9.56464487749686,78.09018513710139,61.413480304018975,7.898679512921676,3,6.6290590723270295,1,75.21217987072644,0
7.595687559791533,92.1317918839159,8.744484393516007,73.40539010910231,92.61016403953656,1.0,2,5.484839731678036,0,66.91542786533437,1
2.281326456679885,85.3289172022704,6.770379243277896,65.64121560170332,36.09093275357467,5.686909284056153,1,4.082046439503038,1,30.0,0
6.090982952661504,73.82714293121113,8.073413601959636,85.7591494030599,75.7386483328396,3.827642732203362,4,3.9015154934139744,1,42.592302632707344,0
7.116672846423411,92.02249003361172,6.410145386255731,81.59997800522953,79.46474646292845,7.233619288706697,2,4.3276492895994405,0,66.39290343054431,1
9.71329487312391,92.06535723454303,7.0509353277477524,100.0,100.0,3.517057593514877,1,5.913981771523971,1,82.82801279379339,1
5.03646805781305,82.69052693015708,6.4578487054745315,52.290067647224596,55.96868851265479,2.8917004872725807,3,6.671565631865613,1,56.43029938120716,0
6.6489172087050346,70.99839772126337,8.149683939774564,91.08825740123063,80.01831030708959,2.1319082786937957,3,2.1114163088979274,0,80.99606717447598,1
2.39227441487527,75.86551296528205,9.149482415064368,69.08942012392498,57.78348990284269,4.394650178042395,3,1.1068026446975416,1,47.55844506286679,0
1.2160875913739524,82.8638674395539,8.197972310786716,61.496267276863875,28.249213362003765,6.829890525056622,3,3.0970203868157355,1,73.83352781939112,0
7.6895487515634,78.11405170852512,8.382904901928034,90.20987081420323,75.39401278076303,5.512334433722623,2,4.184646773249307,0,73.94278064010123,1
5.9888794127038585,89.38957178234851,8.384550155853594,85.45119028976967,75.01537800809524,2.5947034697277123,4,7.3918944013123875,1,77.03108422519989,1
8.357025379596845,64.70225919890663,7.826883883502065,100.0,95.2836213539241,9.30531818072378,3,4.439163664033624,1,54.8757778735815,1
3.2531942220605017,65.0573647093376,5.291070761184598,59.00709527198257,61.34415844349001,6.299077278983136,1,5.509546697943785,0,46.78550413300753,0
7.039804279057505,81.80871111482432,9.55145727912475,88.19097761708842,87.84336820384311,6.5548202315153725,1,5.835809023975342,0,80.89077887075217,1
9.737635681087706,75.08455586193095,9.706616240047637,96.8550099852055,87.63208896011969,7.570057654695316,4,2.9528582796579608,1,47.10761932377686,1
6.839411216714532,73.7295138530226,6.649180595029947,73.25937208131758,65.14896380300692,1.7195688227484407,4,7.919777663756541,0,58.436354582641044,0
6.5531630111820975,62.319432808256025,6.443953127175727,89.93751480204338,80.16403612466048,3.177131722824235,4,3.670388228040161,0,90.87523937739957,1
6.0171121616487,80.19545844798182,7.918617479373062,74.44195656140317,63.809140587751045,6.646022713848545,3,8.11958291193256,1,72.54833422324944,0
2.8582370857481756,79.47244891999235,7.826219252775258,49.31259868094621,48.496199254011024,3.3785233439570463,2,4.747647997072569,1,75.53130987724721,0
8.711145871420696,86.53478981951741,6.697080896870472,88.16462275008699,100.0,4.449973055489903,3,4.324993404773788,1,79.37103608855014,1
4.778284720389868,80.68906133120971,5.124961516618594,65.90243462101805,70.56070389000772,4.8445186943374,3,2.7784216326873974,1,78.83679487317006,0
7.008966512766034,78.67395921759503,7.458551786124666,95.32962265573127,76.37235002404206,2.445189222740165,1,5.3945705823971615,0,69.68075252295586,1
2.873931386857493,91.77000636790338,7.827154807263318,65.90158833986824,50.263273274735326,4.278365635732721,2,9.508764788071879,0,56.478674342544956,0
3.641080670984439,66.8753269655145,8.088731722058196,82.0292308118216,68.05569959479828,6.829006434703665,2,5.8271765808040055,1,100.0,0
8.87017479844447,85.36389218847576,7.523939158531311,87.6853116798919,95.34075814716665,6.458907779635682,1,5.540873743897809,0,65.61047930956819,1
5.305395422084314,63.28852835204651,6.593327277457136,85.26867582938657,59.686806109278976,7.226029323934936,1,3.6667927484216833,1,74.96569766456093,0
8.90655095208509,71.61638119999192,8.491003059259418,100.0,73.96106838150106,7.0197517475815925,1,6.18396749722356,1,76.60208748268747,1
5.843538681882964,67.87342867376687,7.098772746348877,82.77801808068622,93.87925041769928,5.811747851405168,4,5.315235614245898,0,62.00574312644089,1
2.316204454084285,87.81942535451918,6.302615478452919,70.19751089365295,41.672434471330135,5.653356996619399,2,4.874331050517054,1,63.61466553392247,0
7.784135199463441,79.34589766404606,6.729019926931419,95.85585263957127,91.98177622978187,5.506661520213235,1,5.98958956865702,1,92.32349076246697,1
4.820215364488784,79.86496755407023,4.381046451287527,59.88032354818566,84.02822151031444,3.7459056654920784,1,1.3683080423602147,0,58.9153373558206,0
7.397377627034087,68.93267012270549,6.726637263732192,92.84506110984495,85.86024145053608,2.9401105525587727,1,4.798951015209644,1,76.18644768441472,1
6.050421735080164,77.0030650406711,8.032654779812002,83.31667188189651,70.29816364580893,3.6208053077601994,3,2.6059443097625916,1,83.43780852281087,1
2.9137635441142593,72.36534696690889,7.5096745332088455,61.9713438865882,43.22209084772844,4.347941366885062,2,5.057796996639887,0,66.78786116625415,0
6.328589530741138,83.83455014854216,9.28099625947178,72.80258391165688,63.57143182124653,3.6883481105144478,2,3.5516012487332906,1,68.59174102838381,0
10.3924462843056,70.08908864668386,6.605537628976443,100.0,100.0,5.827663476967831,4,3.688320298877592,1,84.35357720553891,1
6.985972917028919,93.29794365205076,7.7309697445799745,75.20582718903839,96.42560073167337,5.403790432128503,3,2.333117434428599,1,67.9397579219955,1
5.884964493989074,63.24419550375906,8.189110264458659,100.0,71.35519599688915,5.618646997440436,2,7.231329942493641,1,38.84187595378324,0
8.150686803913796,71.93480167543439,10.0,91.89512485445027,83.34691620198913,5.702816131831559,4,3.644507003464243,1,92.55825017813373,1
6.4213369304062216,96.77200509966096,7.2171482366764605,69.87361417416608,85.5028324905492,7.391327875569066,4,3.7515227527324915,1,55.36786780145956,1
6.4190684605255885,75.64861252037966,5.433719231703964,76.95537951934455,71.65493822410608,4.9828542152257995,1,8.061230142344836,0,73.23215139129145,0
3.816749655681795,66.85121335595588,8.271893130032923,66.3024048955108,65.64532701037498,7.016738867669223,4,6.1359148655331675,1,50.2333252999875,0
6.467696051579197,82.19071562537668,9.798591033952686,100.0,79.22419081033031,6.0331707159583345,4,1.0,1,62.336809700664766,1
8.070886832833889,75.24607757785458,6.516176934660068,81.50854469607448,84.33064041122277,7.259267073270172,3,7.77072034344363,1,63.45271155417399,1
4.327875695799951,71.64129744381694,8.261622307909624,70.47720584648587,65.8118725874345,8.229259668773144,1,8.295781283398606,0,72.61256641433748,0
8.848991642493896,69.04129189201282,8.84309208284338,88.86667451381926,100.0,6.153299159958141,1,8.108752176512695,0,56.843015958004344,1
5.816587951709748,100.0,8.52559831595523,84.07552461436538,80.94485715126805,5.207536499343997,1,6.336378486022261,1,99.74251952371866,1
4.224460976922918,77.48448099815863,7.188337783710367,65.90347074756414,76.27177390409729,5.194615634886616,4,2.796580480137976,1,70.36798218394324,0
7.995264153840489,60.74432639667123,5.952289362680281,78.58575410780534,78.78464131384233,4.059667840876323,1,4.9015489853036165,1,83.21562728652208,0
5.426411528523461,94.93709759005534,6.8780806779796215,75.17911184465532,83.51783064721651,3.9924557068478874,2,2.1031093952339206,0,69.86718386816361,1
7.519029774972216,86.1107090511057,7.687900680816446,84.60121044153865,91.50438340452314,6.80423432662307,3,3.2679678889958597,0,84.95902134486539,1
5.4164827354829255,72.33533568980212,8.362333786137594,71.15996990117449,57.50293544730387,3.0726594151048885,3,2.778226552074547,0,38.490249708103164,0
5.880347712940193,70.66880911313858,7.500917571998559,74.01363497572979,80.67999361135216,8.229545271124453,4,3.7459390896209617,0,59.42881748587467,0
6.987120408668583,86.73472796158231,6.430138050189134,96.78256002215295,76.78998108406472,4.696553494191961,1,5.327907780422926,1,62.17306116208566,1
6.581794115180012,77.53081672510545,7.833069484224653,79.71156843322501,64.03272792782391,10.0,3,4.110176101668974,1,62.051717514483215,0
2.008936439096523,60.74022181554899,8.29012760161423,48.70340557069829,53.35137595785533,3.6137691463407657,4,4.024276489420044,1,77.78016756314321,0
3.7575125198112165,97.87239964604669,7.5694150846217205,64.16640296105751,67.9355010294934,5.500377839960669,4,4.418211110553063,0,78.80747459296757,1
7.858819969581631,75.66009537784043,5.7457193281925125,89.83745644256209,88.66900050393542,4.2963014595031614,3,7.998945359103763,0,68.88922776883854,1
5.735726822196906,94.95571736482427,6.727890947924215,65.31593774547099,73.32297508472388,3.4138318169134565,1,9.327511004701606,0,69.26055432784867,0
4.952537394457156,92.78434957965715,8.4217311646187,91.02246657234976,66.40937098215961,7.127600701757437,1,4.09860764036162,1,100.0,1
3.2828519694850513,69.98990455517186,4.925473286883289,75.09005462248797,84.36299191032587,2.7888916112043876,2,5.672148404993914,0,74.86890166301828,0
3.840527357448303,90.33189864363148,3.8602329664132613,83.5043642234293,51.217470259403356,3.6478509860515307,2,3.3174440748867076,1,36.62189096563541,0
1.9564027200761052,73.48557450136319,9.262124275216031,63.703294855257354,60.46763614402867,6.172639417829822,1,6.535302609713016,0,81.55168598326095,0
5.797438562596934,61.33299413196058,7.76712288253282,58.050218311683665,74.93886108447144,6.48992162189881,2,4.0470998761445145,0,78.39197830109363,0
4.803124838837906,75.75401833977858,7.910095003780159,89.36896136057466,60.27408397035712,2.216229157544958,2,3.5777902738204057,1,87.39017367466428,1
4.066824218029369,83.97637501776279,5.384774539559416,61.69843749304792,63.91695480189043,6.1633537704307475,3,9.003174531631394,0,78.97597342295158,0
5.8637531496640936,75.37263352003662,8.106292095199807,71.49689830829948,61.25319252209839,5.257799826832678,1,2.2878615140167886,1,56.428680740427296,0
6.727941261705476,76.92951659074899,7.412873031352547,85.20295774808181,74.41274350216432,3.1645532842769404,3,1.0,0,83.35006830151582,1
10.18639586441989,91.43566044928613,4.623508633227404,100.0,100.0,3.422236929328892,3,6.469660492298002,0,71.48958933620227,1
2.976233160873573,81.06493980290092,9.136425121410786,75.41403714389186,42.346228379250135,1.0,4,4.264743178093718,1,85.69246471719315,0
8.318762086601044,71.56701688715047,7.238024985428093,100.0,94.97639790448684,8.434888855595155,1,3.708006841492156,0,93.21848570255693,1
7.946203122030144,87.02030323667327,6.4058740508810965,86.6127450814052,78.03960832306554,7.030840829954014,3,10.0,0,68.17200605993692,1
4.441814521246599,81.97675566954246,6.433015381022173,68.93299734531188,52.133677547344064,2.421709979643562,2,6.460453145165392,1,83.13695449360645,0
6.406471909172062,54.783951985379574,3.977167141851435,85.49179622566098,67.63465409674868,6.597815345583592,4,4.882971804989047,0,85.50480219237494,0
5.084733501324769,84.28352913771448,7.890004899447045,74.12295909378852,92.26794262630348,3.851955312100667,2,3.5841367205446035,1,72.3812480169446,1
6.371377160837477,83.91828707716101,7.392785810868588,90.75006487748092,58.44762154633647,6.8296210726994,4,5.891575697663374,1,99.37135345367055,1
9.0182620268091,80.2012112958086,6.708879801500357,100.0,98.47080304855251,4.007852861681835,2,1.5342947416113009,1,85.68315037578024,1
7.211212465262626,88.91700581069576,8.917727811177508,91.96947553804019,75.75091208138289,4.273291809784084,2,3.967797122056397,0,61.21917982864661,1
7.017216746466884,73.27606415673498,4.924211471506231,59.82647091464064,78.6020187636257,4.42330546448467,2,4.9258020604044095,1,73.90119027722587,0
5.139381360090715,83.364997888209,6.104841285448577,76.97679043722621,76.87559744734762,3.685289316677374,3,5.426983663393871,0,82.90253354503082,1
3.0318866701513296,64.33040628832647,5.724987617859421,64.07089454342963,63.739507169297184,7.798542750466608,1,4.7151373264117815,1,98.80134130639689,0
5.583063578919184,84.07090383398833,6.581807530342671,79.59557391219123,66.6914172818972,6.7970539861629575,4,3.613577512542207,1,79.31284884449329,1
8.41321630972783,99.53059695539896,7.101205037885834,84.52283516317507,76.90105779203404,5.219897076666558,3,6.841324291323076,0,74.341901802119,1
2.945664286820705,70.05143647532459,7.645020285717032,51.480462330111266,63.89539545793062,7.04913632797162,4,1.6966928716017553,1,88.95721504707959,0
3.88982126364661,72.40197868012226,6.479539820342324,74.08049111798346,68.8626995119731,1.7458565695090815,3,4.4441522559698114,1,66.70818611782833,0
6.252535472468137,72.89984557108448,5.6839663972676595,77.69966418502005,74.66551774692694,2.5430824428979353,4,3.964138875358022,1,55.15026842442211,0
4.030690430305475,81.29998225801596,9.529010424655667,75.90038208860338,68.60358641991662,5.949109524715925,4,7.023686200085331,0,80.55634537342229,0
4.414953105769575,69.36963727146282,10.0,65.36562175200017,62.0314238248621,6.471073111615778,2,4.082233811341271,1,64.32747612613032,0
5.152802836543646,84.2124737869098,7.214930007823038,89.923120587645,62.646441368914,5.558815092511503,4,5.875327113554621,0,100.0,1
3.268765191619701,88.46839945469165,5.864829449468699,76.35447438380614,59.652212960928956,1.2346106498433627,4,5.666093592318825,0,73.79454901092639,0
4.051756307567263,85.34347213453785,9.213181196563442,73.22705262329512,69.50086525631875,2.8753309513245044,2,1.3297633157857605,0,80.64803481696744,1
7.4068558335746175,62.31584574361928,4.829864340507302,84.90139503401362,87.53363769697205,5.833183733008337,3,4.868705230180748,0,60.575123556816905,0
3.385260435538072,89.95167665158606,6.497840012942759,75.45039095567233,65.40318941399516,9.852944578482536,3,1.5145283564504948,0,88.96900634247586,1
2.8042557310103247,89.3736741425368,5.955824422980547,67.94675680742569,49.21974565317069,7.435825330116856,1,5.702570436908464,1,69.59576415353713,0
4.739950040932211,88.30161372346305,5.260696674324267,76.0855920839671,84.2585114931758,8.154608596941545,1,3.5393569320456617,1,68.13195418254342,1
7.463911005019692,83.72842248655824,6.579963650617346,97.74820912069455,81.35965747673191,5.679450844380598,1,7.373339153698795,1,68.49216833254329,1
5.606156384006221,82.20189314205133,5.703741881239052,92.2961434640975,72.44778178927142,5.664981961578754,1,4.638463800244077,0,50.62893550058007,1
5.070837843768763,90.32389398126396,7.018981696222982,62.830077373988374,57.2384679704339,2.933029065487848,4,3.4598873955915295,1,66.24210069227277,0
6.0887175950312145,99.23513487603455,7.040765751508696,69.939746901658,74.59375400721444,6.9036441061032345,4,7.399717732389833,1,78.19248700437007,1
2.508585134280696,70.4695953663515,6.068002414717031,54.7403184166155,60.373888174199344,4.853636594917995,1,3.256219670583294,1,46.81920640843873,0
6.989411307550065,90.78125395794771,6.444229965109195,69.9228105613148,89.56157397222704,6.385464750927438,2,6.78939012269528,0,85.32503535995629,1
6.766870062807288,79.13782901992548,6.6537265481444345,83.20686505834493,96.22062774871155,5.06137270576187,1,5.935057348036266,1,65.97492318807815,1
5.181383051808558,78.703269479714,8.214769091679141,81.90807981148785,76.29064726910596,5.558236849501479,3,4.26913675480079,1,73.67090101226891,1
8.011849023592834,64.63469309617962,6.777355898403721,89.84506216844079,90.84022609955403,4.824543767402756,4,2.3280443889727156,0,36.48978405189877,0
3.7450078020939226,77.15210590484605,8.237052611179147,63.38382259434066,58.00709569742034,5.449249395645786,2,7.483325083634686,1,73.37480590986074,0
8.255817986507138,70.02735042031584,7.878719475331984,100.0,82.91750383671275,7.000153115090461,3,6.00092811471872,1,54.352796766136606,1
6.308987331190503,75.36145570494054,7.857296045351113,82.95050068802001,87.55640913382457,2.4675409418615524,2,3.4561039584796616,0,64.72812452543623,1
5.326894820243654,69.0181361622185,9.08176895551896,80.06430377488145,81.47207243885101,2.01415514736978,2,5.489211369189181,0,46.48801686224383,0
5.9602527292633765,75.51091612686994,5.320913680381135,91.34361169531448,64.99138936709252,5.851729155277798,1,7.012323797464972,0,56.77177655256861,0
5.785470468378117,75.93889642976596,6.29022534053933,77.69493295337924,81.94378168180351,7.881148595815233,3,5.224037588393775,0,67.54662527838303,0
8.440565792835434,80.967549184388,9.644948200449354,100.0,97.14723167097102,8.385489233602163,1,5.476797665306194,1,65.92371364918259,1
3.846641745057973,63.85250137708669,6.614025249116099,64.75505868657221,51.941761620205895,2.5511795645798565,3,7.064007487608055,0,83.26795525731484,0
4.4749615217068035,65.54481852254676,3.0,92.35428965366302,72.2543371781326,4.194252329195253,4,8.074525548606353,1,41.9789331351268,0
8.07260578414496,83.61914270730527,6.695547485278172,80.6156771016006,77.94017011005168,2.0415694911101814,3,4.760801650076399,0,69.2294605674865,1
4.808930129632282,72.025618829299,7.202409295244875,79.21949967696582,44.56065110105881,3.89877674722576,4,2.325114269343181,0,68.51376064849521,0
7.801066154663183,90.74529790229931,3.074330323853184,82.58000908525355,85.20537279105861,7.245696190098723,4,2.394847372847908,0,63.132894044227314,1
9.398871966017419,82.25269722015047,9.000903459831923,100.0,98.97137884865441,4.974216432883201,1,3.618014374320217,1,56.301911694533246,1
5.196409946116733,86.06762150206407,5.9294313042015965,71.19972365199938,70.02775162786926,4.252251840752424,4,3.1302169471620322,1,86.53265623269694,1
7.362724653150611,94.10692320420895,7.492844672781273,89.72233517219391,100.0,6.09017151282242,1,1.6350622077986312,1,100.0,1
3.692615437320283,76.90289188193428,6.6610276819839065,61.957657226185724,65.94420491627145,3.409895820381058,2,8.695650006263097,1,44.28908213556578,0
7.509466596135619,74.25513294583725,5.067472871193938,96.91958471734424,86.52821776980072,8.185956729763715,2,6.056198524552666,0,56.137225169255345,1
6.3988479719735345,88.71702585598814,5.39423779804687,75.43672725347628,82.68900086498212,5.014569944482947,2,3.9524048063300175,0,54.93459193502928,1
6.94607656432043,85.09513563929686,5.597375745358679,100.0,77.26326934192161,4.196411514080202,3,4.934966315216043,0,65.77717447953839,1
4.70885585592921,78.12669690178699,8.628507863775457,63.58430821003215,77.54792575651065,6.173698469591223,4,1.4272018249931162,1,88.83768509836297,0
2.677833168865655,93.91457966955942,6.778692717849772,49.93288666104681,59.677018474964946,6.8785723204220925,1,7.314643795817484,1,77.91505708412139,0
7.006504129499009,77.8775569016007,6.21720172517238,94.54804142828591,85.19074181591895,8.191950480298518,2,1.1007792169125694,0,67.69221140593258,1
1.873193695041091,80.32773637555782,5.598086631114653,53.44953207257024,44.99795994157715,4.580062187483671,1,6.020055563288526,0,70.24543842435436,0
5.36529901551493,80.21222650834258,8.794225332289189,76.7541219430793,56.54849082859865,7.172113045387434,2,1.3231556905033992,1,65.21481019024078,0
7.88236373283994,70.65406105101529,9.196301908785381,86.1894071258425,82.28032150626673,5.202423223799994,4,4.17198380976148,1,81.0797024494489,1
6.3837954717460725,80.77585389486391,8.77711584806002,68.79289468720346,81.12911139307536,3.7772399580526104,2,7.4853777445417835,0,82.90502692861,1
9.896685289579626,93.96760177398491,7.73865600873125,98.71348980651474,94.9331169400283,3.446376941991531,1,1.7320958167164617,0,78.86946872970816,1
8.050218305163547,84.44968315376175,7.434745062806067,100.0,91.218581501655,2.8060331127339917,2,4.702582199562721,0,37.05188067056859,1
4.692203223348847,80.31063426398931,5.176093273036148,83.49238614979988,65.82960057153002,3.516612002221772,1,6.255541351454374,1,70.19711135884295,0
6.054626759702877,78.38232718834331,6.631271309933414,82.59106142477364,80.63355540448251,7.2314132435201675,2,5.92833900068877,1,67.20196449463519,1
5.905258594911128,83.30867028406351,5.974209694980345,90.64897590490672,65.66331031071363,6.413419203572074,1,5.140371999556725,0,84.86955418861605,1
2.8356464733077456,87.49766628489185,4.2617318365229355,53.58304651959696,58.94277895869729,2.5175766881161006,2,5.9915270246763965,0,73.58659819434281,0
4.119202167031293,86.09238830889753,8.585565128748048,67.3414675461064,58.30567153867379,1.507218159570129,4,3.778352088791422,0,78.35107814398592,0
4.8784781860402795,76.6813513817802,5.956255080411587,78.35044033750349,53.888039694935316,2.7754136884071783,2,8.865591710665996,1,62.570544307443434,0
1.9275589942881268,83.24781594110115,8.793912861152961,58.333646703269515,49.91381273544501,3.446527583505703,3,1.7787642942163293,1,84.09097568407141,0
6.094986936503286,84.79939741148279,8.322619601140019,78.00670137775086,91.93309735720018,4.393468578845983,1,7.324141488657549,0,88.5072209475821,1
5.501856310693919,69.92805012473022,7.835076964950128,65.50284423025863,58.42537378570369,7.345727046017428,2,5.378989073567032,0,45.59512933749727,0
2.6542121973768515,81.68230541183695,7.919326107644776,42.457647100457145,57.1191956882031,3.9045662822006664,3,6.234218462728698,0,50.5571646986792,0
6.8084257305546645,58.38696113697638,6.077029176889439,92.2207929022697,88.82632501597024,8.360999920354548,1,6.589092035167479,1,81.43680545678787,1
7.431745489381919,84.82533709821185,9.786775226935998,89.59094317943186,100.0,1.6396002153572646,2,6.111257206926486,1,67.41411557907635,1
6.454068957729778,86.60343054562682,7.064688146429574,91.29032857074981,73.79508392191178,4.302734958475387,2,3.3779564788820577,1,85.43070529946546,1
5.35186364958206,87.4754612578646,7.452897527678056,72.38695882632655,65.79117585144922,6.571097338272803,4,4.427460621022437,1,73.62731191281472,0
7.18288430350371,76.04953147830433,6.026385499650042,78.78664266924261,71.4303838616296,6.6944105047328675,2,2.096820665882337,0,80.39301570784045,1
7.360440720953382,83.09046835024034,5.60325210883456,86.86768327113325,95.56780767418249,4.328572087223215,1,4.403008547977155,0,58.79143930396598,1
6.614807139439376,94.23953845541166,7.715944013214135,91.61603218332505,71.0146995442455,7.003506867568394,3,5.645037989616886,1,75.09690763040315,1
4.350775499130478,94.13769648291259,7.326270243908178,69.43935534577585,62.39868867702937,6.624392885013766,2,6.214256550713407,1,75.13947844812182,0
6.553201531022362,79.70827300773439,5.815971451146134,90.78385949839667,60.82983041242162,3.6357706813749786,3,5.782868689988523,1,59.66659000511113,0
8.390961301650957,81.3931963072956,4.842359921836894,81.89172645232392,99.185486236691,5.629856936888844,1,1.489820517139731,0,85.02540215162804,1
4.80674188277654,91.10911144734433,5.0951153690086795,72.41923808218402,80.4230341044395,6.407226568153691,1,3.8756521351585436,1,41.57017540274779,0
10.195878678264862,64.99197984737825,8.79420057563666,100.0,100.0,3.7789304648543505,2,3.675501021264945,0,73.11560554892888,1
4.948738132029231,76.76924257322976,6.080119278024893,87.00759009936536,53.63917597863821,8.388650900538327,4,2.3796641335132835,0,50.58883990745214,0
6.064814026680272,93.35570455536757,6.491637181486249,82.40034411356044,82.46039456787469,3.3292761067647145,2,3.3281331977924795,0,54.66547537367407,1
4.655028807987327,89.75200541684767,9.175510388138594,90.73591922287858,51.20346900068395,5.288185766589025,4,5.00255836073902,1,84.78980332444361,1
6.446541671840522,83.69263777649904,5.316774157770378,68.75586035972779,79.25965305168555,2.500445367160984,2,7.8275770415568555,1,53.50112745173861,0
2.5155566147294497,64.94167594669379,5.909507761424415,63.87697211776004,57.144115488214666,5.20672039732512,3,3.0938713415820085,1,52.867914930593244,0
4.907916402366558,79.50089766958838,5.84684975715896,76.33356240363725,72.549330595282,2.865853567858356,4,2.742271129988604,1,78.70483310066047,1
3.8157575993028656,74.10084603750067,9.427102721749058,75.27971997238299,68.24091092219187,4.411741717341474,4,3.801055112710892,0,53.33823873967316,0
6.270676695784582,83.31038902817214,9.99007525087362,73.21978411443399,77.54372413911477,1.8268048773578065,3,5.6749327741722215,0,85.27314290335798,1
7.988894751017815,71.9065331520512,8.127344838103257,100.0,68.30907337882137,6.599626800651444,2,7.447415780717086,1,79.66907773042969,1
7.2920123742291025,69.74276605025392,8.17507708623136,86.5897012858631,89.10328433336994,5.712560099483215,1,4.826982184620061,0,58.33534206449051,1
1.2566812782822154,59.351347223163586,6.129467495720903,45.4127312620619,48.51616908097077,7.174821107273399,1,2.1082425080959775,0,84.70563523289586,0
10.08413930585576,92.21804684976702,9.920992730356424,100.0,91.47863792142223,4.304389670720328,2,2.5338343434398993,1,40.921462734673455,1
6.590559881241736,76.00229488556943,7.401544381537993,79.82118417740755,63.849385076084324,7.267694733761997,3,5.376562777319888,1,77.08737072198367,0
4.447001719014,81.57145783702535,8.27966539667461,100.0,82.08223217332758,5.078559290789672,1,6.990508789352113,0,51.30652713631465,1
6.314255837981881,79.97761883525818,6.841712591843569,92.07071518515954,90.1985404107981,5.226334918857473,3,8.631483849682565,1,62.15050880701738,1
6.352379645005385,69.32566067039501,6.597951119008584,82.2585117821091,85.17385194310685,9.228106650703877,2,2.6351983301945285,0,63.119351000484606,0
4.666302566096872,67.40935088551807,9.494563389394177,72.21234597849232,61.2348162842342,4.030648070122792,3,5.279548762568639,1,89.22095977027179,0
6.395833334684151,69.94684874002765,7.80958551960746,91.48973529823542,53.20504448598973,7.4549180623097,3,2.9403099255096015,0,62.48081112223157,0
4.785055424759386,72.76831561170607,9.177063191605573,83.91389872707907,76.35712430290866,5.959369881095227,3,3.202746648830747,1,68.82070903396765,0
5.191276014619954,83.66606247013804,7.382992257617566,46.840880879893284,74.81452382627047,3.856190215509034,1,3.0333765354503175,0,63.42739789880797,0
4.627441728489831,72.04282336479389,5.727450195365364,79.56714018978249,64.01802728021721,2.368618219073054,3,4.331477670450932,1,55.26039779791239,0
3.1346574205206945,97.46490631594622,6.124985600682268,65.95295254238974,70.05600759010292,2.9338298990890195,4,3.235441828055059,1,54.54548131990845,0
6.291672940430768,90.27151035893151,7.154447863696916,68.34692648428408,86.23001298221311,7.261349595709023,3,9.957692113866933,1,74.63092491296358,1
7.170598873032676,88.08359549665708,6.06024967593501,94.65513576140515,84.78454812050455,8.468799053673914,3,4.080648433428656,0,69.60416569413954,1
7.029767192152745,78.8034109752685,5.338807887058464,100.0,82.52918733162761,5.182879806420452,2,6.9755562217189855,1,81.4377487080929,1
7.639850505270468,95.14280735720484,8.802125547680538,93.76721199463014,86.34878020761963,5.287763525242246,3,3.680944650730403,1,66.36904835957924,1
6.648680420029736,77.81994368878875,6.182694893764732,94.24768652271732,86.69148124852588,6.5529068663129735,3,9.466481059736456,0,66.85511685103745,1
4.934549003566193,79.68738585845755,7.207289121686981,92.713935937475,61.03253055596728,5.14660405870637,1,5.678129962837658,1,81.48629410116675,1
7.679327728862377,81.69974539749269,7.444200384828407,80.09401713711136,90.33579759102463,7.199400075940645,4,6.673863459056045,0,64.41838613492355,1
3.28496492031613,87.01823040543344,6.117770312019147,47.84911014991148,50.503880077200876,5.583244501326369,2,3.8178449807881236,0,48.4061440236842,0
4.198657234975039,86.36908079002986,9.17619919946311,77.56194680797022,78.55749512737258,5.271082627304885,4,6.952881210204752,0,82.7132048333528,1
4.071599857153511,75.24874721555396,5.3242873581930805,67.88188392135305,69.7508848586734,3.6015743050117632,3,5.669778051635836,0,59.84288468203711,0
8.16011211827862,74.67006280574046,7.392437895371156,77.05882606767767,82.07839009328242,3.109465841053435,1,4.242044908249591,0,71.00329840040176,1
7.885577028280151,86.39902957152084,7.369176559564876,88.64618578004283,88.1194204099784,1.0,4,2.840217127140738,0,60.60229366003136,1
6.97461047408999,87.15236583891233,6.918618095703779,92.14852610835615,73.30979904425953,7.468233599883743,4,4.52491297806085,1,55.41247422476658,1
8.143859730423594,76.06648875177127,5.054631080092026,89.22958200447437,100.0,4.706785889555349,4,4.353713042755064,0,41.51917410487757,1
4.241434435176024,64.12811930321546,8.306226327795196,63.33889586852975,81.67736645576824,4.199205310528438,4,6.738056553172852,1,75.08748482697271,0
6.6971902397219605,77.92683903991755,8.115266005501894,81.2508805956447,87.14537826396024,1.0965854072291332,4,4.535502268804675,0,30.0,0
5.749651143233671,86.23525798825858,5.986647207113176,78.5534910631549,90.0644725359478,3.719774468455296,1,1.1569125934310294,1,89.47517164243403,1
7.693764207769828,98.0541684641978,8.061230810808043,69.17399841258832,87.68054473534397,3.456627083434209,3,6.2923600970063625,0,85.48024140311314,1
5.769551534895605,68.02042037659338,7.562361529451164,77.4200081427711,82.2524348811216,3.4104538255384504,1,7.586333163876583,0,56.357466969692545,0
5.230114223179838,75.73428747169426,5.079081781958338,62.707166394450276,83.62793055817659,5.665672286305256,1,1.6678650299431186,1,93.8237936510168,1
7.08181703712198,76.10596438474623,5.7191066281429634,91.99934470582087,82.43346626757271,5.244497106392007,1,8.609461226792108,1,100.0,1
7.752338334382466,93.55805339431501,8.707422167334368,73.15126591604455,87.22506857946826,2.2774081327605895,1,7.7933036063067025,0,65.90025293190733,1
4.6633096103063965,79.65058499541367,7.464124277713076,83.44347009704134,77.31642367612736,2.4043178001853347,3,3.738238669734058,0,76.16455660778603,1
5.877848657295248,70.92673440627735,6.153545581284061,75.29759259433682,81.73207159973143,2.400642895339268,3,2.7656807863647077,1,72.04404451794828,0
3.8831187327166945,85.58695282921819,5.712286163241037,63.985836595863354,55.74410519428964,8.621052175134354,1,7.105954913850434,1,92.70423972019914,0
1.0038779650141212,75.95361479959054,6.2269093028268685,57.963935798090326,24.15497407737004,7.98544525738326,4,2.2607016409238647,0,49.11051483171057,0
6.400919262827458,67.75612726642046,6.333280705183443,73.34425186190336,76.65023495099426,3.2954020018008046,3,3.663318843565187,0,66.58945640949464,0
7.217810712509264,71.07226692723849,5.731055451056123,88.87651110384695,62.3377224828038,1.0468113600085385,3,2.369740516987428,1,83.79096787091026,1
6.524133618173451,97.3404195442262,4.387353831425047,75.29958034398355,69.23462834798522,5.25608848602504,1,5.011815618961812,0,82.20300812793101,1
2.1008765644912657,83.84209221649462,8.710019929601177,54.93703769920864,43.862389814943754,5.093880232475343,4,7.930370286744256,0,69.35787732667762,0
5.298301139847051,81.07760055452543,8.455950508917164,80.54504739252661,66.10338372968104,5.633833973976796,4,5.749833668702655,1,90.88466609454113,1
1.5633044798978375,77.50106264187954,5.09011682228971,46.43071506214536,57.58420832102244,6.482747784954666,1,7.036148997445649,1,73.50217492466203,0
8.73940221530837,82.92148842118799,7.204466943345501,81.0536380589183,100.0,5.903407906791884,1,4.2963950489306315,0,71.7055027507379,1
3.827890835763828,82.80235946002495,5.64664269592785,71.62170925292256,68.05475221265505,2.7671209369994934,3,5.194605658723691,0,80.45564535783518,0
8.510807218919792,82.92168828207326,6.607649165160197,92.28503756970511,97.3899130741368,5.588082174328036,3,2.5471244707009397,1,69.08657017111207,1
7.891739287368291,81.14845090277753,6.482850130189515,91.14562388493538,93.9116402878962,6.707647150671308,2,4.806228142923369,1,70.75392349773833,1
4.198819294927876,88.6879833830555,6.358248676423191,74.27048884185359,40.22461585735802,3.551996553993254,2,3.5080597806869145,1,58.19062006301614,0
3.73443009746451,80.23104346000731,10.0,69.24590602539236,62.50855740485822,5.599912937511717,1,4.679459403247456,1,100.0,0
6.700740432772676,70.2206116444736,6.3395114729857145,89.58462840353407,62.23985538493601,3.894438565064384,2,4.541975854764061,1,62.898806857531184,0
4.311351925633858,73.87577109099132,5.787604262399613,72.53112249795586,70.95950631051855,8.992339441882459,4,4.37112024397197,0,80.93866675702503,0
6.204969284316415,60.20981306510288,5.856127855754428,60.95180742482904,56.29873423270152,2.34634572226596,4,9.215113999860346,1,98.63085774138705,0
5.034344818386163,100.0,8.565665434602632,57.692878145312264,68.40168355680999,7.311897873057202,4,8.535089305423853,1,49.85770204231679,0
2.4376831710687332,88.62754591952687,4.521846502460598,81.4679076577645,60.103796786608264,1.6583744771494615,3,7.832284763083486,1,79.1676184336411,0
1.539063961751082,71.69929504870763,5.856065625346719,57.69603847934404,38.05680428734337,8.586105370433216,2,8.590117934994515,0,70.34744052204411,0
6.453368496989194,77.181551506029,9.170234260167302,91.76925900211694,88.33737058706737,2.716901865151181,2,7.838605298555734,0,96.92097413322358,1
4.876884507338749,73.63123525793567,7.36597928199647,70.92738348042299,74.32752874354996,5.379343087978672,1,4.955245331779654,1,56.361833291102954,0
4.893820366171735,95.42547211374117,7.28788300755417,73.88895088691937,73.17116915540952,1.7416136266063904,3,4.7501807899216235,0,58.71617888408643,1
7.3917276781875705,65.80122835729071,10.0,82.42499184822941,91.33038194423074,2.3000377659565783,3,5.470800501041159,1,69.25137748689825,1
8.34688455326489,81.1447605881878,7.369521929422748,100.0,86.48930644192278,6.795494095249244,3,4.578630162569174,1,62.59728415135619,1
5.454910557276381,78.91472157435152,5.937720757960626,79.80697701002333,74.24865198122637,7.056324622938943,4,2.9199092371350965,1,63.11083570138227,0
5.3188025861802775,88.26838630709115,6.576884414685477,71.24543387583941,72.01333123942365,5.478717864735294,3,5.5932105110940284,0,100.0,1
7.000286066227767,78.95990772275304,5.296851536454147,68.48603319683693,81.87622695120515,6.482163330980482,2,1.8677578328933384,0,71.9056405273427,1
3.2861288606008494,62.41791123344565,8.883905560023546,86.16797873036276,52.99646239713432,7.0897574853079455,1,5.27528328091272,0,58.229718497533064,0
6.446306109495394,77.4888216535756,7.861842576305073,80.59874669519394,66.25251550974531,3.6316462724013716,2,3.010454229847711,1,64.14974873954064,0
7.103771943644308,70.27837782056675,8.686621224956333,92.96115091383751,79.2540481689711,2.2020771313663707,3,4.837922259258599,0,76.07337339025274,1
7.3604604168352585,80.7957954655656,8.819475892824055,95.36227498724175,80.24328342906888,4.972593227594411,1,5.382406885078271,1,75.0605137709669,1
2.12649459499507,94.34177036520326,6.378683828608701,56.00416774067165,45.39165769480152,3.8455976282055833,4,4.294293057194362,0,61.34104374375927,0
4.477289460382119,62.60574755767722,5.582870721986666,79.11097505577214,75.38427458039295,5.77724296040199,1,1.7189782742586903,1,45.5795246295952,0
4.243473494353067,71.99777264600097,6.922430333037931,65.17598460424915,53.73877478756227,6.096057224175853,3,2.623962333100966,1,69.2418961082469,0
6.199773908818426,74.47307046216503,5.690858393817193,71.09460592369797,75.48355186399814,3.6366984188614384,3,5.9164872433601,0,68.83607611940545,0
6.961489159535968,76.18368904586788,7.247435313113537,96.45209272280196,93.43233207282833,6.408217085932886,1,3.885115612306226,1,60.30804668350616,1
8.993420814891962,87.40125664105244,8.698145321252033,93.38521027623781,100.0,6.308276751902616,3,6.1216995055687935,0,89.19669649098732,1
5.010069039263854,78.26455582438612,6.747790530926249,80.23547353234582,82.22335308655596,6.446635157778039,3,5.019402583263137,1,78.61866851275317,1
5.004855003381572,84.15802725720445,7.224992634861609,79.13348495572558,64.12132424654718,4.184415245978814,3,4.6043362177790454,1,72.02227547352561,0
8.299344037757495,73.74226956268224,6.85923157566495,97.87603978934035,97.63894548382204,6.55984432965715,3,5.695287176243055,0,64.58933061204891,1
6.59315387706061,82.29924345417938,8.204091358656546,67.4004000432868,68.92921929258235,6.040004561350386,1,3.6502058562103814,1,95.99542935218065,1
8.535303022375947,87.77797630877716,5.998326408567565,86.82360979871603,88.45307857609028,6.280369289513121,1,5.800789836146169,1,52.6829073871873,1
6.5774560060196725,72.67700450262912,3.7053306075353514,79.64252845513411,77.6471779283161,8.355577126177053,2,4.160985835039282,1,62.551059040923995,0
3.6857667625734583,87.81358119806515,7.706303289063071,60.114047083852384,56.35619845346065,5.655548379850823,4,10.0,1,63.21447873042302,0
3.333743290444387,80.52372768727568,8.481751631961991,70.95878493238581,56.38431986182107,3.7860755520050655,4,2.7321287657278317,0,74.4844092008044,0
2.896975501882142,90.45460240482252,7.669561367137804,76.35380828536968,52.44809373631932,2.7790909380010715,2,4.285502739871914,0,79.91327245561703,0
7.324103669516946,77.98580099923026,6.039654256797979,100.0,74.12068390608472,7.255872319987644,1,4.366186006094891,0,49.95138071545121,1
8.377193646174016,83.812446551621,5.297481852720896,88.49392057877124,98.827296937102,5.714615352070896,2,2.2962688778782603,1,59.7308496301856,1
9.698724282772762,79.5939376832147,7.741746297670482,100.0,96.36784566789387,8.340043976640448,3,6.451625178197052,0,76.71466589615072,1
7.68621066464648,79.0378773795942,7.212218429402011,92.88748836813339,88.13162942705173,1.0,3,4.142551837838834,0,60.022800905557716,1
8.325677155069972,82.5893042822569,6.811311058512505,97.84094671738515,91.59183164234838,6.8213341755728845,4,1.0,1,63.97335870005514,1
4.839967334692631,85.36807469224904,9.733695014490687,65.41848594273671,69.587068259256,4.477725329158743,1,6.3902571430906665,1,72.5896705325491,0
3.6871683665122865,67.50435088075994,5.579799858728002,86.6416445152111,63.051055659638,4.292958010237657,4,3.7276624372942884,0,55.301117789650945,0
7.700158664835106,94.33633608817878,9.662555531691199,97.76599516763997,83.14677978870043,3.470384319702818,2,4.790197154160467,0,74.1641698406905,1
6.835361504478802,61.40336959450202,7.0476758573059595,93.70330095931843,95.19613771202144,6.799142027770286,4,6.353645159711717,1,79.18839755103743,1
6.214888748681785,73.15187890261105,4.246644284693688,93.10904431241289,84.89678010844429,6.227072354566449,4,4.270586829955771,1,70.57580168073746,1
6.7747429612659795,79.057309292351,6.731196018521288,89.21507422898975,80.83227809530608,2.715235949921119,3,4.254206721186826,1,91.3807572265057,1
6.646370964916412,84.12355969085948,8.43924411489916,72.95872059407233,75.40768142983784,5.329842875850143,4,9.92940396864433,1,80.88133768094605,1
8.567633719707123,95.76172527741379,6.452417450792544,91.44844128298455,90.21759389095193,6.412228661360941,2,1.0,0,69.38617401707457,1
8.589971169633912,61.417085117748925,4.787832188142408,76.4393218975504,95.71604218152093,5.356021051851814,1,2.42806902674111,0,65.17862826502797,1
7.0884407046806945,74.9230587161029,6.7532282023057455,89.5929286203943,97.53004515344729,7.215680600053878,4,2.8158781301491107,1,96.32078859408547,1
7.691605745125856,58.73166512200734,5.714241439162441,86.76589214397382,72.41915902410469,4.419922912221636,1,8.57804548181802,1,60.078143443635625,0
7.028125104849551,80.31621973910248,7.737721601631944,84.73540168897844,88.76649821551509,1.0,2,3.710773387915902,0,65.91741166426135,1
5.077660535930762,82.7168358450003,8.160099724101418,87.42831398051032,81.73319958337092,5.373435121536473,4,5.48041774969134,0,63.852749569358046,1
7.51312934982628,95.90795742171252,5.415594388377841,82.99570636356681,70.21159139990536,5.361251538810159,1,4.051843594155352,0,75.96705084648764,1
3.2110098622814767,81.20634760893454,5.941293917326526,63.533817723686624,57.454550406376114,5.6223729934087086,3,6.206400684661775,0,100.0,0
8.107783104591766,90.4402512944238,8.134963697660407,90.75864848259098,78.0015188967202,7.213958195935403,3,4.974572904577013,1,73.7000906486328,1
3.61095412046793,85.83837081539059,5.711733582551561,49.654848108203325,65.97102083957792,1.0950734934133868,2,5.506198392399144,0,65.1688891101311,0
6.571606573589466,75.64751802994832,5.376762796258007,80.19739631032729,75.84613011798126,4.523033391334679,4,7.5744927426063615,1,72.8300735901017,0
4.309692083147683,65.91039253207961,5.231963302305617,46.69051129287658,64.55676183008484,3.154684383996898,2,5.880539293697931,1,50.30712087321933,0
7.1067779661488535,82.75002298291811,7.528057919437181,79.67867421178687,78.53010972410837,2.5839392237630303,1,3.529865245087476,0,67.18323388571392,1
5.932149548144182,65.07897982854637,7.463736579276196,88.21263827464918,82.79453161654777,4.855402000874214,1,5.62413409817715,1,95.56126433687572,1
2.8104880836733352,92.95207072669643,5.973930954431438,68.52510600087737,59.1532581080214,6.403644060561351,2,9.837305496695773,1,79.92984996945917,0
6.8413992620369575,78.37937897963177,7.007628094192351,78.25879320564403,83.35766321261829,5.601893209718319,1,6.129940938007516,1,88.46450981106486,1
4.844158446334578,91.95177411511416,9.290698576232696,74.62877441391102,70.671168928822,3.624955155008479,2,5.303819309958004,1,85.20019607637988,1
7.762293441626738,75.197855658676,5.538909764622668,78.06157153682963,92.2986694542818,4.709056800912563,2,2.2588940944785985,0,59.36800561194521,1
6.002651377468815,82.68850786400992,4.072386086484325,79.98982285584887,73.39618971624965,6.859792889259232,3,6.448837061329909,0,98.67982357296222,1
6.790841970776077,82.09348857334689,7.682613363580556,100.0,97.75279970006572,6.366258490120044,1,6.744453760363438,0,43.35927182309938,1
4.084862089969576,79.54955881989076,6.834398254147617,88.8823236535672,52.16122502763226,3.8944599735467413,2,5.6254462935746,1,74.98746082842537,0
4.821335537145276,75.67340486603408,5.934962369777348,74.63289898589899,51.66882874117517,3.7650072486720445,3,5.228188238187596,1,39.10524908847587,0
5.082722727797831,83.9245601847052,7.9781203560323615,77.01505528814289,52.40953068070125,1.5670316788020053,2,10.0,0,44.300385811750886,0
7.713404960485112,70.73836736516792,8.258837717003185,78.77137165608005,65.48454856998632,4.141177332835271,1,6.710855498248813,1,84.03347726261809,0
9.354754175610978,67.90564671040941,3.687582970179861,88.75587979854438,100.0,1.5284221391229669,3,7.480056523685927,0,59.63000841195878,1
4.389656496514247,92.42826893326827,6.021103136002767,75.57012570361817,71.85161597191188,9.134139374772229,1,5.133764308843642,0,88.67328366603273,1
8.153696289315361,87.271679888921,10.0,85.51955579021197,100.0,3.28976368626658,4,4.736811163923889,1,37.38448831829335,1
1.6606451645485958,80.6589160860224,7.875107373697286,67.34472177125879,39.39748884023635,7.217961710626435,4,6.264198155404282,0,68.6723769921949,0
3.6116211978154213,96.65142382543782,8.014155457445725,83.75496279885468,69.12434173434754,8.63621241578398,4,4.734914275594138,1,51.7608631246322,1
4.082443087626451,77.32234481275155,8.759341417947217,73.73842328594264,65.06289914725176,5.432402817055977,4,4.899132030643805,0,65.07218023749681,0
3.2949826211185553,93.22703219988979,7.025603237799589,67.49228516399205,61.435760718269925,4.799971487226187,3,5.926411363748724,1,93.22522922976313,1
2.83282322042484,81.75574084925822,8.19502624013743,47.35631985301768,63.253168276045116,2.355269487889835,1,3.9743803087653373,1,96.87703320293363,0
6.825997824275595,69.7524924992361,8.077093065755804,91.60609157409847,73.39316943502914,3.9907997567024487,2,5.440818430119235,0,77.69393372874629,1
5.5718646045442775,98.48040191770849,7.8085622451291385,66.4226100073308,99.30367898131055,8.207930095738051,2,5.160168293052102,0,46.08070579828201,1
6.75881079521022,89.90710846624086,6.5169820440738935,79.61396268971691,93.87166781401486,5.702505259244538,2,6.934051274908066,1,51.899726713386116,1
7.380945372243026,78.78978968990435,7.258088383549389,96.50048578506647,78.96861269350455,5.056696414917675,1,3.777371323695853,1,72.40082443199917,1
6.531233986345067,87.2717125953395,6.117457653539833,92.95375157481567,68.28002334083692,7.6242464183513246,3,1.0001361894450795,1,57.91136643205306,1
7.315526352300747,75.96296566002093,7.019221456849742,81.91255648800256,83.01411649575756,6.392581096911432,1,4.378730159714649,1,79.86958807393228,1
5.860935427515461,88.29149035059542,5.2472636618510995,75.21552178837744,76.98819700091319,4.704253704440474,4,5.7945720454494944,0,95.1388769002503,1
3.6260132233885107,56.08921434716041,5.814064013090571,61.136877384375836,72.41223193741416,5.432511671347194,2,6.928214914320473,0,55.25995158964044,0
8.115628361641592,69.80198666305407,6.576531937112605,78.59960435494885,77.0065610541663,3.4638699251373852,1,3.6143139944563694,1,56.57407660362144,0
4.821775734437746,89.79259744286963,5.584441852854885,67.76092385114632,71.78552383861813,3.877918707272827,4,6.084199719285779,1,52.29347230517084,0
4.128807402475148,77.5034446178108,6.242474093882235,54.512736823228856,49.482694170703,4.587402741482683,4,7.270308731236065,1,66.18611611323622,0
5.644164248391204,82.07542294888742,6.754111034866726,85.05144705703867,78.2285614244584,6.11494212474738,3,6.50250132621098,0,70.78341219797329,1
4.174378161406974,66.53214337884566,7.603393516996566,74.81712685865362,63.97122676386134,2.505274054619909,2,3.4187297931085032,0,70.32372224472839,0
5.165139236021136,98.47866995702103,8.423885952779363,81.43098902881081,90.35763303898445,5.152480660845457,1,3.6335472503252637,1,83.46527930945861,1
6.688107843126933,91.90529643717676,6.304323442932838,73.89649870988325,64.66862161656483,4.220275679873871,4,5.870006899349289,1,75.89457419645228,1
6.696683478492254,77.9931478162467,9.002656925902937,71.53271175731071,93.88618468585457,3.1981415630675905,4,8.250680624250199,1,69.11928772461827,1
4.204339867148741,75.95304143136674,8.40791661793824,71.5568420788793,48.18772585123027,4.231016901016691,2,5.028330318764843,0,70.61373112726899,0
5.02458925410251,90.29604361419693,7.756140747915913,75.7639719200148,56.87543278055002,1.0,1,4.669344561340852,0,71.2826817471567,0
8.148666009540488,99.82470450168927,7.230473693944928,89.27063177257298,72.12105047252128,3.4848226519432415,1,2.2607650697741675,1,69.13293965813432,1
6.992800235467882,89.53760255811353,7.478681262802812,82.06916848546092,84.46032749731783,2.801026235848088,2,4.271426240351599,1,59.843280020015015,1
10.150130078697083,100.0,8.780576725999573,100.0,89.16379236464516,4.440167914798471,4,3.5695236921644242,1,51.953940417036605,1
8.360256347483055,70.77648670938082,8.83536948963891,96.06153185534507,76.67822303209294,1.0,3,5.054398748365818,0,72.13415722839433,1
8.288586137119879,71.8061316950121,9.002420092575464,100.0,91.75919283895308,5.381785487018938,2,1.9743520141296642,1,62.510496668461336,1
3.224262899088396,68.11058881946651,7.061990247815505,78.81096474975831,63.86333125327728,6.818846592813726,4,4.342819091212581,1,77.87655879160322,0
7.527720703266845,84.4176064964948,7.832450747497919,100.0,85.56481726110434,4.765407255540202,3,2.9821313084776273,0,71.07974020596784,1
5.8937863966061785,81.7560354980437,9.015319759933078,68.72430431947086,73.74052688942155,5.997583746808753,2,6.880458611677697,1,70.22371674333114,0
4.898036392923501,78.48048876528014,6.064425947625411,80.4218918745978,87.67731468191279,3.974538887197514,2,3.281655284247034,0,84.76710560598634,1
6.336030681065057,88.09258628123298,6.522374719422545,77.36249851539156,79.47454674881004,1.8907577524482528,4,3.8553015247005145,1,48.93082493266975,1
7.890423069222967,92.32328605214664,7.024054994520218,72.81824823251951,95.39945315456029,5.003382642571306,2,5.564253051909216,0,96.53873721581752,1
7.001663182008423,64.74337590713158,8.34939810696911,99.96834760559737,83.43920034895012,6.3607567539704375,1,4.092568844992151,0,37.225307032172154,0
4.24305239731588,74.03027972098884,8.372758226077934,68.27833672952312,54.47955150134844,2.351223748784685,1,9.718905244972648,0,91.76193542938884,0
7.484917827185241,88.2014359412306,6.653703833203097,76.87357283325936,90.40838378213161,4.0695454473563295,3,6.861030314558844,1,73.01255496064424,1
4.724824915848072,75.32261316141418,4.737085818430435,69.47848594675342,61.79097638039051,4.505767198191166,2,5.034413156628436,1,62.13934641525712,0
6.433366237928572,72.01793923641846,7.369275916443951,74.20458996190467,77.69033604717907,10.0,1,5.73620277089401,0,47.92545446862317,0
5.393299865045732,90.18537427650395,5.622525794007398,70.029519649062,75.41382600920865,5.446742389439783,4,1.0,1,61.00765556452861,1
5.562267496528748,67.1049993027602,4.765095693039666,75.59530358081724,53.95942431030606,1.1888528422724454,4,7.4634503474209914,0,67.54484413224162,0
7.5324859500810195,76.98420192208896,5.104192658899425,100.0,69.09989446156882,1.0,4,6.02379333953434,0,72.92377080332746,1
3.919612560368204,83.28644025804809,7.48957151176834,62.93489063639477,72.61226708718485,6.4609976605275,1,4.853684354145155,0,91.68396082921606,0
9.890390148553866,74.26180086089882,9.041556041399211,100.0,92.70487642533377,9.970063951993058,2,6.131699365508842,1,71.10121298822494,1
2.3578278614110073,87.83155656013174,7.058341774354366,70.27750726685025,47.98374727737743,4.438051030798562,2,6.3756984876856135,0,74.79481037267134,0
4.804664633490286,74.3112302480263,7.317070981968947,77.98603880331228,70.49237177464991,4.318360815882982,2,4.167254965327502,1,75.25170688473025,0
6.740423779883482,94.0861949344592,8.774342408316889,91.18331922193616,76.5858167080822,5.861548352395192,3,5.760324082323502,1,65.08693498986223,1
7.16862833287062,78.74253702504227,4.683317636374669,85.97969830272768,87.18765381365162,3.403407183309782,2,7.097449082973401,0,67.11689611186533,1
5.799048558856589,86.71270136705354,7.780264632400407,91.85574383291721,74.2830734658091,1.0,1,5.90979548640443,1,68.39571324387168,1
5.885218593996915,87.46023952982816,6.9826153235217685,85.09589560265559,77.29734106578597,7.074528778551373,1,4.494788025525322,1,79.39681913801631,1
6.821100170655233,73.72459997255928,7.8490861882481004,67.45884100302104,73.90801712150886,3.773635743196341,2,5.593301523315734,1,56.30606874448475,0
5.5378610450846395,59.465134513441114,6.274774137394276,80.65182454432285,75.1631145033171,7.1002357316427425,4,7.764478127245269,0,62.40134331612227,0
8.786362515869811,83.60755754663835,5.773094064360277,100.0,100.0,3.478026419378639,3,6.567951882030902,1,75.34508840567179,1
7.678698228463205,80.7228834712487,7.210763356428408,85.50347895630385,80.39470720963723,5.243558254921076,3,2.6738656914559153,0,53.85274741140644,1
7.74564870201127,85.55826027575128,9.473786985001693,89.99080223719568,95.62707521478913,6.709663894977389,1,6.173367628424843,0,71.70475280970786,1
4.067686553259166,77.73472527617162,8.291365156812194,64.20985281955176,63.89051613632851,7.140701902143745,3,5.908315810383712,1,61.81483654646343,0
5.841223151188594,75.69572301199284,6.238460844729863,65.42985919530737,82.39215546691094,5.465977334962848,4,7.328227047423139,0,77.57929344898032,0
5.3990681025585925,100.0,4.98854194602808,61.49157180348057,73.68212179888266,5.3664781915979995,2,5.065639025859602,1,90.60734474185193,1
3.9887972486210685,65.27645938489222,4.476899074453321,54.57330637241671,63.59867429074715,6.239412360358223,3,4.261319417202629,0,61.83059211895767,0
6.7203283678915335,87.33950478364238,8.974149177775722,90.292089264163,83.81926702811286,5.928339068788304,3,2.2636703710861155,1,81.36551261950305,1
4.924708484440367,74.25398141816609,5.567376567796259,49.72072533843854,81.6842265296647,2.4176389316573736,1,3.610811186017425,1,73.00904777996674,0
7.310807659700474,76.64221382259578,6.511729880507596,79.88923902886756,86.2258189003536,2.455835291392316,4,7.415891139504589,0,64.24269173076368,1
3.8596168742113366,76.82897167426034,8.981816689116364,61.6415515186029,67.94300955435199,1.0,1,5.39591297339836,0,70.09947594767618,0
9.438081225683643,71.96565725828742,4.5791478167815125,94.36881076854357,92.94363821833484,6.533016001679293,1,4.800424373146047,0,89.46935260352566,1
4.207334682815876,85.7122421023624,9.238396764212588,52.47235791471735,80.95287283684551,4.208540452578,3,7.591247565185111,0,67.42270245861198,0
6.438604674400872,93.90643595949958,6.619539319161247,86.23190431941055,85.03499915570194,6.640394490752604,1,7.17920493469197,0,89.63661281279538,1
7.583718620776136,84.70013661246662,5.277125027141892,75.18697916228169,86.27939632490688,5.807421146908982,1,3.5285088927439805,1,68.20050251337179,1
4.858719139599774,81.03381996212096,6.62897360927663,85.61765110509155,67.9257781150519,2.995146636858061,3,7.401992667252668,1,48.81359298325084,0
7.704937286865901,70.13559500900753,5.916104827897783,82.30702955844117,96.00870641392652,4.759555132930442,3,1.6828379386417254,0,67.79889433445149,1
3.5416328043991676,85.16825265824451,7.661229698358573,66.75203378787664,55.18775605594241,4.090355896671816,3,5.919089883800846,0,47.64541472283176,0
8.90423539836512,100.0,6.0278013491683335,94.55891555737766,75.5966622274774,3.7815530394728754,2,5.682616794787735,1,65.23431858242468,1
6.028298529931517,76.19305376204908,4.132536683621435,82.58390317826331,76.89378717383366,6.830574650986563,4,7.299563825276911,1,64.658223984953,0
4.80717718406224,76.24016420648134,6.669156198386516,74.40602969527262,80.74310883551688,10.0,2,5.762023352491013,1,97.25283486861792,1
5.401636455145131,74.38910869019003,4.965182421570192,72.73707678839934,88.32290684271753,7.232407283487095,3,4.510879602393979,0,94.14051461376066,1
7.617838538785438,75.1058576550558,7.306479825982479,91.51967800086763,84.63409179837383,4.946087265285192,4,4.668874517899838,1,71.2809667461259,1
4.831089416299124,52.54700446327615,5.219304501575014,78.81691838644517,69.42241313721257,7.519015519912248,1,10.0,0,88.17034647206032,0
4.501284621154445,84.05035385855713,6.267980795241871,64.85507643467602,72.20301205208622,8.425805300621606,4,5.1652808959631935,0,64.03386264961509,0
5.556926804832524,71.54447823645387,7.273881706321505,82.04831221389819,70.6980666403575,2.215258435379406,3,6.194151383895107,0,48.591340721136106,0
3.646075774460064,63.897368812082,6.681311912448596,80.14758189631728,67.04051413067187,7.44970952272506,2,1.0,1,77.91739829121362,0
9.641087815883632,87.53189949732548,7.375645424501568,100.0,96.99250938461911,6.53936403748641,4,3.3452862036906374,0,75.42074091702231,1
4.8672108175705535,69.17982214958064,8.020430748576635,83.65980650432464,79.31694747732512,7.376238113313,1,6.037536089262249,1,55.93705663002782,0
7.663233572360808,76.61330946116243,5.263099450403041,90.0353763508785,93.20920656514308,6.626574912033801,2,1.7709549529572182,0,56.600460855293626,1
6.4189401672955455,94.6644239118858,6.903403689062938,72.73319637572894,86.61591932679761,4.544541984931718,2,6.098797667334503,1,84.09350145838464,1
4.030931899036064,65.90784201975487,3.0,62.058214898143866,62.13241494619551,9.065741288365533,2,3.549749291164529,1,44.74704995540087,0
5.988090581574541,64.67401765402238,7.3709999525237855,83.13933258641683,95.18781669446986,5.6791972171642975,2,2.9322973800890484,0,78.37271613580887,1
7.568005558621496,82.69306189562339,6.548778804437736,97.26766504463058,90.24715277552369,4.131345958611493,1,3.5423274927435466,0,65.28286304279237,1
5.623477329827387,91.49487364010369,5.524825354783043,100.0,76.21380451383263,6.011956030080748,3,8.055077716288721,0,78.39345410095146,1
8.386225891702056,64.25658282268037,7.473579133444786,100.0,82.70792554454262,6.944791803455721,1,5.666835842980557,1,84.82458590936056,1
8.043030785563728,84.07689736837177,8.759046365777602,78.51079635284361,87.28746651189682,5.189522151723992,3,3.1791272444981495,1,56.88514277986518,1
7.837829709316659,85.80999539961692,6.285973378601585,81.51642282298347,88.17077586292632,5.7862727670444505,3,6.550679704616215,1,52.89741277300594,1
5.080686455454006,59.4083951630768,5.58277826463742,98.18860543683002,62.60734576848103,5.176734164207303,4,6.6594766881837435,1,91.99429631945112,0
3.840315104437026,87.9850133790722,7.247537893658068,67.05768620241736,60.11871916893128,3.679848533798713,1,4.237383798394719,0,69.1422040896477,0
4.772824789274411,88.7660587984218,4.996590000030459,74.33927029398494,66.97894855461637,3.3563510827444585,3,6.918347250190648,1,74.91621754079824,0
6.392481881333441,76.88214426743976,6.009427944196691,72.35824020257492,78.91409789723284,2.1943674268568256,1,7.013499271196471,0,83.66156055177764,1
7.091573427064711,92.52346362298007,8.833603242475753,100.0,64.92237066197222,8.03604006809349,1,6.702663934693465,1,55.58067960577935,1
1.656857190479105,91.36455574324845,7.093268844718431,63.28761802560177,48.58843773583199,4.5531655037406775,3,3.6524959335218856,1,83.5294281053852,0
5.9837735967765,81.03117925717204,4.1807995540807505,72.17285450502939,72.12917974985967,1.0,3,2.6418962144483564,0,79.60229809067563,1
6.316178450646369,75.48554609675067,4.304512529080899,71.64263936465913,77.68822920762922,5.793066158559018,2,1.6142653515980752,0,92.0503429772367,1
5.444911487368897,70.27172107417043,7.243128538970163,80.2965968958232,83.02223458601594,5.751654209014605,4,3.688970721704904,1,91.78874468971159,1
8.582547678031759,79.62436490633809,8.293585863876531,93.35480013896333,100.0,1.2668646343392092,3,4.2643780832607305,1,70.95154800223102,1
6.843560148501742,85.6975891970418,4.573567812060775,92.53890291471998,87.84513288745671,3.3352075833334753,3,4.427127827764657,0,81.2958426493479,1
8.620383816161794,76.75823138959359,7.674568911244763,98.57160381208097,79.3780811763074,3.247421930878142,3,4.9055929584969205,1,70.668268069566,1
5.568078959299536,58.0249899473797,8.995515261234578,75.19559130881146,69.95440423747188,3.5154646184154474,4,8.465977098420195,1,72.17866233398334,0
7.87495498501385,92.6871389457657,9.831788481937958,83.93675897045559,93.209362998394,7.425551723407141,1,4.3208456535368525,0,53.06711234106689,1
9.270132789055038,81.90223221844894,7.496834139789814,94.75124246228685,100.0,4.702244903866327,2,4.9024517668206515,0,66.63257250590954,1
8.623386898545322,76.20375503323166,7.760203891828711,87.61012602615898,100.0,4.145530230367698,2,1.3648163221008511,0,43.078521981737154,1
3.815716813142534,88.57158388423288,3.8002233585577843,67.77662873766505,61.92079093594925,7.244779884441187,1,9.45594292907608,1,67.93779305648751,0
5.492647844915238,95.24638596482757,10.0,77.62764851077,69.32088462583637,5.990695490367411,4,2.3681851986097775,0,89.80064142027348,1
5.309670589100407,51.98088430512108,6.136764680355818,67.56904401170146,89.38226357376283,1.5180434840469017,4,3.586290591021287,0,81.66893877604565,0
6.978509070152655,84.34263649922072,5.599793262362438,91.19934397174208,82.4577604546123,3.766752721664194,3,6.39144409374033,0,71.68372206760003,1
7.372707110029066,65.73350789189652,6.617190798340563,83.15925840544863,74.06949889996325,5.643924174267892,4,5.49238487643635,1,66.96932714591661,0
4.322214651948528,84.99110506798941,9.267510121278146,63.192229756889205,80.68462448202038,3.1322197319759337,4,8.28637254059814,0,61.89520067487113,0
6.135677027833875,81.27927202374579,10.0,77.1623108563507,61.8531072530588,9.059109576842264,3,6.440027311455015,1,56.222348267853754,0
1.9601453356877272,86.3572652644055,7.188113019213767,62.2233082446415,16.810419789240306,5.225757527305167,1,4.837431897524279,1,82.28003377194464,0
8.88389001160378,75.00752385505345,8.497126258905483,95.24983205615194,100.0,3.49324732084495,2,7.088167737688717,0,46.974491240675995,1
4.975251518646613,61.26759888180848,7.064806073028256,79.09743874227769,78.958518822126,2.754112713327901,1,7.322615891736746,1,46.62986388831623,0
6.111727879688994,75.49631808743332,5.4433067904727235,89.54210064920025,80.81049669758087,6.855055176071406,1,3.6796824772357244,0,83.56536719410019,1
5.380700572023877,84.06847635139783,9.215115506182435,89.95290490019971,59.25964259222277,3.7042761260120862,3,6.926058772328479,1,73.11779652571289,1
8.29205515002683,90.15392328675223,6.066808779465417,94.31513737701468,89.16363234773777,5.759848356583414,1,4.55547767460318,0,70.67237948204831,1
0.3249871172052421,68.28168699527475,9.303296160057823,40.93091171367124,39.168236967692735,2.696961286251134,4,4.793044184828994,1,73.10590876044603,0
5.966779315348182,90.27060426873018,8.947811994653625,77.1427885514379,70.42778578316519,5.140395583049006,1,5.285866566057811,1,100.0,1
5.788362485004604,73.52127710353479,7.921054395935812,68.89862858119294,88.85086921812041,3.728228204233077,1,4.238438255318494,1,70.84058232513311,0
5.092727224816635,83.62449881594526,9.743462134381529,92.43217686120599,60.08970276258292,4.369211173049893,3,4.130817704347975,0,74.39935808197377,1
9.452453091271265,74.90106047134367,10.0,100.0,99.87576307869159,3.4074383992290858,3,6.969441696497384,0,100.0,1
4.225341082288457,81.82170627712102,6.7371349555535325,77.62981738640572,77.29251633035649,7.051252555616541,2,1.942122189299834,1,69.0461321103019,1
7.543592354471322,88.91877634570275,5.786808822375353,96.30255019874691,89.07596938001831,4.0179920497513475,4,2.876746109081625,0,95.89476914936938,1
6.712505577412167,67.72985922711464,4.2035952441152915,86.07195981942743,92.68621718942674,4.713085610160595,4,6.349467966220984,1,38.394818474376144,0
8.523038505071032,73.20094103253169,10.0,96.27575167996307,96.77537825471549,4.809715438402511,2,4.854201081681689,0,52.57179754975406,1
4.665621830444989,81.84962587342086,6.340476986622326,57.35356696893372,72.28722768759022,8.224540243267256,2,6.983025304045566,0,59.9804212286511,0
4.534062201752482,100.0,8.70255528565261,71.9309873561933,70.87272189883636,6.780617174782799,3,5.715864556246914,1,78.75987680414502,1
8.192139814954796,71.36810287833171,5.888116948735775,82.14916845131138,95.28727155623028,6.581361516555918,2,2.3325906819126954,0,96.60985634430352,1
6.85064261666022,100.0,9.307398461368052,87.06677845868481,77.24846472583872,1.8442267539473969,1,5.125668838555172,0,61.13771181954086,1
2.9101253066464827,100.0,5.94982361227688,63.95452807934707,44.44201332115103,3.6872152247949215,2,6.069095602178433,1,84.67378627604506,0
4.921389971073459,79.02688849298409,5.212421299573985,94.07516947882843,79.06877394107386,7.37723743165783,1,5.468079317066641,1,100.0,1
6.772765307696122,77.018474738001,6.687240353569375,93.03010342570903,92.25401485123439,2.6581383691567004,2,4.063451652745101,0,93.47141010287984,1
7.675528443093178,73.07934801335308,6.202336448557544,91.22276204068234,88.5729587676195,5.168027096243459,3,4.452119359759597,1,63.941899009429754,1
4.641538693614089,79.3179746966733,7.894449678191819,70.53829659667419,62.365475965340835,2.869476991478422,4,3.8798296884784893,0,83.02844261036603,0
0.17148802036611777,65.93280567440442,6.922907609211214,67.61765468942988,25.45175695690033,3.0701854891811866,1,2.349605836797639,0,75.09110019896768,0
7.046446371474066,79.23760982679403,7.941553591827882,84.93268539610503,83.13674922807829,8.361571305728408,4,2.0745208703045286,0,60.10823350439528,1
3.5593586201120484,94.96880273850856,6.563467790372059,71.11353271691303,47.86664827349257,6.438541283152777,1,5.780041912188737,0,76.40939672429701,0
1.9653224037551773,73.88914937523282,6.002338943471792,60.24910806304423,36.902059396151806,6.966280455589175,4,3.2570832689421936,0,62.89285146601321,0
0.33534815003171836,77.5927569601095,6.1246591781558894,47.63520169308537,41.80477362003339,6.567482960327558,3,6.151196854904118,1,71.86530473757145,0
7.627961720395483,62.98859525732758,10.0,88.50487082583263,78.13007531049274,4.721423275540996,1,3.8098650250969395,1,49.3240343362329,0
6.257234900809933,83.74062088131043,7.337756398340404,61.666505997266505,80.9965049665073,3.6168065841922057,2,2.373702826570103,0,43.556035196419245,0
5.548687238575496,82.64481684951375,4.024356685820433,62.26637218046561,71.69916740583423,4.195819481165014,3,4.184112729550904,0,65.70194660806315,0
8.778048725925522,80.6370235976577,6.219686479818878,97.38654904632389,86.60194669332704,4.6163470912265065,4,9.188749944836108,1,74.77212342957576,1
7.274649366046145,77.83172949777857,7.145299048713813,100.0,66.59874538898721,8.552572138655833,1,4.8087784416339385,1,53.08204477644469,1
9.232600085443833,77.07242081227545,9.768099521875568,99.64521146866085,86.86671925435942,2.3272871379409406,3,6.291733336664462,1,77.89442881579973,1
3.214529055666007,85.01900233700673,8.54304807383485,58.8689567293635,51.12580943348514,3.892677102762411,4,5.337607619848154,0,70.64124268795877,0
5.930898752092073,79.71183398411377,5.617423245277127,65.22595621978701,63.33231577740282,3.174073267389235,1,2.189603927667077,1,79.75377532274926,0
2.7665732501039715,83.14971871555332,10.0,71.67813885527625,53.30899654819998,7.11324639504096,1,7.89792649204634,1,84.18457833038424,0
5.541235336289065,82.14982817454548,6.953259452797783,72.03422517129431,61.774892105987874,8.707576518678193,3,4.504356380352131,0,90.1536496443888,0
5.502768292466645,91.23427287095762,8.869494716612417,83.94619564785881,71.37918228188772,5.617572719652792,4,2.378974870562611,1,79.04908091305904,1
7.253227274526141,86.76994097375054,5.267487253900146,90.16478795328788,85.92347578384341,5.782031669687169,4,3.975532983113331,1,65.57103488581251,1
6.091127762283796,81.9286184315019,3.4027553571236533,85.23864273396588,68.28506702981099,5.182641846083872,1,4.587511810051603,1,72.83294131138389,1
7.246814276559832,95.1842203065218,4.887352764447459,86.57008845633472,87.73497195354483,5.87495797856225,4,6.498959047002451,0,100.0,1
7.406880266277788,84.20268529056561,3.0,90.87084518108536,70.8277028851897,6.546310324715254,2,3.6384736387794394,0,84.78197067748292,1
10.309857354766283,93.0496268879042,10.0,100.0,90.7373701446348,5.851281025773643,2,10.0,0,71.07304096992128,1
5.369406689427751,86.06942608386638,7.321799378329624,70.49396810345672,71.08426716031882,5.9976686565565895,1,3.1256620349827857,1,67.74199290939217,0
4.117954598667242,61.58080921068457,5.613033972327953,60.954782388175694,71.57813851088983,6.55082872698775,4,6.223989924462058,1,61.02640950045213,0
6.492167230632818,93.04834763319329,7.678936044970182,58.6107481734543,87.62699879868958,1.4434437974898655,1,1.0520545171767761,1,52.19202171114482,1
4.395439945720913,81.35176241342668,7.284001054270249,70.16610410455947,82.49654589590108,5.004017860291451,2,4.752602667481401,0,95.62170054850121,1
8.963921536873071,79.48045229099222,7.9314000934209865,100.0,90.01764047306332,5.610418084169035,1,5.73446855864423,0,77.17748572022572,1
5.433563922109535,82.81348347489578,8.814297101704403,84.46862053592365,71.32637034587417,5.8322963610385825,1,2.760833492354761,1,50.96718775223013,0
4.868847264252019,76.55016838042933,6.565118270462477,76.62132750601968,58.88632829533225,4.658227476432092,3,7.99809096208334,1,68.11992113942559,0
5.057368557697764,82.27028860388945,5.68024104084852,67.94679284559732,57.80654802627635,5.321502999594304,3,5.868953302368342,1,89.05732701541135,0
7.436834846943282,74.08123933656907,8.241662821557878,97.15756649230718,86.90672994493494,3.560187190638465,2,4.364719070307145,0,63.29589763643651,1
5.68450603353703,92.7427225873437,8.203499166826699,77.2294370496549,66.34832120675975,1.4503105286045401,4,5.8473550032559505,1,57.78269999756486,1
4.716666359739236,78.8641188637895,7.151103712182017,89.33267493658677,80.62379015860832,6.966274202611313,2,3.813371676126434,1,75.35153185509223,1
9.330703835247062,76.17416157277566,10.0,86.84264654328851,81.36036569280847,2.7312567933609935,4,7.5027598048151525,1,79.87225574775127,1
4.2876603186765,70.75074184280726,6.343266815707522,63.93860631365594,70.58949397030597,4.6790922737724765,4,7.030597203644351,0,63.3147565027961,0
6.071132148065987,82.68775789148641,5.650213042547097,71.88296129813365,66.36940050022562,3.5017407341959887,3,5.7467801342149745,1,61.00692121887273,0
7.304612303220461,81.87107100125093,7.627137141259903,71.70187781176217,75.62318915160193,8.17401855975216,3,6.223384094995847,0,76.90880675671002,0
2.7373297791658535,83.88424613677506,5.987593214629753,54.316202043911645,61.815099327515426,4.84071057098257,2,2.0456075797975632,0,53.127320103626836,0
6.96052100281185,69.72748112494871,7.743274786217343,85.83476761171843,75.00432165579201,4.379087074235867,2,7.9338902134889295,1,61.92697055463141,0
3.8897846490391013,63.98818801188427,5.75048761624084,62.32691299668923,58.18086721903561,6.4957317374519645,2,4.801284357469398,0,68.19461127855664,0
7.645565561668005,86.2559130250656,6.399636575602171,49.664074515934054,77.75180973449234,9.312948335216372,3,7.050091298852203,0,81.0854807936108,0
4.074697976162048,94.84641861876507,9.836260630058748,81.11622285501146,82.2984857731067,5.811379054116177,3,6.499684447049394,1,63.58490371804041,1
7.385538063697721,69.73646377610103,6.391618964878481,70.08675302501456,78.13836527138622,4.245161076736329,1,7.019429535087744,0,78.44930357483966,0
8.211666132589425,95.89441283561699,5.801722683974056,96.9506135118135,89.78551896986417,6.39318796270938,2,2.9044740994820915,1,87.4905250937388,1
7.72287305126561,82.8391105873638,8.75601818305975,88.9265111530237,84.31810230478293,1.854641862836869,1,3.1590013153681777,1,62.40342933987593,1
6.502633296476205,79.9293709544917,5.423437074569959,100.0,81.22997039609984,5.092858520128794,4,9.49654953764114,1,100.0,1
5.5373981141406015,76.02451303454222,5.960585154779398,87.6565653859292,67.07701921518427,8.987915309912824,2,1.9613158530152863,1,91.29368362631504,1
4.847160847330312,66.15481980575004,7.864841680763492,69.18975828180182,67.07479273856538,5.315494793371544,3,2.8047792929825834,0,74.08679951938765,0
8.942069381634209,89.877285159246,8.407617135809938,87.68971128461793,97.5919363797446,5.2155553123152965,2,5.086487993196319,0,67.27320216836559,1
4.601009559664714,72.24393638562397,8.830714586621612,88.03232460631642,58.975985977958366,5.041273080715011,2,5.08995945465722,0,61.67020171686891,0
3.9258678528600077,72.201933242624,5.879167251669273,54.87062829328592,74.44842068344158,4.209047439147601,3,3.91996384573505,1,94.91905018382795,0
7.33073787006566,89.91926309886955,7.894013009479179,88.56248870951538,95.83923241081028,5.628981344729741,3,6.2321577438385445,1,73.15749559490358,1
4.4077263936270095,61.170165533282734,6.30083770068373,70.72742733563832,72.51128462334945,6.5505460233206065,4,6.804166875201001,0,48.41771053710014,0
4.099873005067746,64.76402189331833,6.0915165497340515,67.06710433829197,65.29800186637131,4.33635989501845,2,4.963664734182402,1,44.3181740150127,0
3.11279147566047,79.81865756491918,8.804819173438428,69.09909722278661,28.77073437191746,1.0,2,4.463020280623207,1,71.68662489040871,0
5.034180321078964,82.93284429004852,6.175668406210621,77.06650021048158,74.44799325301841,5.931235010557508,2,4.9554756207697075,0,72.0166805472462,1
5.834569952207014,84.84734647968924,7.41730689403147,83.7468571889525,71.09411566095343,9.266252153040208,2,4.005278416051163,0,56.24543847724331,1
6.486183455321398,76.98201506603748,7.2333692038459585,83.82067380023983,76.45435661775299,4.247477183887739,4,1.6035261156223006,1,47.28344768723173,0
7.902612488598967,100.0,5.393868435492246,93.6898764931673,68.44190162636563,2.057673234486793,2,5.601848874015092,1,40.55366655920764,1
7.053795847331587,77.72107441234166,8.449139283034482,86.20263116597388,87.25865994273146,6.354825969464958,4,6.531671427496082,1,58.610048932317355,1
5.61825556089364,77.69213847897278,7.84042134051843,71.49700893230506,59.2237228970923,8.487664528368008,4,4.692145443352187,0,64.55877917584948,0
5.60360864724056,72.03013331186122,4.020564082194369,78.05805583856875,74.80589734335732,6.058747139430471,3,1.0,1,80.37656853144478,1
7.020314937830367,81.23906816521071,7.416131666856015,77.95770909211163,91.1684644460806,8.449400108333021,2,3.8565699093564954,0,68.04499061574693,1
8.545140325857139,86.14961232046775,5.840539848750069,84.9219355819772,86.5775601419673,6.587337091251426,3,6.8114441437358595,0,85.95980842767355,1
6.2526283989664,92.0357805453346,8.64561295961894,77.90164196765448,89.67628764608281,6.413701971355385,4,2.1235029749263816,0,79.07607244016029,1
5.061738291579182,65.10715735559782,4.831900244828863,74.11445985053749,62.90052596740329,3.963998634515775,1,6.39176804420744,1,77.69845091264915,0
4.0142679978289095,77.540046616443,6.465284547055684,70.42359305262266,70.08993875428348,5.570813781506434,1,4.109167743260455,0,84.68872966449959,0
3.109589471175549,84.46703610809143,7.543036826482698,74.71173562951105,45.60967931246802,4.941058086564447,2,4.9624496986501185,0,49.19958153255784,0
7.3325393440870466,85.87057534594535,7.081510441212813,81.6780558950268,94.30654041132752,4.872528558866697,1,3.628200978432257,0,61.95634223793263,1
7.155957047279115,80.0654865780454,8.144437385070958,87.74830450114378,91.69564610946759,4.492269744097865,3,2.728834980764106,1,100.0,1
7.154727050213323,85.42423969532102,4.722367020986066,86.9539123905048,87.61194153091722,5.451226934917107,1,7.868492936540743,0,41.4065936253529,1
5.742681107295888,71.910361070742,9.477871505301067,72.62712266181879,70.52324527763722,2.4073100317265475,1,6.631678065142981,1,65.53311192901931,0
8.813869491783501,95.57905432318357,7.787716988182407,94.80675532098294,78.8632107164199,6.62343679856315,4,6.28944205900408,1,77.14222993620601,1
5.031763010830365,89.9262810297943,9.039577319501344,85.18602920592497,66.28417491278762,3.2445094144396074,3,6.817110964403826,1,41.84594536259982,0
7.910538474414411,66.55072212934827,8.311360253849863,91.41775454090606,98.5663026039677,4.499457549990584,2,6.005429744604994,0,58.7097950246577,1
5.922514210020914,69.24896951883244,6.982584828317434,81.87841034037766,76.83470397581664,5.66111978607033,3,6.888262511560468,0,99.93994484977559,1
4.783298470641325,69.53078249893093,5.073702683633259,66.86320904377996,53.169421528723454,3.145453163208976,3,3.67219850803917,1,72.5566073150123,0
7.185060614635523,86.77969970896528,6.154670228126949,100.0,71.86308729361372,1.0670738753894944,2,7.755373774558091,0,61.3832139747282,1
6.819272237367987,67.15272233582533,9.384344999293866,77.61279748361493,93.44714743273073,4.233906644604986,3,7.57686211907466,1,73.15705243540968,1
6.713945518533852,76.68975665791919,9.078156672484575,66.89189298719448,85.16280063248198,2.1378050148326,4,5.760963935035878,1,61.35462009790498,0
6.162556844112397,84.54704396416774,6.070600029844465,89.41462542274274,64.6353398572751,6.42462186534094,2,4.4240109042299025,1,95.68782377033396,1
5.924213836566338,79.33834065453566,3.0,78.47289878634743,57.88696805765209,2.6929928549157482,4,2.5529415627005196,1,55.13459480237456,0
10.776743985740877,82.58887515712706,6.680965398542321,100.0,98.4100425684446,7.9703111274183245,3,5.457315548408388,0,62.15811744636,1
8.368513290392347,69.34197288651242,6.568445667806325,86.38702864784645,71.69749266245489,4.98841422152955,1,8.36983035933613,0,47.61667405928081,0
7.445653789971024,85.94854373397244,6.625341081939425,100.0,83.11557783975613,5.1183483891884585,2,2.6783256532980038,0,65.56832237920172,1
6.223598316406776,73.86788107524004,7.7928088027471025,84.6638943680807,100.0,1.038737342910672,2,7.036150297051212,0,67.38151318810986,1
8.014314401193339,76.75380325602059,8.314318868982495,95.56908422241754,72.1163256501683,5.289725257701047,1,4.057122252186887,1,87.93460995842648,1
7.035989552782904,82.37731727905987,8.485449320649286,86.80610399973719,80.35568068463527,4.839640166253494,1,4.227804430369443,1,54.74903245186477,1
6.052409505548071,81.03078221530848,7.668563710203051,82.96254366219232,89.43372278660094,2.401821930149061,2,2.649082017474263,0,77.25442761952873,1
5.3928713494681695,80.23980019015593,4.298843947116046,90.95060285293499,79.84810667980997,5.1745366775936175,1,3.4950141468660574,1,71.30090693976858,1
5.838165324674623,72.49373178023244,6.488200400960056,76.68228001109617,73.54158480005636,4.204153978385152,4,6.293564171122293,0,41.61242691735873,0
0.0,77.00450588800808,10.0,35.4306245447927,38.53651329831803,4.566424364209281,3,6.542255137513538,1,59.12048950721643,0
6.421201678595284,80.02183590837036,7.561325102203718,90.78655493525419,66.9681122473259,5.051763524388092,4,5.471716162153211,1,58.52407152894789,1
5.023047839779281,66.24914766832916,7.551729352665798,80.08225532132033,67.46172933862016,4.057091573683596,3,3.998374270480295,0,95.24559115614237,0
9.185339996565768,75.37467033686622,7.539228909660787,97.00649811167926,97.54644712179591,5.492913253897736,3,2.7928855955355223,1,78.18590313476639,1
6.038688141623509,83.87679879032846,7.623069433758984,84.9009731235954,87.28326428248195,4.826889035298073,1,5.123516933620452,1,72.17005560312226,1
3.6220731609300763,67.22563396154658,3.4253317283711153,64.40292360170864,55.5306827304329,5.94553693677315,1,4.270091391566764,0,30.0,0
5.9002396917437645,91.5658165159424,6.640713524633397,79.70812428726141,73.50308686982797,3.9426508120560166,4,5.42236284487486,0,41.37595891781805,0
3.9077578298749915,92.69613262599843,6.943160752307966,68.22178661077587,53.954412171683124,2.8701604941320813,1,4.357524600359337,0,80.9168204790826,0
6.946814831424933,67.54849424039915,8.922243098880118,78.8191915864155,83.93414078395465,3.5822629431237227,4,4.408670426629074,1,81.73064188909508,1
6.581894728678971,93.57619633050139,7.071509341933444,94.80120147444488,87.32916287516346,7.885313537703557,2,5.317921372224927,1,58.86627693805869,1
7.9156792622165355,78.56418411287865,4.530232920097088,75.45581003690467,93.79055570759816,6.911933052413493,4,5.7043849292874445,1,70.4151731617866,1
4.418236416610869,84.18514559157055,7.645133734257628,95.70000380118401,54.80754774524166,7.4267582651982185,3,7.44784258019547,0,69.35145226693292,1
6.068016192456294,75.03348947871753,5.794263027635882,89.11370305434622,77.87672924930192,7.56542791634044,2,4.326023331850615,1,72.54168882521972,1
3.2699564091467295,89.23044827226762,5.1748215383778735,48.57002669871014,52.8466131723785,4.067363885653595,4,6.0909890341045525,0,64.41993200611122,0
7.402989563849429,84.06094018848667,5.748761429925128,84.77328452433785,94.5284375396249,5.5916238708169255,4,8.60724411806415,1,82.23052621683553,1
7.0377423608802445,71.85846743402396,7.813756344496773,83.50325264536565,80.61332693754608,5.151678005695924,2,6.144152648455125,1,86.5916456302865,1
6.991610042055141,68.34798000034712,8.888141859640102,88.87691649969683,66.75452686992,6.319077051182844,2,7.328501987129958,1,55.60575430011973,0
6.003238062713883,65.39697564790777,7.72439491776638,70.12240760617222,73.82140132020596,4.421663509538066,3,3.7587453214625524,0,52.08441052396852,0
6.829545781577582,81.87941776432757,7.948034835425532,84.46798234157009,85.56200038145431,5.185948314182008,3,3.5592887193033134,1,58.05828653034653,1
9.208678216617193,85.72471411779736,7.709567909257002,94.83219710185949,97.69212993113115,5.1445429552393716,3,4.681251743230125,1,70.7307702833611,1
5.429811485915972,86.50965678779441,7.151990765290702,69.77287380384547,67.46090877897603,6.064524799831395,1,4.894120229572522,0,75.33446860871013,0
6.277290367420169,78.82018905392623,8.045395952444137,72.61892952238853,71.81100830580955,6.311434442143198,3,7.1416490342318895,1,81.82675007509962,0
3.8277474016371804,68.43003544335636,3.371836799395869,78.32678347520947,53.09144042765992,5.1873420646804,1,3.5406321016372906,1,84.57132829191089,0
4.263478076803335,73.17925201976217,7.166632526957249,54.35156498359074,61.63337225746695,5.247981568131616,4,4.822744179604827,1,75.43672913256788,0
6.195626586186615,91.52348638961925,5.432612448066623,85.75692229189359,68.61696985186167,5.451796041497409,4,7.14965049402642,0,73.44387739225962,1
8.207867093403815,75.15371435399919,8.74435385881621,99.01443853580031,98.94806242219605,8.293102841246085,4,5.43108716679735,1,94.73343260786532,1
5.487438351496855,81.43417630681476,6.779267042174709,75.25160837410012,63.913256201664964,1.5400044173661365,1,4.978366059390836,1,70.0750005778145,0
5.528166941375752,69.24349516425113,7.046422132401745,78.16456310412872,74.39184627187652,3.060640677564384,4,5.476995242933862,0,78.85070244777359,0
5.18622951099125,83.36583045459035,4.742392188619295,87.56609755193007,71.66041609921083,6.347359192891884,4,2.7448949969782745,0,74.80381969924724,1
4.930486658311354,75.42315438320922,8.525246333519277,67.6039181843162,79.03959442871724,5.539568797678182,1,2.7124937715160793,1,67.40220385373291,0
6.589942911417643,90.46712713775764,7.9409921804107135,76.93319026819697,90.43334035808957,5.5254991003017535,3,1.8235724967327838,0,67.50118351102144,1
3.005484709642711,87.73557706206813,7.835421823510755,60.07258673722047,64.99260769066954,6.334990997426713,3,5.413363574739206,1,89.82935150552046,0
8.561879153333456,75.042940534251,5.780465721746767,100.0,94.90055835290204,5.427985786247526,3,6.837709499686033,0,68.6465454052828,1
4.669155403741079,78.73335972652336,5.839540232592805,86.26871448755247,57.52847096150589,3.8814350431015527,3,6.531172969207741,1,64.70996263991846,0
7.443806970876283,74.48883759959371,7.335399181668858,73.26013250974523,73.97414094787513,6.2576182802165174,2,7.28725598512963,0,58.94416402117691,0
3.4600028052122482,65.80566803454991,5.958252384627923,77.3624214991776,52.303108633624,5.041774325998156,4,7.908444438107749,0,76.33803137282551,0
7.337680261092436,71.42557570452783,7.6523394440160075,94.87748436893501,91.54529156283377,4.104845642220893,3,5.289294768976326,1,62.317929525467385,1
7.3438892156289945,81.9821732772082,3.7586310958499167,100.0,84.79663457628033,6.3807212491558225,3,4.870784564452902,0,74.97691733274235,1
6.768404144011793,83.25259498229582,6.268683165390111,87.69310104132276,89.29699727142639,6.302067716563999,3,7.95192938968492,0,72.66585610020417,1
4.011142956400415,81.48547903592639,9.695130198139736,69.6131135792163,74.09488508160332,5.429532983201584,3,3.597969606645826,0,63.589179719684836,0
6.499096379196154,76.98266946041365,7.659228741993648,93.94764876169737,71.73505927218446,8.434238307989116,3,2.642934759233504,0,49.06623658649205,1
3.633887630531222,89.33066605720985,7.250190496796489,75.15847606767376,62.124069058759204,7.6536534695405685,2,4.322241094861797,1,54.56163533985658,0
5.494473489807629,80.63541904560937,9.977839803507035,99.92135159052542,72.83690415200988,7.003714388107603,2,4.088513381331569,1,56.92192717321008,1
8.058826201910652,87.03253828095947,3.4960695717978463,99.88120945917153,85.07508031522175,10.0,1,5.096653491642042,1,54.93955057804802,1
7.593403854141484,62.26224867797481,5.777033327817839,89.50249903494657,80.2119945796018,4.7070731960045675,1,3.299960617713761,1,76.82901735878787,1
6.030365885080866,50.0,6.398240242378916,68.41078562164262,88.02975034459577,4.070399341367812,3,5.739466289526665,0,100.0,0
4.050386848154316,82.8378802783808,8.287526849508085,64.44276246883041,64.82203835608091,6.720726198606718,1,3.8617759192190335,0,62.335148872256134,0
7.291175424348387,65.7523434627851,8.313484544842355,72.09632734146177,83.878500431688,4.4947314040114374,2,7.4564076527117455,1,64.23587980786098,0
6.038762475396051,77.87548297286943,5.700989936526061,78.04319201637162,68.20479810369034,5.023855431295646,3,2.610868993120586,0,61.23126178770429,0
1.3593688035391533,76.97902958975395,8.496931483213825,66.05751995002421,54.90833712536997,3.0281600684993903,1,4.721054367895795,0,82.86515140944428,0
7.565259652633037,95.87400602415536,6.395027849017438,87.78958737836004,75.34048290741806,6.213318915426255,1,4.330171416844977,0,76.39535290590071,1
5.951534332260616,83.99996552943607,8.817459438473751,89.97492434890381,80.25826128201052,2.0579855089247805,2,5.461779845340936,0,69.75058866766753,1
8.404902495966144,81.65859026798672,5.451035952816913,95.40024981422086,95.25170857634849,4.807123557681261,4,6.853408965653413,1,51.80332798674579,1
3.8094589623143906,88.36991154633674,6.815032601400759,65.01637191403185,58.73160328065066,4.969288524968487,3,5.532421812777886,0,55.483564896284776,0
0.0,83.68497586839038,6.26474902693516,50.87625155169964,43.1765208118318,4.127922315160337,1,4.742817603297572,1,72.62940363337191,0
6.55816771669037,75.42323007011566,8.58404555734857,87.51180549400281,81.2057018905871,1.4855704826770002,2,6.382510075530588,0,73.34930935635903,1
6.583127353363945,90.7147593025456,6.215828175150744,84.30787075145588,79.10515787208217,1.470737812451099,3,6.686049538832302,1,69.75836062051404,1
2.618656744787096,68.90249872111725,6.936327206482366,64.60012601245462,55.84138027017491,3.5076551866564,2,5.538399593408686,1,79.97390690890455,0
4.043000908266787,83.23247187533562,7.760217096494574,62.52450346546688,64.87582368153593,6.0781006575241285,3,5.7751836546129915,1,51.661339455369884,0
11.510435487439803,64.52430205863689,7.81788772453918,100.0,100.0,5.5778497228838875,4,6.293271092591228,1,74.55384815739943,1
5.388778771692393,82.03943857515995,8.330428911209758,99.5285018200084,72.93509294359143,4.9671292823377176,4,1.712146548301499,1,73.71979483145074,1
7.461917952752432,81.9298964177293,7.316687165267,99.59425466799759,73.73286581439316,3.2308230279650445,3,4.298389577087087,0,55.63091171994882,1
4.698680345263233,96.76454961914663,6.372626627080253,58.754992758219004,66.66997256152335,5.682264442522215,3,5.752467862417327,0,60.92650417596321,0
1.8193942022936866,64.3502610655822,6.475451881961874,35.42728143640481,53.56585122573084,1.4019414439221634,2,4.4167850324512505,0,80.3969421353421,0
5.659483506408189,73.99112824146188,7.038508472811418,79.05934174652816,74.92978832384205,1.0,3,4.423706220723621,1,52.92112527774885,0
5.4687908794277895,88.22682426574144,7.374388714111575,86.27868334139885,82.35024787051813,4.51385689756999,1,5.749803085599868,0,100.0,1
5.200243522663257,83.35317256397308,6.779242528227345,70.80179923909421,77.40232703097408,3.9078972398059424,3,5.795289948030861,1,78.3364240133763,1
5.770718328987215,81.80305051337503,7.028805131448321,89.07017892691545,65.92021462339193,7.026342595294916,3,5.934118709141773,1,69.13994784027916,1
6.528536543291273,70.4386429704146,4.724119209141842,83.23922836652721,77.5049481792037,5.315967555545669,4,3.4155530765593887,1,66.21771498442635,0
5.699766097492387,74.09181651908571,8.001032926682017,76.86821769019218,71.08523005048244,8.301470619999701,4,2.164393278891636,1,81.82302247962926,0
3.4719876641052725,92.45041008223257,7.271668433334145,74.92109008227817,60.7884411183598,3.9035698626090807,2,6.60877356470502,1,63.82975702605486,0
6.972369583123878,79.48490806246072,8.502805620311632,79.5430899865967,81.80440350035627,5.973544583044323,3,3.515168985023001,1,64.44525612983406,1
2.1012564893551535,83.75359696144473,7.000240761110628,57.639219228739236,58.72275562852941,4.49544574116874,1,3.3769492874554476,1,91.78882412175575,0
1.8992850854315995,78.84811671223521,4.39240363221732,66.19809804846263,53.16899414400103,7.763439448262275,1,3.1964969491759514,0,62.926615077018475,0
7.478360989403136,68.16914484750235,6.462330716039988,87.07784557635543,97.17561598850432,4.591899105751841,3,7.3020602826710785,1,72.04122022758092,1
7.014040544270713,89.33810426074997,6.7001051153223745,100.0,84.49427464224789,6.70881356029153,2,5.4240536241729265,1,58.596818860794656,1
5.885209269851928,85.03232384532497,8.114354958150399,86.36430047781982,67.0053504157388,2.8447620709516794,1,5.685046796769069,0,73.88560716231562,1
3.209102990489856,100.0,3.894589683229907,72.3336532357769,54.581811741256935,4.169574713735911,2,6.379102366454937,0,78.70921651660082,0
4.584178118651849,69.84418620349454,7.061769275423402,72.42584413260856,73.54295941922868,4.831913176145067,3,4.915258939168907,0,95.24343263787728,0
5.474506504626992,88.22572921200481,7.770512823689959,86.12007929023102,56.7053563827051,7.526835079925601,2,7.0253769253314164,0,55.939766650410874,0
2.8082120628517733,66.88456033962999,6.0077681720777205,60.8149825862424,43.39046822951019,1.0,3,2.606393688040884,1,48.28188693557181,0
4.521942683953534,81.57346567673078,7.111942014725271,75.43349093176282,67.23862817497351,4.334711107108442,4,2.8287859884919873,0,65.99814094326956,0
7.304660676353359,89.76506589063165,6.059445236275233,77.36037291172119,93.33718524333182,4.2670397471453985,3,2.718461068667923,0,60.743290139708726,1
8.854610728578432,59.27864883903513,5.905640600169415,100.0,100.0,1.0,2,5.843336995140667,1,69.76829442168861,1
5.161130494682899,77.95067525758392,6.387370224803025,78.71169944603241,68.79572549787967,4.071928478506369,1,6.012835392397379,0,77.82982488797182,0
7.512976708632197,74.3679026595738,5.933962011299483,100.0,95.68614712165203,1.9186657376174123,3,4.054835926572993,0,100.0,1
2.1718798588250654,72.98042701704878,8.0254274679045,84.78238313082291,53.75395825063937,1.0,3,4.53512330242245,1,63.22771964118334,0
7.318902482227223,83.85212652259354,5.897572184746934,94.2277069254676,68.59926507093104,4.475374343009354,3,7.536141201590464,1,36.84394468670593,0
4.392103170545038,91.20685706422596,5.645634989428109,72.64476896480423,66.27185365848653,4.407709758392284,4,3.611127608093814,0,66.43035025738448,0
6.6146912334159405,78.66721284770844,9.6518930002593,73.61281104582402,73.49906615428014,4.510092834081335,4,5.590865582506572,1,75.25791497084944,0
5.504495163520581,82.0548642756002,8.441110017736053,86.56997385019115,82.20927978590089,5.505716491796703,4,3.6285682579602607,1,55.45553889909379,1
8.640828019567667,81.14308753059248,4.2077299590112,95.30698573679061,91.58821551386114,3.2412063535726023,1,7.191948649880339,1,73.50523679371926,1
4.2511287033201635,80.01803506356414,5.8528475652212,76.63599190814544,52.72764115435628,8.581712026891841,1,6.256852368545335,0,72.0622230301736,0
7.255212595123663,69.10657362287894,7.363694457584066,100.0,68.53412746165638,4.933411983736994,3,2.2021571479908255,0,73.89777615998379,1
5.440985073406933,91.08444601722893,7.48563260084724,68.9606924804012,72.43611086629708,7.572860926122969,1,4.478397940704109,1,81.86982931194787,1
5.6833890439806725,82.95195368158836,4.76426070139466,69.17390353509,49.89815954928698,1.640201517022576,2,1.0,1,68.75963073494995,0
5.6322922136815805,83.94881490002578,8.737848239233482,75.7972016847011,68.61210038381047,3.330940699816251,2,6.800911162021659,1,78.21306484759239,1
4.308653791011774,71.93490370974418,8.237836628772438,79.7552804525771,68.16222600349906,6.3726296100884605,4,9.09461790184287,0,43.01558279154524,0
5.971802068186657,75.4077960201076,7.722852448060508,85.40768274307817,65.26064736856637,4.546871448644134,2,1.0,0,55.56431062311,0
5.874703555756357,78.23865802289221,9.035092736068181,70.41663266182405,85.18809290359144,2.853641225254067,2,2.145802618125905,0,64.8769850361091,1
6.482480496813459,64.65875306551149,7.678434988856377,89.97793149109211,90.80494847838767,1.3227402027118376,3,5.334640167139706,0,54.92306289975584,1
6.169010291385725,63.11965674802322,7.672871318877771,68.832923267996,66.84705222079484,6.4664073444807295,4,4.963082379421093,0,70.0989400316739,0
7.5959890992244725,73.99252069361432,9.336518907733364,79.60252875263379,82.59549285338197,6.30320450989771,4,4.178309656389758,0,64.84385053633895,1
7.847017232094737,85.2252076644239,8.651829371091562,88.08051298858179,97.02903490578313,5.486641382838457,4,1.5247599654977324,1,63.17299015631531,1
3.8987533563443977,73.46862610070059,5.737738811632703,63.95945432196979,63.3794447955155,4.008187618428167,2,5.6468936599502575,0,83.25707195339461,0
7.737545001181542,69.81194802409286,7.949792768007873,97.58631989241705,72.48048422609905,2.7738199447403904,1,6.775027703893958,0,71.25732686971934,1
3.627327145780291,71.8531434676233,6.003598202562127,71.0004205589124,60.330752189038215,4.894036920206596,3,10.0,0,53.74435146013661,0
7.17571177627547,75.44657576854688,7.756231826425417,100.0,74.52498743469442,2.3693627927091994,1,7.6145758442736415,1,60.95016422981645,1
7.239477569405738,76.46141037179896,7.714920260529722,83.72553419348455,94.51884438069328,3.4968318388708197,4,2.402568016117526,1,81.29830625408881,1
2.177366216674992,100.0,4.924799031316021,59.66480957296752,59.123518243295834,7.522501162799098,4,4.976217177676463,1,72.99564034328465,0
6.185958493058819,90.54620628487318,6.817231583033447,93.03361855591173,73.97818150569663,1.2983284737371616,2,6.184155442897431,1,87.93910247026702,1
5.063007773279368,90.24774112281727,7.3978855353706034,74.40583083515888,71.79952676497662,6.355055653800735,3,3.623477104953407,1,82.69849366158192,1
4.4824694841292505,91.68580364273382,6.3455647135087645,87.35239989772171,53.81360113505064,7.988391902898326,3,6.560024003085779,1,64.16399606652469,0
8.701704661398011,70.0117913066595,7.47206491358614,98.91680541083497,84.67245338281195,6.632519438765307,3,6.406755579873869,1,91.53262673362238,1
4.692641718725162,67.7763538501276,8.208846665501603,49.93534389477222,83.6886421892759,5.796425756852968,2,7.474719431471666,1,92.76722986298884,0
4.3872461417639,68.93129708465943,6.954110403653867,83.71193485031415,66.85862337638008,4.072854307657752,1,6.604485506535039,0,43.21870664023242,0
6.1513898800101865,93.34506133337838,7.336899215062389,89.88421753124902,86.20919732797478,3.7082238911319747,3,5.570287300215518,0,70.47671230137907,1
7.371179492596832,74.5280821111751,9.075136117833964,96.3692235240896,86.54720783966128,1.0,1,3.724136505982229,0,61.75240764285956,1
5.716702827979746,67.48643817760713,7.709794874837839,59.47373035444615,87.44303539817372,5.074013360534629,2,2.4138428110136854,0,66.09286300573685,0
8.332741091338505,75.69003799780187,7.3012364345117104,85.03380584398205,70.00807122203884,4.195519102541812,2,5.438032276307904,1,57.75773792392681,0
7.061951323928181,77.61394468285373,5.562880930537959,79.42270828407321,80.48953210337902,3.6039311826361864,1,4.192331816579298,0,55.87868676585287,0
1.6435773605371393,82.68413273694563,8.006539017083274,49.80667312708177,66.30928062538673,4.959837942241974,3,4.385605524653714,0,83.51759859298375,0
4.941066072985984,82.50951020712043,7.495224924087908,92.1245556838693,79.20813079352234,5.12473896040931,1,7.243580981438736,0,52.47907660649848,1
4.876315801296602,71.71819436126492,8.925609150552113,74.26390062824667,82.51161739568153,3.728885405265893,3,7.7378480276117205,0,71.40031850110033,0
6.958721906858845,86.85656392513711,7.070317814954967,84.42800010800252,81.68468550458816,8.226161566953573,4,2.529266767493392,0,49.7629436544226,1
0.7503658872517764,73.60806466249842,4.275600249799006,59.27191253941667,39.13113116937683,6.461205558224849,4,4.579138788169624,1,89.04108717902659,0
11.098019417435445,78.43723663294956,4.449818696757607,100.0,96.31647190773339,6.792557116746557,3,4.133589659406866,0,70.45050782075175,1
7.06205218978842,86.86774070503355,8.1035211456396,51.96133384268381,71.40303222211541,4.793394432721182,1,5.629817284005344,1,81.1793827701964,0
6.297753607835382,73.58178596055659,6.14470960345277,75.02519266768329,85.85712726909748,6.022471464522285,3,1.0,1,72.92658671800044,1
8.363135432838293,74.30648576418862,7.655151626665746,77.68779138627869,95.31092310123827,3.2085907988028737,3,2.078324029914439,1,66.20133764137734,1
10.687308105625249,85.9166804969313,7.171348966753534,100.0,100.0,6.332517080500613,3,4.765010133923188,0,71.02556351372557,1
7.741493289176806,71.4226682339498,6.7497404984591185,85.81854230254356,91.53086628357764,4.5911947853725215,4,6.572230408610631,1,92.61000129279654,1
7.89762619294324,76.15207976395929,6.855458071617665,89.6420066097289,88.81027474818005,2.956032929971349,2,5.150581474907148,0,56.53860008651789,1
6.261380048928765,85.55742178042892,5.70191574243216,60.521702755738595,87.19045730756743,4.95446665756154,4,6.343014146115404,0,31.759765863224644,0
5.716948493266104,100.0,6.976333466650494,75.48622021942555,83.82855850867833,4.415891939500221,3,5.394616755373973,0,58.19702928232685,1
5.048409111990198,86.05404504762747,6.123259850808402,86.39334807827913,59.63171366709277,9.646138654441835,1,7.552579147488229,1,51.86368804492911,0
4.347776016570916,84.72639762990012,6.4416152198114425,85.83337491387626,68.8231159741234,5.870788496959824,2,7.97177509766436,0,84.52021696748392,1
4.625971800601006,85.3080158367273,6.514526432936258,80.31849319841203,51.06716330166522,8.159434934896444,3,3.479074225669013,0,67.36406056262976,0
3.2988880713140336,69.26809725932951,6.659960095151921,53.13978742208898,61.123535808790166,7.262574212717453,2,6.767290679575103,1,82.41176626074149,0
5.848257098629953,81.15596738679908,8.38326018476063,91.835303523071,81.13258538879558,5.075561199594999,1,6.016239096934109,1,70.47837373204503,1
2.6306648455472263,79.70233511663598,6.80531375619296,70.39334677773628,42.64679562535175,4.11256159413991,2,10.0,0,70.13014062738354,0
6.3818330482874215,83.21584540372756,8.535553504885147,80.73727490079173,74.1263709351162,1.519546837599354,2,3.404329961971766,1,72.45917429990038,1
5.927338783915316,81.16508052475871,9.306782426989722,59.38633077447914,75.65929647568993,3.2581128986705203,3,4.766528937936363,1,92.2003642869953,0
6.293870596773376,83.79699677417112,8.282416976584225,91.00530249049206,80.10237274437415,6.325506915508429,1,2.935452733368265,1,72.79791361640922,1
4.955736859960015,76.88532805100799,7.801702802602767,68.8570209999663,66.94838412751173,4.395739229758594,1,3.054127535795998,0,86.63754774670147,0
12.0,80.58608917371792,7.490248314225281,100.0,100.0,5.751640651476883,4,5.771128043290202,1,85.67745802625767,1
8.720231800360626,67.72171433943008,8.298038063575104,94.28509760816975,91.78131878297117,1.0,2,5.411086841078221,0,67.55062627876266,1
3.5109149998305544,76.80092721997086,7.134041107894359,82.93852484353556,44.54305432957355,5.907029698194747,3,6.082902187816357,0,68.89098224796906,0
6.465736174853797,93.90833548176643,8.476854768935798,81.07501101429389,76.46800268230135,7.192963114398571,2,6.039507454898131,0,64.33296001250083,1
4.783987714125352,83.18808339628256,7.921158707934526,73.76880266976728,64.29019014778282,1.4484834203874932,2,4.528722494351178,0,89.24765838667665,1
3.971040546585172,79.79078962616923,6.4602393088294185,85.64135663771216,62.48358654511682,5.743127812713599,2,4.514921862603674,0,55.884069752230005,0
3.31985585775213,98.96123276254346,8.343776320154209,60.01705685125877,54.32591537175595,7.687069307216921,3,3.05840253505617,1,59.15512407833539,0
6.8644333815185075,66.3916502169892,7.137220008966353,92.46539542167031,66.10979190754904,8.360173298678932,2,3.5976913914308106,0,65.85633947237682,0
4.637239529860852,68.9054444455378,6.840801988581526,71.20004042051963,64.16000397327,3.9930018582840807,3,4.886396446884118,0,52.777715047729714,0
7.935652048050408,97.12711411276273,6.285701259401519,79.65284062020275,96.92211353867563,6.5598606892230675,1,5.394059283684161,0,61.130578244364415,1
7.987564429060878,80.45960936048934,7.249028271811858,89.94943201251311,100.0,7.85957964001083,2,6.421575783177178,1,87.04099288371032,1
8.747828770422899,77.57416963710206,8.494693923119476,100.0,100.0,5.802762781560757,4,6.2177213195843475,0,79.77108472260156,1
4.295226467851792,68.00795674904357,8.333410008389556,85.01323073902407,82.68786289108739,7.570155177993621,1,8.114153531131466,1,63.68889707722047,0
6.950731221384021,84.47696266395012,7.530090696188435,99.50059596037693,69.73500806162308,4.928276693323399,4,3.054623815004862,1,82.04243367878789,1
7.264908433284601,85.44459869527462,7.899465461087553,83.37690142416768,79.50507458698101,5.788628287541594,2,4.534829178711861,1,100.0,1
5.05164364979207,69.05505639165104,8.907545187283837,65.38572592863821,70.08200555037465,3.756781547075595,1,3.229390887604457,0,74.69667839292958,0
4.45645608521425,78.59724414449572,6.775050563243709,69.09489143029646,65.8831381689485,4.670799684652482,3,7.55457413872414,0,91.305391891499,0
9.219041331551946,76.64484167966934,5.3268699947046905,84.27989912445818,96.00958128827394,5.867432339752727,2,3.9950522236071535,0,82.77383225195555,1
6.4549917514641075,82.5597714641877,8.951694778267859,80.10109676315548,100.0,3.6067613499084645,2,7.310054904889272,1,65.58344547271525,1
7.271935501423476,68.80749757779355,6.205332621953922,82.9430246709198,72.81109755061688,4.552827253718492,3,7.9055722674521185,0,72.95946954571178,0
4.355847976344145,92.51947454513157,5.964492814984143,79.05414192328838,58.999776495921886,6.521747361893607,4,5.826873926921564,0,77.89423700461646,1
3.5614310669556124,89.15823781597604,4.3057033669981735,45.747803535634276,77.8068457026246,9.105115066352202,1,5.58611765545006,1,58.8254538449183,0
4.861100451015779,76.36824441267184,7.856924579746445,66.96942279421249,63.00678927524615,1.0,1,5.0772902909691595,0,30.861270169837013,0
5.751957225220006,77.83581288361628,4.567821063171667,71.50460308168087,78.44754985467719,8.953153334647233,3,4.365787927667155,1,57.48886655681441,0
3.8715599863653023,78.63577849722384,5.874611788462395,81.22907245590676,73.5759336168739,4.480256471154465,1,4.125230472343869,0,37.62788577321895,0
5.980310382699234,72.21691446993496,7.882355191772588,68.76310813948601,80.74685246351571,6.92979973805477,3,4.705166552571384,0,58.728198600381155,0
2.622989623863,75.56570581764964,8.082881878612557,65.38152171580494,57.655594074202924,7.32218539998348,4,8.648756780958198,1,44.38833180628822,0
3.7599051550602556,77.2972963232539,6.02244377767265,67.51824163110346,71.94553862730137,8.128993547881095,4,2.9162895700676392,1,83.20163056112553,0
7.34182249655375,96.12868370707127,6.798770009511392,97.13953775113256,75.12024941427279,3.544076270540418,1,5.409218447551981,0,52.26103748899429,1
7.207581040555788,89.46618308330437,5.69110821039077,91.99622384788441,78.28185494837473,4.549457383764404,3,6.4226119283748,0,78.16162133429829,1
5.216246469226268,89.34654707336624,6.177404818283226,77.29366966433514,76.65385470000925,4.892807802094193,3,4.431248317315288,0,81.4990309476021,1
3.964471381846094,83.6992561300439,7.39932289022936,64.2756881633498,43.092435698934054,4.285132315005311,3,5.832164742483157,1,80.52263160535277,0
3.945192896947978,68.82672991068765,6.247529981805314,51.20253945364113,77.8369956151348,7.637521949678279,3,1.99079637463312,0,41.97495723903144,0
5.253463508117372,79.58508895422621,6.633677439736497,78.73817409746091,74.55470480068205,4.846344597977068,1,7.650086292630359,0,86.8396659310329,1
7.289036983290583,89.7048845961338,4.80293997757365,91.75008290175165,85.26453942755501,1.762904670383262,2,7.262297422882181,1,76.30507549077208,1
7.856491382688649,67.41735370632712,8.699434247209206,73.5337807886967,70.83381951972132,3.7339723553724724,1,4.803148201252702,0,82.06398611803651,0
5.006936529036062,86.36553206873265,7.765099889756598,62.69774100189481,57.17552792021899,1.8431999466062399,3,3.240328269389863,0,97.44814403805526,0
3.6930151480304323,100.0,8.189358057755802,70.98837547386893,58.172254245173974,4.543322426613319,2,6.5857962951738145,0,81.914982056601,1
6.535687275732666,90.61816645989731,8.935637986925293,86.06985324074203,87.28842215735199,6.3450993491358725,2,2.7037610673958743,1,52.260210535758304,1
4.352930058748301,94.14029135561988,5.762180686681425,61.85817719282091,45.351420230503955,3.6910466553926224,1,2.9907518681807974,0,79.79925161273233,0
4.963494722277595,82.1833875044216,6.462408275457965,69.07682647570759,77.66461634143913,4.193934070730846,3,4.892781017862633,1,47.44574659331548,0
8.650552180874076,89.6793194876499,4.157748448626684,74.88787251866611,88.30299984416078,4.450469415323611,3,8.036083133976032,0,69.05551571743447,1
7.654230857131536,72.82146785645965,10.0,100.0,83.69115041537269,5.28148498767049,3,6.281163711870637,1,62.45156800329757,1
6.315948624502903,87.95863812341227,6.775622027023935,68.58099904883,80.43162116392548,6.032165557271049,3,3.7060096600214294,1,70.15225810542277,1
3.4561619977745544,86.54388134060763,8.558091849872369,72.70340390135829,63.43014436511144,6.614510855870737,3,1.6358041169689947,1,47.35686742317991,0
6.422793134941318,82.89911174037663,5.142758283496812,81.76435871317278,71.41247291028193,9.511033965873043,2,5.083040827263628,1,49.08431385447662,0
8.125314581575052,93.16007419718498,8.494582638464514,100.0,95.00098837413873,5.246991862000145,1,5.502843571803195,1,63.25971377471323,1
5.248732668468929,74.61215162152611,9.786386314974498,68.32112241459708,48.29841461184918,6.471586107959429,1,4.854439836822393,1,66.66215338923037,0
8.70222817997343,78.12942483526338,6.909578876458028,94.12366800327102,87.70918021416404,1.8248865046434504,4,8.612783360463352,0,63.61307381677922,1
8.585490579036414,80.95462041358297,5.483677755115598,75.94318380280856,93.04976110598753,4.2416340288689325,1,4.736146220783109,1,91.75678747028817,1
9.327465664286947,69.703890289106,6.791805398581696,77.2520599520372,92.51530083357693,4.459166213075854,2,1.0,0,76.35463186686441,1
6.610486253062706,82.26931943800248,3.6598577125641603,89.01576710396827,61.393814478716415,2.965370222025792,4,4.185720883647223,0,75.94287189639073,1
7.174783399612025,62.81069587046153,6.943169948467237,68.0236586073631,90.62897418527686,3.9280145372649278,2,5.909289157094858,1,64.2653148795698,0
8.82837457666218,90.4695453442821,8.231450708969493,91.85969753896559,80.48636933870256,4.7850305646887445,1,5.773794617503945,0,49.12252240479248,1
6.894787874137951,80.46637366565966,6.946363533439729,94.58689385041896,80.69358716954481,3.9906732516703842,2,4.646643427529939,0,69.9381882273854,1
4.997531784419575,74.79107096096237,6.5737906679665485,82.45450748304467,71.51553667719368,10.0,2,4.315563627854356,0,97.10904949224918,1
5.102914326944277,71.65626387704879,7.79135217416805,68.86871675523545,70.81575749931935,6.02455068315546,1,1.000754230403531,1,73.36569441826231,0
6.4771099075474785,77.65420970380812,7.906037270424329,66.50051817365566,90.55276870392302,9.002045477718672,2,5.171541512443068,0,86.6978864085284,1
3.4188771561075626,86.88259710772414,4.510141656242226,72.18933439709309,59.980637336708504,7.98530235766801,4,4.322754447842075,0,88.59086330574286,0
5.7134821692716145,85.4773897873756,7.133234443418183,91.98997867495987,78.55544706259909,3.7215077330992283,4,5.498499764086919,0,78.39311888422019,1
8.193094236460507,72.94462052721539,10.0,84.3430903956463,88.59952508725063,5.075120934839623,3,5.982578548040581,1,73.30410957601053,1
1.617492297669438,71.53960327372366,4.997475631527964,50.05433290427602,55.83451462767937,4.130350757850846,4,7.482136744089281,1,55.18402778935492,0
9.06896420358903,86.56898706319647,6.8718717507504,90.09580138925517,100.0,4.676354481427336,4,3.088869797372264,0,66.8732928768284,1
8.244748437406319,72.7765259538497,9.912619183077554,96.93982929510275,90.84390891915984,3.0471326616225385,1,2.41203569096857,0,64.58657145718605,1
5.0804707683390475,80.59909774079503,8.656262734815513,87.68752990584437,78.30132818586428,4.116929341659555,4,3.852066537751199,1,74.9499333616922,1
7.08678165574362,81.23754642524277,6.229904978835908,73.03784016491288,97.07397928328369,5.719037763066478,1,3.5288135098873856,0,48.78900088802222,1
6.006295453812653,83.12062131726738,7.309203069433906,65.04865917581674,89.60961519261863,5.6662441138844075,4,3.3491808505674445,0,61.940639565223194,0
8.459980736877366,88.58270430181872,6.996832480022765,100.0,86.90699038515208,5.506807330432533,1,7.889812881736505,1,76.06023835174611,1
7.965366285539883,67.37037063132678,5.877892293517499,88.05360354879903,98.15652127069097,4.880650350232882,1,5.296831743076589,0,59.46827770600994,1
3.1998585536339816,60.88840674739512,6.888621838760376,68.528220725073,61.686862922275814,6.721484850473881,2,8.944786925256164,0,56.26585369324449,0
7.174524826928353,74.32552718771649,6.5800508007902065,78.95331572846538,94.21944893890925,4.485913947842924,4,4.993859153950474,0,58.12877416779218,1
5.588744292713505,98.01528407832186,7.169123407115125,82.84334455809469,79.21881159191052,7.783104679523232,1,2.6562471018680776,1,65.91385931351482,1
6.1656651410362,100.0,5.87742522896345,90.42893445219622,79.75067160657909,1.3048048859648755,4,3.383650831604461,1,34.2896261835141,1
4.5436561980603685,98.31177135565888,5.085072699633008,75.71624270603114,71.60165799182576,6.313622047951512,3,7.048910694087915,1,58.807614810081965,1
9.49627413824167,78.0701863223931,6.9380788399114435,100.0,99.53002438983933,5.976742224494714,2,2.7322965260789527,1,84.29129817515371,1
8.080123639805151,62.178849180151715,9.57267732726817,87.13317229961484,91.42407229019601,3.6508668854969,2,6.115753288527757,0,74.85817870609807,1
4.520457672054065,56.569608983481594,7.123304389394194,69.97346362991657,65.5344224265053,4.289537946289446,1,4.286494941694679,1,76.3005786734503,0
3.330778786179535,73.8596183845059,6.502609331602682,68.96795744367182,57.467429311002036,5.929581878218073,4,3.1403488546704783,1,42.584632511292014,0
5.228654738044304,78.01926369850639,8.131128707557748,80.79289014528248,89.00367772199252,6.831870494297499,2,7.773039464296448,1,63.78701532916187,1
6.869005292182612,93.00625401055959,6.762520581106932,86.62449908153916,85.98931086420751,1.5010736633377872,2,3.82286792735996,0,68.26181421158095,1
6.480411687892446,88.67805459542446,9.802049387438664,69.55790816991131,73.14942090504069,6.256492135308511,2,3.3448579507992653,0,76.96542414719411,1
8.506265649536488,82.2740507899162,6.994131236057382,95.65647990963805,88.2634195829225,4.084697628884887,1,4.842213840894353,1,86.66283276843225,1
7.5798394443617045,71.10155229058859,8.050745594737245,84.15746137377414,96.04162120064974,7.250579548597106,3,3.98352461431627,0,84.32088873700317,1
7.939138051505814,70.3922044175511,5.868093426410091,83.88592011678261,80.27296120814869,1.3214495723676456,1,9.429971801199738,1,61.21937549540608,0
6.653710801220875,82.54127687071436,7.754633880004993,83.5933745536368,65.10198798921513,9.890597930242414,3,7.120714586751159,0,61.562766931629355,0
3.2214025395780195,86.97050978839727,7.412640215415632,56.491785824597955,45.243923831447674,3.227720133971805,2,3.818615155089674,1,91.18023983591999,0
5.6086029377061974,83.91881262245585,6.915240813011188,66.68910144979867,56.3618616241893,7.859922373579355,3,4.049325777483137,0,64.59894126569584,0
8.120179479817331,69.65402040393346,6.247363358245419,64.44620779904815,75.7329282962594,4.861630760534333,1,1.0,1,53.76107948369421,0
5.896954142950708,86.50667628792087,6.042954751521439,96.95714399985245,63.573065459696146,3.362666525599739,1,5.274807302182889,0,66.89302212995435,1
7.006180737247494,84.25910967101412,7.423528995969479,90.58821687726748,95.88945821956635,5.530228010762823,4,3.5058813141223855,0,90.24039683928729,1
5.362503369507734,69.29333593809821,7.943408664544711,75.64487563447562,71.71322809045373,7.0582508899127365,4,5.1760227643198675,1,56.426932347398456,0
3.94037630291631,72.15679029699744,6.809255805558803,63.02964914571507,60.00962242613069,1.8945903985104753,1,1.0674518101915393,1,63.566802103394586,0
5.753311871907779,86.88495974561566,7.430901893681188,50.00623653907473,60.08574060126094,6.4031776985740185,4,4.946487328022116,0,57.04733651286126,0
6.6180948860653075,77.65492464854108,6.943127982800846,75.80518566811169,78.27730534167844,4.97564300268582,2,8.39734261246699,0,84.34591493088504,1
4.688624561077113,95.89147301636457,7.1477890373580815,80.60178617702633,50.75846674082075,6.154088165132668,3,5.108282322464654,1,74.317810951745,1
5.528577510286663,85.01129276064576,6.699332525984162,87.06463058737201,69.47729334885634,5.02195071467796,1,3.4506356258989177,1,83.88820366540723,1
4.1210735160280345,75.1336881181073,7.0269588690524625,77.0282875161732,85.37138499460497,3.856262322490692,1,4.959066550180349,0,93.47528322332988,1
8.238489835128192,79.89794399609067,10.0,92.77636873316564,96.0689747978328,2.773753497256242,4,4.871502527627827,0,47.31847331534091,1
5.411088484823932,80.63383392637718,7.467451448211137,90.09418388343344,70.36854930539829,6.34529022409405,1,9.383666281512582,1,58.612729414607024,0
8.905511090252366,72.7160968675829,7.967945437646565,91.24218323037643,100.0,6.33454398439767,4,4.334316141558627,1,63.49717124810672,1
9.057495701081816,70.87411801822374,7.657035407992145,100.0,89.12954242521522,6.324544495381616,2,2.593413393554286,0,71.0325753943592,1
5.837908070556512,87.013898938095,6.605774765054411,75.34371591558043,67.0206709945472,5.855192638881146,1,5.0429163484548765,0,77.58846411698589,1
3.9831025349053006,88.45273297042095,8.940983819937502,61.10409958574888,80.93991150476023,6.8893977436789395,2,5.391066475678598,0,62.62819558673995,0
1.8282042445333255,86.03781469552959,6.563254344360488,49.08389141844141,39.54647892799722,7.812138559539283,2,6.124591932708312,1,59.62087707067746,0
3.055925853946417,95.15318094323801,8.582581823413827,54.634665058002554,54.794342766905,1.2471643051869639,1,6.511523700462773,0,84.34989148332728,0
3.25233035020268,74.58226763988398,6.498689502900326,72.85233203903826,62.57431492485118,1.0,4,8.911052171019591,1,78.19146280487436,0
8.75693925492301,96.7427076607113,5.560041221283939,86.35724056364427,83.17929347196358,8.43589471975929,4,3.808672596654923,0,74.73822672023854,1
6.231649174453892,70.99078881445847,7.548094312354289,70.82795742192002,83.89594458303745,2.317906970829622,2,3.6269005116436306,0,37.813615548282144,0
6.779209048183976,69.87314436631507,5.34299746584684,91.03339743753347,77.60930904268133,2.8275134264207606,4,1.291727045690704,1,88.10014747703583,1
1.559157982129748,62.4004111785075,7.803460337524914,61.07549381537107,55.99405116844706,4.424771376250152,4,6.323307533431446,1,72.75953711478982,0
3.604067141565477,75.54204686173183,5.208762015863025,77.64625553628541,67.48424464689805,1.6920568425737952,2,3.225371269121712,1,67.570312240658,0
7.7741595528925735,74.96277663170547,6.52148795429072,93.99679287719084,84.21483601109713,4.236826605384725,1,6.783528559829239,0,57.7100103748725,1
6.573548224765172,85.25937280254651,4.852405455212888,75.33662532185275,96.54787607450089,3.10378931175467,1,4.016730172828309,0,60.506284209164754,1
5.705589442628805,82.43890941620451,10.0,79.2889713778299,67.58017862143842,4.533318260605985,3,8.451915943520735,1,56.636288656630796,0
7.129684717200245,68.07026628980863,4.519060660575528,86.899753493698,96.26681300868884,5.559682609814203,1,2.132986222039863,0,40.036376877117355,1
9.27159561227163,76.07273761574183,7.0147206105946065,87.16639147661813,100.0,4.31292354914087,4,7.045851006705389,1,57.73717298633718,1
5.557915072925899,76.28537978912314,8.71495641149502,66.74332562368957,91.0563125141598,4.211905429205706,3,6.807685125625573,0,46.01443154375234,0
6.138739605316139,62.240177530381075,8.554578862880538,73.88648193540365,78.57299802532704,5.515991593583292,3,6.053152876928438,0,69.09299048176489,0
6.3851938374626105,70.1905327298663,8.277013183259706,100.0,70.42530590549578,7.088583595899896,3,2.7654726020249205,1,52.73858699437123,1
10.784219270547986,72.29186369385911,6.524157417667786,99.79365541052445,100.0,8.205928693843331,1,6.0623016406171075,1,80.94901133667396,1
1.8012874711619489,94.33625019820946,9.026633419505503,71.33510526967689,47.460710147208054,4.562923491995569,3,5.2537494815934105,1,45.03518962222112,0
7.366446029577616,81.91450715957353,8.370086636203274,82.1456250530901,76.06325045041034,8.649778303846475,3,1.3394875791746692,0,87.9211742379691,1
5.770395502481873,86.62168753947499,7.318449426490715,87.74036570780927,72.72450555584311,6.753413669522493,3,8.116545979469326,0,82.54922344914263,1
7.133543452368359,65.01364502850788,7.360871136589888,94.69263381742027,72.98435355263939,2.5359830920536472,1,4.308777168166017,0,54.006464205744834,0
4.685254892010551,91.94214483013992,6.5441160285769415,82.95217953957321,73.37301760329677,2.47758348877265,1,7.962435392048771,0,68.58599278370345,1
5.902069938283099,93.01102063024092,5.635521961250443,83.38862311150508,69.35573581211347,3.8454242987946605,1,4.864677099796033,1,57.18433242707307,1
7.42282115893099,60.01655032855374,8.855726463218074,100.0,81.66208525453722,7.889207966719452,1,6.964652126597477,1,78.6789901826152,1
12.0,72.94683276084152,8.968311990402299,100.0,100.0,3.997265368868927,2,3.2809497765194364,0,96.99785234730264,1
7.616072378804143,84.9576557301551,5.673836288455118,100.0,91.93336637458677,1.2152863509874536,1,5.428869908656967,1,87.7159601666023,1
4.3038688039389825,86.44388453538183,6.769322252280713,55.32014598781058,65.97905854933049,4.542231582224579,4,5.287883986255355,0,59.68407817078944,0
